{"nfp": 2, "stellsym": true, "order": 3, "n_segments": 45, "dofs_curves": [[[11.622700935298976, 0.021162524110782358, 4.969310302793117, 0.21619524408779187, 1.0480524616370408, 0.28649150353772795, -0.28257357882380735], [2.650045608829704, 1.3195115302904592, 2.0655255644324324, -0.9222231514058897, -0.6185897653334609, -0.029257891517016514, -0.4689941563806397], [0.5736288312625168, -6.124609285728119, -0.25270656488797033, -0.7494953058315302, -0.5577484125670837, 0.41280301860103114, 0.49815152814320796]], [[8.270668252860887, 0.3665817338447269, 3.1105370020049437, -1.1258699831006203, 1.3263614203440663, 0.2102848349841804, -0.49142766630482954], [7.030418225942375, 0.6256285318976378, 4.821568953388758, -0.3255223631956292, -0.5563748261863908, 0.5699454535195534, 0.4766999014677532], [1.1730264767378422, -5.641665411926324, -0.3776722058863022, -0.22889203846752135, -0.37533249101718297, -0.13615989719970903, 0.2925684224469988]], [[2.870219295136962, 1.011171856312114, 1.0052842269429074, -1.616205601094772, 0.4568093873850295, 0.8322530493441007, -0.47523615678931685], [9.19851171039639, 0.15301426329616008, 6.079831607393782, -0.1245216794618166, -0.5264330665117136, 0.028667523169553216, 0.4360349874253642], [0.5149651564138196, -5.068527850344334, -0.2765171026569377, -0.4083657568321486, -0.061669206943173696, -0.01678957665952365, 0.08107054639495188]]], "dofs_currents": [0.9714976808550443, 1.0086510674635079, 1.019851251681448]}