radius_m,flux_radius_m,phi_rad,theory_delta_R_per_alpha_m,fit_delta_R_per_alpha_m,theory_delta_Z_per_alpha_m,fit_delta_Z_per_alpha_m
0.011906558436971536,0.011906558436971536,0.0,0.0013368829432966521,-6.611026016556885e-05,-1.5434760018915462e-17,0.0
0.011906558436971536,0.011906558436971536,0.01227184630308513,0.0013370860650996437,-6.608422119114304e-05,8.764462967708201e-06,9.410959269040535e-07
0.011906558436971536,0.011906558436971536,0.02454369260617026,0.0013372891869026353,-6.60061707466711e-05,1.752892593543184e-05,1.8784474082964102e-06
0.011906558436971536,0.011906558436971536,0.03681553890925539,0.001337681722342468,-6.587630962114582e-05,2.629346618075024e-05,2.808285791778725e-06
0.011906558436971536,0.011906558436971536,0.04908738521234052,0.001338291881960799,-6.569497674756614e-05,3.505809521309241e-05,3.72679655002291e-06
0.011906558436971536,0.011906558436971536,0.06135923151542565,0.00133890204157913,-6.546265528835884e-05,4.382272424543458e-05,4.6301025239556606e-06
0.011906558436971536,0.011906558436971536,0.07363107781851078,0.0013398932313612728,-6.517998042629036e-05,5.258737115041023e-05,5.514254122912344e-06
0.011906558436971536,0.011906558436971536,0.0859029241215959,0.0013409127957300824,-6.484774825398091e-05,6.135201938632666e-05,6.375228071498526e-06
0.011906558436971536,0.011906558436971536,0.09817477042468103,0.001342096042172745,-6.446692491655505e-05,7.011636965359014e-05,7.2089357208156145e-06
0.011906558436971536,0.011906558436971536,0.11044661672776616,0.001343528903778033,-6.403865539442287e-05,7.888026551865786e-05,8.011241311566695e-06
0.011906558436971536,0.011906558436971536,0.1227184630308513,0.001344961765383321,-6.356427081912098e-05,8.764416138372559e-05,8.777989908826408e-06
0.011906558436971536,0.011906558436971536,0.1349903093339364,0.0013467552345240942,-6.304529367606992e-05,9.640593987701475e-05,9.505044079416606e-06
0.011906558436971536,0.011906558436971536,0.14726215563702155,0.0013486067324636809,-6.248344034785543e-05,0.00010516737764381085,1.0188327792947748e-05
0.011906558436971536,0.011906558436971536,0.1595340019401067,0.0013505971933674107,-6.188062031308258e-05,0.00011392704983991252,1.0823875525578118e-05
0.011906558436971536,0.011906558436971536,0.1718058482431918,0.0013528740021972535,-6.123893150633092e-05,0.00012268308389034078,1.1407884182760427e-05
0.011906558436971536,0.011906558436971536,0.18407769454627693,0.0013551508110270962,-6.056065210046032e-05,0.00013143911794076904,1.1936765238842412e-05
0.011906558436971536,0.011906558436971536,0.19634954084936207,0.001357770730310385,-5.984822826622143e-05,0.00014018731857074848,1.2407194443819278e-05
0.011906558436971536,0.011906558436971536,0.2086213871524472,0.0013604807160877033,-5.910425850685578e-05,0.00014893346292786013,1.2816156577548847e-05
0.011906558436971536,0.011906558436971536,0.22089323345553233,0.001363304498732509,-5.833147490460048e-05,0.00015767543457353365,1.3160983009747555e-05
0.011906558436971536,0.011906558436971536,0.23316507975861744,0.0013664565415719906,-5.753272178099367e-05,0.00016640536955159736,1.3439380275685988e-05
0.011906558436971536,0.011906558436971536,0.2454369260617026,0.0013696085844114721,-5.671093254543311e-05,0.00017513530452966107,1.3649448419594838e-05
0.011906558436971536,0.011906558436971536,0.25770877236478773,0.0013730871320968181,-5.586910549360053e-05,0.00018384742547569897,1.3789688513965205e-05
0.011906558436971536,0.011906558436971536,0.2699806186678728,0.001376690914517564,-5.501027938978165e-05,0.00019255271364232971,1.3858999435109639e-05
0.011906558436971536,0.011906558436971536,0.28225246497095796,0.0013803816036817864,-5.413750938536008e-05,0.00020125132845987258,1.3856664665908913e-05
0.011906558436971536,0.011906558436971536,0.2945243112740431,0.0013844473640546972,-5.32538440869232e-05,0.00020992114250766765,1.3782330537038168e-05
0.011906558436971536,0.011906558436971536,0.30679615757712825,0.0013885131244276078,-5.236230418013949e-05,0.00021859095655546275,1.363597787237806e-05
0.011906558436971536,0.011906558436971536,0.3190680038802134,0.0013928876407402937,-5.146586307139498e-05,0.0002272287844758987,1.3417889421425389e-05
0.011906558436971536,0.011906558436971536,0.3313398501832985,0.0013974258912634663,-5.056742956312228e-05,0.00023584965005606846,1.3128615748392573e-05
0.011906558436971536,0.011906558436971536,0.3436116964863836,0.001402021522973881,-4.966983253751292e-05,0.00024446275620896543,1.276894234522335e-05
0.011906558436971536,0.011906558436971536,0.35588354278946877,0.0014070427318230072,-4.877580755618769e-05,0.0002530183132762559,1.2339860646402568e-05
0.011906558436971536,0.011906558436971536,0.36815538909255385,0.0014120639406721334,-4.7887984845298226e-05,0.0002615738703435463,1.18425453712401e-05
0.011906558436971536,0.011906558436971536,0.380427235395639,0.0014173731564375413,-4.700887814519905e-05,0.0002700799081131795,1.1278340185855874e-05
0.011906558436971536,0.011906558436971536,0.39269908169872414,0.0014228873940755568,-4.614087392502157e-05,0.0002785506948573619,1.0648753104811506e-05
0.011906558436971536,0.011906558436971536,0.4049709280018093,0.0014284264986672264,-4.5286220124241514e-05,0.0002870161586923409,9.955462380028e-06
0.011906558436971536,0.011906558436971536,0.4172427743048944,0.0014344430487690596,-4.4447013989458826e-05,0.00029537942267061744,9.20033287390009e-06
0.011906558436971536,0.011906558436971536,0.4295146206079795,0.0014404595988708926,-4.362518820482288e-05,0.00030374268664889385,8.385442158040786e-06
0.011906558436971536,0.011906558436971536,0.44178646691106466,0.001446738921946593,-4.2822495160230734e-05,0.000312037103470701,7.51311482983829e-06
0.011906558436971536,0.011906558436971536,0.4540583132141498,0.0014532658580168987,-4.204048877010462e-05,0.00032026664508737353,6.585962893480646e-06
0.011906558436971536,0.011906558436971536,0.4663301595172349,0.0014597927940872043,-4.12805040022309e-05,0.00032849618670404606,5.606929493338115e-06
0.011906558436971536,0.011906558436971536,0.47860200582032003,0.001466826290102323,-4.054363413924635e-05,0.0003365654780629564,4.57933291156569e-06
0.011906558436971536,0.011906558436971536,0.4908738521234052,0.0014738700196516802,-3.983070625635929e-05,0.00034463153204292206,3.506907521038107e-06
0.011906558436971536,0.011906558436971536,0.5031456984264903,0.0014811458999959694,-3.914225529006027e-05,0.0003526098614017532,2.3938383818210155e-06
0.011906558436971536,0.011906558436971536,0.5154175447295755,0.0014887106791072848,-3.847849771647262e-05,0.00036047902234317264,1.2447863711128465e-06
0.011906558436971536,0.011906558436971536,0.5276893910326605,0.0014962754582186003,-3.783930565395911e-05,0.00036834818328459194,6.490109838036661e-08
0.011906558436971536,0.011906558436971536,0.5399612373357456,0.0015043163083276415,-3.722418226920189e-05,0.0003760042298627774,-1.140180557485812e-06
0.011906558436971536,0.011906558436971536,0.5522330836388308,0.0015124037305995037,-3.663223990180898e-05,0.0003836394282967335,-2.3643517650183277e-06
0.011906558436971536,0.011906558436971536,0.5645049299419159,0.0015206871888256946,-3.6062181520502495e-05,0.00039117128823538955,-3.601069569224352e-06
0.011906558436971536,0.011906558436971536,0.5767767762450011,0.0015292956540287998,-3.5512286852178277e-05,0.00039853182382657476,-4.843405041959194e-06
0.011906558436971536,0.011906558436971536,0.5890486225480862,0.0015379041192319048,-3.4980403754186484e-05,0.00040589235941775986,-6.084108681548601e-06
0.011906558436971536,0.011906558436971536,0.6013204688511713,0.0015469465928554457,-3.44639454925634e-05,0.0004129845163090382,-7.315689193178117e-06
0.011906558436971536,0.011906558436971536,0.6135923151542565,0.001556070762181657,-3.395989442937783e-05,0.0004200261548568048,-8.530503033083505e-06
0.011906558436971536,0.011906558436971536,0.6258641614573416,0.0015653502621296087,-3.3464812176506485e-05,0.00042695530396463137,-9.72085153466785e-06
0.011906558436971536,0.011906558436971536,0.6381360077604268,0.001574980508642781,-3.297485605482304e-05,0.0004336304446596905,-1.0879082047061575e-05
0.011906558436971536,0.011906558436971536,0.6504078540635119,0.0015846107551559531,-3.2485801593181296e-05,0.00044030558535474953,-1.1997689269955597e-05
0.011906558436971536,0.011906558436971536,0.662679700366597,0.0015946206672737128,-3.199307055519932e-05,0.00044665851516486796,-1.3069413044934108e-05
0.011906558436971536,0.011906558436971536,0.6749515466696822,0.0016047425320697484,-3.1491763424131936e-05,0.0004529164340730168,-1.4087329044693296e-05
0.011906558436971536,0.011906558436971536,0.6872233929727672,0.001614976508190852,-3.0976695981638914e-05,0.0004590624930260226,-1.5044929268540622e-05
0.011906558436971536,0.011906558436971536,0.6994952392758523,0.0016255701748132164,-3.0442438605052743e-05,0.00046484966795627827,-1.59361898606388e-05
0.011906558436971536,0.011906558436971536,0.7117670855789375,0.0016361638414355809,-2.9883357675669225e-05,0.000470636842886534,-1.6755624500054833e-05
0.011906558436971536,0.011906558436971536,0.7240389318820226,0.001647071127832565,-2.9293658225830597e-05,0.00047605379555301316,-1.7498322512210034e-05
0.011906558436971536,0.011906558436971536,0.7363107781851077,0.0016581109296272757,-2.866742710466054e-05,0.0004813143162770516,-1.815997167674965e-05
0.011906558436971536,0.011906558436971536,0.7485826244881929,0.0016692204441267017,-2.7998676304163824e-05,0.0004864764634648109,-1.87368666500991e-05
0.011906558436971536,0.011906558436971536,0.760854470791278,0.0016806744214023673,-2.7281386165735103e-05,0.0004911525296497791,-1.9225904692231082e-05
0.011906558436971536,0.011906558436971536,0.7731263170943632,0.0016921283986780329,-2.6509548469089322e-05,0.0004958285958347475,-1.962457108758493e-05
0.011906558436971536,0.011906558436971536,0.7853981633974483,0.0017038203474308725,-2.5677209834060543e-05,0.0005000968622506176,-1.9930917201669643e-05
0.011906558436971536,0.011906558436971536,0.7976700097005334,0.0017156498734439533,-2.4778515649012214e-05,0.0005041293694249781,-2.0143534398727283e-05
0.011906558436971536,0.011906558436971536,0.8099418560036186,0.001727512069834592,-2.380775545929889e-05,0.0005080922433535113,-2.0261527207847905e-05
0.011906558436971536,0.011906558436971536,0.8222137023067037,0.0017396715666610036,-2.2759410388202818e-05,0.0005114214547450168,-2.0284488952718687e-05
0.011906558436971536,0.011906558436971536,0.8344855486097889,0.0017518310634874155,-2.162820341994789e-05,0.0005147506661365223,-2.0212482727179948e-05
0.011906558436971536,0.011906558436971536,0.8467573949128739,0.0017641470396212878,-2.0409153220164916e-05,0.0005176493231216436,-2.004603005836945e-05
0.011906558436971536,0.011906558436971536,0.859029241215959,0.0017765838067995154,-1.9097631972772366e-05,0.0005202156223193807,-1.9786108821738746e-05
0.011906558436971536,0.011906558436971536,0.8713010875190442,0.0017890270317937544,-1.7689427529245756e-05,0.0005227575180609845,-1.9434161157816547e-05
0.011906558436971536,0.011906558436971536,0.8835729338221293,0.0018016812121110313,-1.6180809619167888e-05,0.0005245022342355637,-1.8992111160148473e-05
0.011906558436971536,0.011906558436971536,0.8958447801252144,0.0018143353924283082,-1.4568599639254578e-05,0.0005262469504101429,-1.846239116746343e-05
0.011906558436971536,0.011906558436971536,0.9081166264282996,0.0018270640913023103,-1.2850242933219564e-05,0.0005275568041227532,-1.784797456965827e-05
0.011906558436971536,0.011906558436971536,0.9203884727313847,0.0018398687991041719,-1.1023882008252104e-05,0.0005284230981241552,-1.7152412224245405e-05
0.011906558436971536,0.011906558436971536,0.9326603190344698,0.0018526735069060334,-9.088428628252481e-06,0.0005292893921255571,-1.6379868939156618e-05
0.011906558436971536,0.011906558436971536,0.944932165337555,0.0018655520979449984,-7.043632316620124e-06,0.000529260118979809,-1.553515600869956e-05
0.011906558436971536,0.011906558436971536,0.9572040116406401,0.00187843373571539,-4.8901424386116145e-06,0.0005291939152300547,-1.4623755628837029e-05
0.011906558436971536,0.011906558436971536,0.9694758579437253,0.0018913141604242133,-2.629560745988165e-06,0.0005287092702885182,-1.3651833018530874e-05
0.011906558436971536,0.011906558436971536,0.9817477042468103,0.001904192948910455,-2.6448121522339e-07,0.0005276602162976011,-1.2626232469273363e-05
0.011906558436971536,0.011906558436971536,0.9940195505498954,0.001917071737396697,2.201485966062107e-06,0.0005266111623066841,-1.1554454089750125e-05
0.011906558436971536,0.011906558436971536,1.0062913968529805,0.0019298720718195189,4.763709074312396e-06,0.0005246456115492608,-1.0444608852415245e-05
0.011906558436971536,0.011906558436971536,1.0185632431560658,0.0019426628174123673,7.416550759356589e-06,0.0005225680445203755,-9.30535057851985e-06
0.011906558436971536,0.011906558436971536,1.030835089459151,0.0019553902509434743,1.0153406910348169e-05,0.0005201096138593934,-8.145784649559832e-06
0.011906558436971536,0.011906558436971536,1.043106935762236,0.001968003371029771,1.2966769671681914e-05,0.0005169635127515696,-6.975354464684732e-06
0.011906558436971536,0.011906558436971536,1.055378782065321,0.0019806164911160677,1.584831469073242e-05,0.0005138174116437457,-5.803707939663523e-06
0.011906558436971536,0.011906558436971536,1.0676506283684062,0.0019930074851390294,1.8789011891258563e-05,0.0005097657093349406,-4.640547513445609e-06
0.011906558436971536,0.011906558436971536,1.0799224746714913,0.002005350307244641,2.17792577867949e-05,0.0005055176115849589,-3.495468178156959e-06
0.011906558436971536,0.011906558436971536,1.0921943209745766,0.0020175884769440032,2.4809026488972625e-05,0.000500945622135998,-2.3777889489490115e-06
0.011906558436971536,0.011906558436971536,1.1044661672776617,0.002029566819979573,2.7868035398593953e-05,0.000495569487779227,-1.2963837649175935e-06
0.011906558436971536,0.011906558436971536,1.1167380135807468,0.0020415451630151427,3.0945920816771997e-05,0.000490193353422456,-2.5951817261761685e-07
0.011906558436971536,0.011906558436971536,1.1290098598838318,0.002053178640439465,3.403241779003055e-05,0.0004839549932919619,7.253018729664852e-07
0.011906558436971536,0.011906558436971536,1.141281706186917,0.0020646986752285088,3.711753812033399e-05,0.00047743300626221685,1.651463021749655e-06
0.011906558436971536,0.011906558436971536,1.1535535524900022,0.002076098981064479,4.0191740061204696e-05,0.0004706594992458609,2.513353977112139e-06
0.011906558436971536,0.011906558436971536,1.1658253987930873,0.0020870693511144105,4.3246083282792554e-05,0.0004629828068230393,3.306446855729372e-06
0.011906558436971536,0.011906558436971536,1.1780972450961724,0.0020980397211643417,4.627236289815263e-05,0.00045530611440021765,4.027347116605515e-06
0.011906558436971536,0.011906558436971536,1.1903690913992575,0.0021085754528115384,4.9263216976474364e-05,0.0004468411135626847,4.673810076692712e-06
0.011906558436971536,0.011906558436971536,1.2026409377023426,0.002118909613025583,5.221220269972755e-05,0.00043801052041687985,5.244723458881577e-06
0.011906558436971536,0.011906558436971536,1.214912784005428,0.0021291375165302866,5.5113837630744035e-05,0.00042901021121763167,5.740056961626817e-06
0.011906558436971536,0.011906558436971536,1.227184630308513,0.002138756214901433,5.796360371330941e-05,0.0004190368633119761,6.160781279784967e-06
0.011906558436971536,0.011906558436971536,1.239456476611598,0.0021483749132725797,6.075791315070961e-05,0.0004090635154063206,6.508760393408227e-06
0.011906558436971536,0.011906558436971536,1.2517283229146832,0.0021575117824313775,6.349403707017282e-05,0.00039840231169645246,6.786622085864181e-06
0.011906558436971536,0.011906558436971536,1.2640001692177683,0.0021663455654727295,6.61699991946847e-05,0.00038730842449683775,6.997612598987454e-06
0.011906558436971536,0.011906558436971536,1.2762720155208536,0.0021751126382454694,6.878443872084536e-05,0.00037612848471152915,7.14544195634837e-06
0.011906558436971536,0.011906558436971536,1.2885438618239387,0.00218310420414559,7.133644762102858e-05,0.0003639481836175322,7.234126775388732e-06
0.011906558436971536,0.011906558436971536,1.3008157081270237,0.0021910957700457113,7.382538933850026e-05,0.0003517678825235352,7.267837360373232e-06
0.011906558436971536,0.011906558436971536,1.3130875544301088,0.0021986051827124114,7.625070632606206e-05,0.0003390215930873988,7.250755461235486e-06
0.011906558436971536,0.011906558436971536,1.325359400733194,0.002205711339947523,7.86117250720955e-05,0.00032580193158329127,7.186948393978456e-06
0.011906558436971536,0.011906558436971536,1.337631247036279,0.00221280845526948,8.090746718723473e-05,0.00031257258542844726,7.0802642222937415e-06
0.011906558436971536,0.011906558436971536,1.3499030933393643,0.002219001379275942,8.313647529550659e-05,0.00029837477419996343,6.934251487737208e-06
0.011906558436971536,0.011906558436971536,1.3621749396424494,0.0022251943032824046,8.529666195223347e-05,0.0002841769629714798,6.75210562167878e-06
0.011906558436971536,0.011906558436971536,1.3744467859455345,0.0022309473928739682,8.738518898728408e-05,0.00026955077071796245,6.53664270756653e-06
0.011906558436971536,0.011906558436971536,1.3867186322486196,0.0022362148319657474,8.939838346125186e-05,0.0002544515744159704,6.2902998192774745e-06
0.011906558436971536,0.011906558436971536,1.3989904785517047,0.002241482271057527,9.133169502692494e-05,0.0002393523781139783,6.015159792965717e-06
0.011906558436971536,0.011906558436971536,1.41126232485479,0.0022458812234118423,9.31796975513996e-05,0.0002234934894381527,5.712997061133841e-06
0.011906558436971536,0.011906558436971536,1.423534171157875,0.002250225323972213,9.49361362304254e-05,0.00020758662019134845,5.385340181454629e-06
0.011906558436971536,0.011906558436971536,1.4358060174609601,0.0022542001989116654,9.6594019165117e-05,0.0001913972333416475,5.033545961723985e-06
0.011906558436971536,0.011906558436971536,1.4480778637640452,0.0022576347436741645,9.814575056870571e-05,0.00017479440609746358,4.658879656026491e-06
0.011906558436971536,0.011906558436971536,1.4603497100671303,0.0022610692884366635,9.958330081443395e-05,0.0001581915788532797,4.2625956172307e-06
0.011906558436971536,0.011906558436971536,1.4726215563702154,0.002263729755565705,0.00010089840676085016,0.00014109559512337462,3.846013016247351e-06
0.011906558436971536,0.011906558436971536,1.4848934026733007,0.0022662758703170765,0.00010208279466019053,0.00012392675873080592,3.4105817864574713e-06
0.011906558436971536,0.011906558436971536,1.4971652489763858,0.0022685306808252793,0.00010312841632765867,0.00010661688634423105,2.9579347616133153e-06
0.011906558436971536,0.011906558436971536,1.509437095279471,0.0022702114506190025,0.00010402768919162144,8.90290900871141e-05,2.4899230153896307e-06
0.011906558436971536,0.011906558436971536,1.521708941582556,0.002271892220412725,0.00010477372992380825,7.144129382999715e-05,2.0086326037860935e-06
0.011906558436971536,0.011906558436971536,1.533980787885641,0.0022728945819949025,0.00010536057213843535,5.3646814081084256e-05,1.5163821906206185e-06
0.011906558436971536,0.011906558436971536,1.5462526341887264,0.0022737294353766977,0.00010578335866812074,3.580130137123377e-05,1.015702323375679e-06
0.011906558436971536,0.011906558436971536,1.5585244804918115,0.0022743411101316764,0.00010603850046905453,1.7932527327855058e-05,5.092983453301452e-07
0.011906558436971536,0.011906558436971536,1.5707963267948966,0.002274341110131677,0.00010612379519074452,-9.33012767658727e-18,2.5436434625146786e-21
0.011906558436971536,0.011906558436971536,1.5830681730979816,0.0022743411101316773,0.00010603850046905453,-1.7932527327873717e-05,-5.092983453338612e-07
0.011906558436971536,0.011906558436971536,1.5953400194010667,0.0022737294353766986,0.00010578335866812074,-3.58013013712519e-05,-1.0157023233704453e-06
0.011906558436971536,0.011906558436971536,1.607611865704152,0.002272894581994904,0.00010536057213843535,-5.364681408110165e-05,-1.5163821906206185e-06
0.011906558436971536,0.011906558436971536,1.6198837120072371,0.0022718922204127273,0.00010477372992558998,-7.144129383001405e-05,-2.0086326037860935e-06
0.011906558436971536,0.011906558436971536,1.6321555583103222,0.002270211450619005,0.00010402768919162144,-8.902909008713144e-05,-2.4899230153896307e-06
0.011906558436971536,0.011906558436971536,1.6444274046134073,0.002268530680825283,0.00010312841632765867,-0.00010661688634424883,-2.957934761628179e-06
0.011906558436971536,0.011906558436971536,1.6566992509164924,0.0022662758703170804,0.00010208279466019053,-0.0001239267587308242,-3.410581786436507e-06
0.011906558436971536,0.011906558436971536,1.6689710972195777,0.0022637297555657084,0.00010089840676085016,-0.00014109559512339343,-3.846013016267152e-06
0.011906558436971536,0.011906558436971536,1.6812429435226628,0.0022610692884366666,9.958330081443395e-05,-0.00015819157885329897,-4.262595617190384e-06
0.011906558436971536,0.011906558436971536,1.6935147898257479,0.002257634743674168,9.814575056870571e-05,-0.0001747944060974831,-4.658879656062269e-06
0.011906558436971536,0.011906558436971536,1.705786636128833,0.0022542001989116693,9.659401916439555e-05,-0.00019139723334166722,-5.03354596169085e-06
0.011906558436971536,0.011906558436971536,1.718058482431918,0.0022502253239722178,9.49361362304254e-05,-0.00020758662019136785,-5.385340181454629e-06
0.011906558436971536,0.011906558436971536,1.7303303287350031,0.002245881223411848,9.317969755168102e-05,-0.00022349348943817148,-5.712997061078162e-06
0.011906558436971536,0.011906558436971536,1.7426021750380885,0.0022414822710575336,9.133169502692494e-05,-0.0002393523781139965,-6.015159793001597e-06
0.011906558436971536,0.011906558436971536,1.7548740213411735,0.0022362148319657535,8.939838346303358e-05,-0.00025445157441598856,-6.2902998192950606e-06
0.011906558436971536,0.011906558436971536,1.7671458676442586,0.0022309473928739734,8.738518898834439e-05,-0.0002695507707179806,-6.536642707692253e-06
0.011906558436971536,0.011906558436971536,1.7794177139473437,0.0022251943032824107,8.529666195223347e-05,-0.00028417696297149846,-6.752105621759416e-06
0.011906558436971536,0.011906558436971536,1.7916895602504288,0.00221900137927595,8.313647529536131e-05,-0.00029837477419998305,-6.9342514878629315e-06
0.011906558436971536,0.011906558436971536,1.8039614065535141,0.002212808455269489,8.090746718723473e-05,-0.0003125725854284679,-7.0802642222937415e-06
0.011906558436971536,0.011906558436971536,1.8162332528565992,0.002205711339947534,7.86117250720955e-05,-0.00032580193158331165,-7.186948393996043e-06
0.011906558436971536,0.011906558436971536,1.8285050991596843,0.002198605182712424,7.625070632611362e-05,-0.000339021593087419,-7.250755461235486e-06
0.011906558436971536,0.011906558436971536,1.8407769454627694,0.002191095770045726,7.382538934051184e-05,-0.0003517678825235556,-7.267837360358867e-06
0.011906558436971536,0.011906558436971536,1.8530487917658545,0.0021831042041456075,7.133644762102858e-05,-0.00036394818361755313,-7.234126775388732e-06
0.011906558436971536,0.011906558436971536,1.8653206380689396,0.002175112638245489,6.878443872084536e-05,-0.0003761284847115507,-7.145441956365957e-06
0.011906558436971536,0.011906558436971536,1.8775924843720249,0.0021663455654727503,6.61699991946847e-05,-0.0003873084244968597,-6.997612598945589e-06
0.011906558436971536,0.011906558436971536,1.88986433067511,0.0021575117824313996,6.34940370692578e-05,-0.00039840231169647485,-6.78662208588177e-06
0.011906558436971536,0.011906558436971536,1.902136176978195,0.002148374913272603,6.075791315070961e-05,-0.00040906351540634335,-6.508760393408227e-06
0.011906558436971536,0.011906558436971536,1.9144080232812801,0.002138756214901457,5.796360371359081e-05,-0.0004190368633119994,-6.1607812798656015e-06
0.011906558436971536,0.011906558436971536,1.9266798695843652,0.0021291375165303113,5.511383763184059e-05,-0.00042901021121765547,-5.740056961569629e-06
0.011906558436971536,0.011906558436971536,1.9389517158874505,0.002118909613025608,5.221220269949771e-05,-0.00043801052041690403,-5.244723458926666e-06
0.011906558436971536,0.011906558436971536,1.9512235621905356,0.002108575452811564,4.926321697675577e-05,-0.00044684111356270927,-4.6738100766476225e-06
0.011906558436971536,0.011906558436971536,1.9634954084936207,0.0020980397211643673,4.627236289843404e-05,-0.0004553061144002425,-4.027347116591149e-06
0.011906558436971536,0.011906558436971536,1.9757672547967058,0.002087069351114436,4.3246083282792554e-05,-0.00046298280682306427,-3.306446855676035e-06
0.011906558436971536,0.011906558436971536,1.9880391010997909,0.002076098981064505,4.0191740061204696e-05,-0.00047065949924588607,-2.513353977226515e-06
0.011906558436971536,0.011906558436971536,2.000310947402876,0.0020646986752285335,3.711753812220027e-05,-0.00047743300626224174,-1.6514630219477646e-06
0.011906558436971536,0.011906558436971536,2.012582793705961,0.0020531786404394876,3.403241779003055e-05,-0.00048395499329198657,-7.253018730016609e-07
0.011906558436971536,0.011906558436971536,2.024854640009046,0.002041545163015164,3.0945920818356877e-05,-0.0004901933534224806,2.595181727319928e-07
0.011906558436971536,0.011906558436971536,2.0371264863121317,0.002029566819979595,2.786803539831254e-05,-0.0004955694877792524,1.2963837651140372e-06
0.011906558436971536,0.011906558436971536,2.0493983326152168,0.0020175884769440267,2.4809026488972625e-05,-0.0005009456221360239,2.377788948955457e-06
0.011906558436971536,0.011906558436971536,2.061670178918302,0.002005350307244665,2.17792577867949e-05,-0.000505517611584985,3.4954681780198873e-06
0.011906558436971536,0.011906558436971536,2.073942025221387,0.0019930074851390533,1.8789011891258563e-05,-0.000509765709334967,4.6405475132491655e-06
0.011906558436971536,0.011906558436971536,2.086213871524472,0.0019806164911160915,1.584831469073242e-05,-0.0005138174116437722,5.803707939376899e-06
0.011906558436971536,0.011906558436971536,2.098485717827557,0.0019680033710297953,1.2966769671681914e-05,-0.0005169635127515962,6.975354464684732e-06
0.011906558436971536,0.011906558436971536,2.110757564130642,0.0019553902509434986,1.0153406909484724e-05,-0.0005201096138594203,8.145784649757941e-06
0.011906558436971536,0.011906558436971536,2.1230294104337273,0.0019426628174123918,7.416550759408153e-06,-0.0005225680445204026,9.30535057871629e-06
0.011906558436971536,0.011906558436971536,2.1353012567368124,0.0019298720718195445,4.763709076605378e-06,-0.0005246456115492879,1.0444608852415245e-05
0.011906558436971536,0.011906558436971536,2.1475731030398975,0.0019170717373967233,2.201485966062107e-06,-0.0005266111623067115,1.1554454089607018e-05
0.011906558436971536,0.011906558436971536,2.1598449493429825,0.0019041929489104807,-2.6448121685982914e-07,-0.0005276602162976292,1.262623246926692e-05
0.011906558436971536,0.011906558436971536,2.172116795646068,0.0018913141604242375,-2.629560745988165e-06,-0.000528709270288547,1.3651833018440696e-05
0.011906558436971536,0.011906558436971536,2.184388641949153,0.001878433735715414,-4.8901424386116145e-06,-0.0005291939152300837,1.4623755628837029e-05
0.011906558436971536,0.011906558436971536,2.1966604882522383,0.0018655520979450216,-7.043632316620124e-06,-0.000529260118979838,1.553515600869956e-05
0.011906558436971536,0.011906558436971536,2.2089323345553233,0.0018526735069060564,-9.08842862916749e-06,-0.0005292893921255861,1.6379868938995346e-05
0.011906558436971536,0.011906558436971536,2.2212041808584084,0.001839868799104195,-1.1023882008252104e-05,-0.000528423098124184,1.7152412224245405e-05
0.011906558436971536,0.011906558436971536,2.2334760271614935,0.0018270640913023335,-1.2850242935085847e-05,-0.000527556804122782,1.784797456965827e-05
0.011906558436971536,0.011906558436971536,2.2457478734645786,0.0018143353924283314,-1.4568599637669702e-05,-0.0005262469504101717,1.8462391167518438e-05
0.011906558436971536,0.011906558436971536,2.2580197197676637,0.0018016812121110536,-1.6180809619837756e-05,-0.0005245022342355928,1.899211116026738e-05
0.011906558436971536,0.011906558436971536,2.270291566070749,0.001789027031793776,-1.7689427529685776e-05,-0.0005227575180610138,1.9434161157644298e-05
0.011906558436971536,0.011906558436971536,2.282563412373834,0.001776583806799537,-1.9097631971821097e-05,-0.0005202156223194101,1.9786108821972036e-05
0.011906558436971536,0.011906558436971536,2.2948352586769194,0.001764147039621309,-2.0409153220164916e-05,-0.0005176493231216728,2.0046030058404626e-05
0.011906558436971536,0.011906558436971536,2.3071071049800045,0.0017518310634874366,-2.1628203420229297e-05,-0.0005147506661365516,2.0212482727179948e-05
0.011906558436971536,0.011906558436971536,2.3193789512830896,0.0017396715666610247,-2.2759410388202818e-05,-0.0005114214547450469,2.0284488952718687e-05
0.011906558436971536,0.011906558436971536,2.3316507975861747,0.0017275120698346125,-2.380775545929889e-05,-0.0005080922433535422,2.0261527207847905e-05
0.011906558436971536,0.011906558436971536,2.3439226438892597,0.0017156498734439728,-2.4778515649012214e-05,-0.0005041293694250086,2.0143534398727283e-05
0.011906558436971536,0.011906558436971536,2.356194490192345,0.0017038203474308907,-2.5677209834060543e-05,-0.0005000968622506475,1.9930917201669643e-05
0.011906558436971536,0.011906558436971536,2.36846633649543,0.00169212839867805,-2.6509548469089322e-05,-0.0004958285958347768,1.962457108758493e-05
0.011906558436971536,0.011906558436971536,2.380738182798515,0.0016806744214023833,-2.728138616400165e-05,-0.0004911525296498084,1.9225904692231082e-05
0.011906558436971536,0.011906558436971536,2.3930100291016,0.0016692204441267166,-2.7998676305993838e-05,-0.00048647646346484003,1.87368666500991e-05
0.011906558436971536,0.011906558436971536,2.405281875404685,0.00165811092962729,-2.866742710466054e-05,-0.00048131431627708074,1.8159971676696315e-05
0.011906558436971536,0.011906558436971536,2.4175537217077703,0.0016470711278325787,-2.9293658226290285e-05,-0.0004760537955530424,1.7498322512245206e-05
0.011906558436971536,0.011906558436971536,2.429825568010856,0.0016361638414355935,-2.9883357675669225e-05,-0.00047063684288656314,1.675562450028812e-05
0.011906558436971536,0.011906558436971536,2.442097414313941,0.0016255701748132288,-3.0442438605052743e-05,-0.0004648496679563079,1.59361898606388e-05
0.011906558436971536,0.011906558436971536,2.454369260617026,0.001614976508190864,-3.0976695981638914e-05,-0.0004590624930260527,1.5044929268540622e-05
0.011906558436971536,0.011906558436971536,2.466641106920111,0.0016047425320697601,-3.1491763424591624e-05,-0.00045291643407304686,1.4087329044693296e-05
0.011906558436971536,0.011906558436971536,2.478912953223196,0.0015946206672737245,-3.199307055519932e-05,-0.00044665851516489805,1.3069413044934108e-05
0.011906558436971536,0.011906558436971536,2.4911847995262812,0.001584610755155965,-3.248580159462415e-05,-0.00044030558535477967,1.1997689270092668e-05
0.011906558436971536,0.011906558436971536,2.5034566458293663,0.0015749805086427932,-3.297485605023707e-05,-0.0004336304446597212,1.0879082047222845e-05
0.011906558436971536,0.011906558436971536,2.5157284921324514,0.0015653502621296215,-3.346481217248333e-05,-0.00042695530396466276,9.72085153495447e-06
0.011906558436971536,0.011906558436971536,2.5280003384355365,0.0015560707621816697,-3.395989442983751e-05,-0.00042002615485683644,8.530503033065343e-06
0.011906558436971536,0.011906558436971536,2.5402721847386216,0.0015469465928554579,-3.446394548854024e-05,-0.00041298451630907007,7.315689193005871e-06
0.011906558436971536,0.011906558436971536,2.552544031041707,0.0015379041192319163,-3.498040375820964e-05,-0.00040589235941779157,6.084108681548601e-06
0.011906558436971536,0.011906558436971536,2.564815877344792,0.0015292956540288115,-3.551228685274108e-05,-0.00039853182382660636,4.843405042049371e-06
0.011906558436971536,0.011906558436971536,2.5770877236478773,0.0015206871888257068,-3.6062181520502495e-05,-0.0003911712882354212,3.601069569224352e-06
0.011906558436971536,0.011906558436971536,2.5893595699509624,0.0015124037305995152,-3.663223990180898e-05,-0.00038363942829676504,2.3643517650183277e-06
0.011906558436971536,0.011906558436971536,2.6016314162540475,0.0015043163083276524,-3.722418226920189e-05,-0.00037600422986280884,1.1401805572877024e-06
0.011906558436971536,0.011906558436971536,2.6139032625571326,0.0014962754582186107,-3.783930565395911e-05,-0.00036834818328462327,-6.490109838036661e-08
0.011906558436971536,0.011906558436971536,2.6261751088602177,0.0014887106791072943,-3.847849771647262e-05,-0.00036047902234320365,-1.2447863712272222e-06
0.011906558436971536,0.011906558436971536,2.6384469551633027,0.0014811458999959778,-3.914225528995714e-05,-0.00035260986140178403,-2.3938383816245717e-06
0.011906558436971536,0.011906558436971536,2.650718801466388,0.0014738700196516878,-3.983070625635929e-05,-0.00034463153204295285,-3.5069075209191985e-06
0.011906558436971536,0.011906558436971536,2.662990647769473,0.0014668262901023294,-4.054363414107637e-05,-0.00033656547806298735,-4.579332911763799e-06
0.011906558436971536,0.011906558436971536,2.675262494072558,0.0014597927940872095,-4.1280504004060916e-05,-0.00032849618670407723,-5.606929493391452e-06
0.011906558436971536,0.011906558436971536,2.6875343403756435,0.0014532658580169039,-4.204048876964493e-05,-0.00032026664508740454,-6.585962893588575e-06
0.011906558436971536,0.011906558436971536,2.6998061866787286,0.0014467389219465986,-4.282249515896353e-05,-0.0003120371034707322,-7.513114829694777e-06
0.011906558436971536,0.011906558436971536,2.7120780329818137,0.0014404595988708987,-4.362518820482288e-05,-0.00030374268664892513,-8.385442158040786e-06
0.011906558436971536,0.011906558436971536,2.724349879284899,0.0014344430487690661,-4.444701398801596e-05,-0.00029537942267064877,-9.20033287390009e-06
0.011906558436971536,0.011906558436971536,2.736621725587984,0.0014284264986672336,-4.5286220124241514e-05,-0.00028701615869237236,-9.955462380118179e-06
0.011906558436971536,0.011906558436971536,2.748893571891069,0.0014228873940755635,-4.614087392587496e-05,-0.00027855069485739365,-1.0648753104811506e-05
0.011906558436971536,0.011906558436971536,2.761165418194154,0.0014173731564375478,-4.700887814702906e-05,-0.00027007990811321164,-1.1278340185855874e-05
0.011906558436971536,0.011906558436971536,2.773437264497239,0.0014120639406721394,-4.788798484798163e-05,-0.00026157387034357864,-1.1842545371365823e-05
0.011906558436971536,0.011906558436971536,2.7857091108003242,0.0014070427318230133,-4.877580755763056e-05,-0.0002530183132762883,-1.2339860646345378e-05
0.011906558436971536,0.011906558436971536,2.7979809571034093,0.0014020215229738871,-4.966983253980919e-05,-0.00024446275620899796,-1.276894234526295e-05
0.011906558436971536,0.011906558436971536,2.8102528034064944,0.001397425891263473,-5.056742956397568e-05,-0.00023584965005610082,-1.3128615748392573e-05
0.011906558436971536,0.011906558436971536,2.82252464970958,0.0013928876407403006,-5.146586307139498e-05,-0.00022722878447593056,-1.3417889421344755e-05
0.011906558436971536,0.011906558436971536,2.834796496012665,0.0013885131244276152,-5.236230418013949e-05,-0.00021859095655549468,-1.3635977872437517e-05
0.011906558436971536,0.011906558436971536,2.84706834231575,0.001384447364054704,-5.32538440869232e-05,-0.0002099211425077002,-1.3782330537038168e-05
0.011906558436971536,0.011906558436971536,2.859340188618835,0.001380381603681793,-5.413750938536008e-05,-0.00020125132845990573,-1.385666466590569e-05
0.011906558436971536,0.011906558436971536,2.8716120349219203,0.0013766909145175703,-5.501027938978165e-05,-0.00019255271364236278,-1.3858999435136308e-05
0.011906558436971536,0.011906558436971536,2.8838838812250054,0.0013730871320968242,-5.5869105494453935e-05,-0.00018384742547573177,-1.37896885140048e-05
0.011906558436971536,0.011906558436971536,2.8961557275280905,0.001369608584411478,-5.671093254543311e-05,-0.0001751353045296936,-1.3649448419706194e-05
0.011906558436971536,0.011906558436971536,2.9084275738311756,0.0013664565415719959,-5.753272178043086e-05,-0.00016640536955162956,-1.3439380275569344e-05
0.011906558436971536,0.011906558436971536,2.9206994201342606,0.0013633044987325137,-5.833147490460048e-05,-0.00015767543457356553,-1.3160983009831413e-05
0.011906558436971536,0.011906558436971536,2.9329712664373457,0.0013604807160877072,-5.9104258507146355e-05,-0.00014893346292789187,-1.2816156577503762e-05
0.011906558436971536,0.011906558436971536,2.945243112740431,0.0013577707303103884,-5.984822826622143e-05,-0.00014018731857078022,-1.2407194443864366e-05
0.011906558436971536,0.011906558436971536,2.9575149590435164,0.0013551508110270988,-6.056065210046032e-05,-0.0001314391179408004,-1.1936765238785228e-05
0.011906558436971536,0.011906558436971536,2.9697868053466014,0.0013528740021972552,-6.123893150633092e-05,-0.000122683083890372,-1.1407884182780228e-05
0.011906558436971536,0.011906558436971536,2.9820586516496865,0.0013505971933674113,-6.188062031308258e-05,-0.00011392704983994358,-1.0823875525578118e-05
0.011906558436971536,0.011906558436971536,2.9943304979527716,0.0013486067324636815,-6.248344034785543e-05,-0.00010516737764384175,-1.0188327792896611e-05
0.011906558436971536,0.011906558436971536,3.0066023442558567,0.0013467552345240955,-6.304529367606992e-05,-9.640593987704546e-05,-9.505044079414997e-06
0.011906558436971536,0.011906558436971536,3.018874190558942,0.0013449617653833227,-6.356427081912098e-05,-8.764416138375611e-05,-8.77798990885339e-06
0.011906558436971536,0.011906558436971536,3.031146036862027,0.0013435289037780332,-6.403865539442287e-05,-7.88802655186883e-05,-8.01124131154415e-06
0.011906558436971536,0.011906558436971536,3.043417883165112,0.0013420960421727437,-6.446692491599223e-05,-7.011636965362049e-05,-7.208935720824408e-06
0.011906558436971536,0.011906558436971536,3.055689729468197,0.0013409127957300815,-6.484774825398091e-05,-6.135201938635696e-05,-6.375228071477561e-06
0.011906558436971536,0.011906558436971536,3.067961575771282,0.0013398932313612734,-6.517998042812036e-05,-5.2587371150440497e-05,-5.514254122912344e-06
0.011906558436971536,0.011906558436971536,3.0802334220743677,0.0013389020415791317,-6.546265528835884e-05,-4.382272424546452e-05,-4.630102523980216e-06
0.011906558436971536,0.011906558436971536,3.0925052683774528,0.0013382918819607981,-6.569497674756614e-05,-3.505809521312254e-05,-3.72679655002291e-06
0.011906558436971536,0.011906558436971536,3.104777114680538,0.0013376817223424646,-6.587630962114582e-05,-2.6293466180780557e-05,-2.8082857917701576e-06
0.011906558436971536,0.011906558436971536,3.117048960983623,0.0013372891869026316,-6.60061707466711e-05,-1.7528925935462343e-05,-1.878447408286331e-06
0.011906558436971536,0.011906558436971536,3.129320807286708,0.0013370860650996417,-6.608422119114304e-05,-8.76446296773889e-06,-9.410959268988125e-07
0.011906558436971536,0.011906558436971536,0.0,0.0013368829432966521,-6.611026016556885e-05,-1.5434760018915462e-17,0.0
0.011906558436971536,0.011906558436971536,0.01227184630308513,0.0013370860650996437,-6.608422119114304e-05,8.764462967708201e-06,9.410959269040535e-07
0.011906558436971536,0.011906558436971536,0.02454369260617026,0.0013372891869026353,-6.60061707466711e-05,1.752892593543184e-05,1.8784474082964102e-06
0.011906558436971536,0.011906558436971536,0.03681553890925539,0.001337681722342468,-6.587630962114582e-05,2.629346618075024e-05,2.808285791778725e-06
0.011906558436971536,0.011906558436971536,0.04908738521234052,0.001338291881960799,-6.569497674756614e-05,3.505809521309241e-05,3.72679655002291e-06
0.011906558436971536,0.011906558436971536,0.06135923151542565,0.00133890204157913,-6.546265528835884e-05,4.382272424543458e-05,4.6301025239556606e-06
0.011906558436971536,0.011906558436971536,0.07363107781851078,0.0013398932313612728,-6.517998042629036e-05,5.258737115041023e-05,5.514254122912344e-06
0.011906558436971536,0.011906558436971536,0.0859029241215959,0.0013409127957300824,-6.484774825398091e-05,6.135201938632666e-05,6.375228071498526e-06
0.011906558436971536,0.011906558436971536,0.09817477042468103,0.001342096042172745,-6.446692491655505e-05,7.011636965359014e-05,7.2089357208156145e-06
0.011906558436971536,0.011906558436971536,0.11044661672776616,0.001343528903778033,-6.403865539442287e-05,7.888026551865786e-05,8.011241311566695e-06
0.011906558436971536,0.011906558436971536,0.1227184630308513,0.001344961765383321,-6.356427081912098e-05,8.764416138372559e-05,8.777989908826408e-06
0.011906558436971536,0.011906558436971536,0.1349903093339364,0.0013467552345240942,-6.304529367606992e-05,9.640593987701475e-05,9.505044079416606e-06
0.011906558436971536,0.011906558436971536,0.14726215563702155,0.0013486067324636809,-6.248344034785543e-05,0.00010516737764381085,1.0188327792947748e-05
0.011906558436971536,0.011906558436971536,0.1595340019401067,0.0013505971933674107,-6.188062031308258e-05,0.00011392704983991252,1.0823875525578118e-05
0.011906558436971536,0.011906558436971536,0.1718058482431918,0.0013528740021972535,-6.123893150633092e-05,0.00012268308389034078,1.1407884182760427e-05
0.011906558436971536,0.011906558436971536,0.18407769454627693,0.0013551508110270962,-6.056065210046032e-05,0.00013143911794076904,1.1936765238842412e-05
0.011906558436971536,0.011906558436971536,0.19634954084936207,0.001357770730310385,-5.984822826622143e-05,0.00014018731857074848,1.2407194443819278e-05
0.011906558436971536,0.011906558436971536,0.2086213871524472,0.0013604807160877033,-5.910425850685578e-05,0.00014893346292786013,1.2816156577548847e-05
0.011906558436971536,0.011906558436971536,0.22089323345553233,0.001363304498732509,-5.833147490460048e-05,0.00015767543457353365,1.3160983009747555e-05
0.011906558436971536,0.011906558436971536,0.23316507975861744,0.0013664565415719906,-5.753272178099367e-05,0.00016640536955159736,1.3439380275685988e-05
0.011906558436971536,0.011906558436971536,0.2454369260617026,0.0013696085844114721,-5.671093254543311e-05,0.00017513530452966107,1.3649448419594838e-05
0.011906558436971536,0.011906558436971536,0.25770877236478773,0.0013730871320968181,-5.586910549360053e-05,0.00018384742547569897,1.3789688513965205e-05
0.011906558436971536,0.011906558436971536,0.2699806186678728,0.001376690914517564,-5.501027938978165e-05,0.00019255271364232971,1.3858999435109639e-05
0.011906558436971536,0.011906558436971536,0.28225246497095796,0.0013803816036817864,-5.413750938536008e-05,0.00020125132845987258,1.3856664665908913e-05
0.011906558436971536,0.011906558436971536,0.2945243112740431,0.0013844473640546972,-5.32538440869232e-05,0.00020992114250766765,1.3782330537038168e-05
0.011906558436971536,0.011906558436971536,0.30679615757712825,0.0013885131244276078,-5.236230418013949e-05,0.00021859095655546275,1.363597787237806e-05
0.011906558436971536,0.011906558436971536,0.3190680038802134,0.0013928876407402937,-5.146586307139498e-05,0.0002272287844758987,1.3417889421425389e-05
0.011906558436971536,0.011906558436971536,0.3313398501832985,0.0013974258912634663,-5.056742956312228e-05,0.00023584965005606846,1.3128615748392573e-05
0.011906558436971536,0.011906558436971536,0.3436116964863836,0.001402021522973881,-4.966983253751292e-05,0.00024446275620896543,1.276894234522335e-05
0.011906558436971536,0.011906558436971536,0.35588354278946877,0.0014070427318230072,-4.877580755618769e-05,0.0002530183132762559,1.2339860646402568e-05
0.011906558436971536,0.011906558436971536,0.36815538909255385,0.0014120639406721334,-4.7887984845298226e-05,0.0002615738703435463,1.18425453712401e-05
0.011906558436971536,0.011906558436971536,0.380427235395639,0.0014173731564375413,-4.700887814519905e-05,0.0002700799081131795,1.1278340185855874e-05
0.011906558436971536,0.011906558436971536,0.39269908169872414,0.0014228873940755568,-4.614087392502157e-05,0.0002785506948573619,1.0648753104811506e-05
0.011906558436971536,0.011906558436971536,0.4049709280018093,0.0014284264986672264,-4.5286220124241514e-05,0.0002870161586923409,9.955462380028e-06
0.011906558436971536,0.011906558436971536,0.4172427743048944,0.0014344430487690596,-4.4447013989458826e-05,0.00029537942267061744,9.20033287390009e-06
0.011906558436971536,0.011906558436971536,0.4295146206079795,0.0014404595988708926,-4.362518820482288e-05,0.00030374268664889385,8.385442158040786e-06
0.011906558436971536,0.011906558436971536,0.44178646691106466,0.001446738921946593,-4.2822495160230734e-05,0.000312037103470701,7.51311482983829e-06
0.011906558436971536,0.011906558436971536,0.4540583132141498,0.0014532658580168987,-4.204048877010462e-05,0.00032026664508737353,6.585962893480646e-06
0.011906558436971536,0.011906558436971536,0.4663301595172349,0.0014597927940872043,-4.12805040022309e-05,0.00032849618670404606,5.606929493338115e-06
0.011906558436971536,0.011906558436971536,0.47860200582032003,0.001466826290102323,-4.054363413924635e-05,0.0003365654780629564,4.57933291156569e-06
0.011906558436971536,0.011906558436971536,0.4908738521234052,0.0014738700196516802,-3.983070625635929e-05,0.00034463153204292206,3.506907521038107e-06
0.011906558436971536,0.011906558436971536,0.5031456984264903,0.0014811458999959694,-3.914225529006027e-05,0.0003526098614017532,2.3938383818210155e-06
0.011906558436971536,0.011906558436971536,0.5154175447295755,0.0014887106791072848,-3.847849771647262e-05,0.00036047902234317264,1.2447863711128465e-06
0.011906558436971536,0.011906558436971536,0.5276893910326605,0.0014962754582186003,-3.783930565395911e-05,0.00036834818328459194,6.490109838036661e-08
0.011906558436971536,0.011906558436971536,0.5399612373357456,0.0015043163083276415,-3.722418226920189e-05,0.0003760042298627774,-1.140180557485812e-06
0.011906558436971536,0.011906558436971536,0.5522330836388308,0.0015124037305995037,-3.663223990180898e-05,0.0003836394282967335,-2.3643517650183277e-06
0.011906558436971536,0.011906558436971536,0.5645049299419159,0.0015206871888256946,-3.6062181520502495e-05,0.00039117128823538955,-3.601069569224352e-06
0.011906558436971536,0.011906558436971536,0.5767767762450011,0.0015292956540287998,-3.5512286852178277e-05,0.00039853182382657476,-4.843405041959194e-06
0.011906558436971536,0.011906558436971536,0.5890486225480862,0.0015379041192319048,-3.4980403754186484e-05,0.00040589235941775986,-6.084108681548601e-06
0.011906558436971536,0.011906558436971536,0.6013204688511713,0.0015469465928554457,-3.44639454925634e-05,0.0004129845163090382,-7.315689193178117e-06
0.011906558436971536,0.011906558436971536,0.6135923151542565,0.001556070762181657,-3.395989442937783e-05,0.0004200261548568048,-8.530503033083505e-06
0.011906558436971536,0.011906558436971536,0.6258641614573416,0.0015653502621296087,-3.3464812176506485e-05,0.00042695530396463137,-9.72085153466785e-06
0.011906558436971536,0.011906558436971536,0.6381360077604268,0.001574980508642781,-3.297485605482304e-05,0.0004336304446596905,-1.0879082047061575e-05
0.011906558436971536,0.011906558436971536,0.6504078540635119,0.0015846107551559531,-3.2485801593181296e-05,0.00044030558535474953,-1.1997689269955597e-05
0.011906558436971536,0.011906558436971536,0.662679700366597,0.0015946206672737128,-3.199307055519932e-05,0.00044665851516486796,-1.3069413044934108e-05
0.011906558436971536,0.011906558436971536,0.6749515466696822,0.0016047425320697484,-3.1491763424131936e-05,0.0004529164340730168,-1.4087329044693296e-05
0.011906558436971536,0.011906558436971536,0.6872233929727672,0.001614976508190852,-3.0976695981638914e-05,0.0004590624930260226,-1.5044929268540622e-05
0.011906558436971536,0.011906558436971536,0.6994952392758523,0.0016255701748132164,-3.0442438605052743e-05,0.00046484966795627827,-1.59361898606388e-05
0.011906558436971536,0.011906558436971536,0.7117670855789375,0.0016361638414355809,-2.9883357675669225e-05,0.000470636842886534,-1.6755624500054833e-05
0.011906558436971536,0.011906558436971536,0.7240389318820226,0.001647071127832565,-2.9293658225830597e-05,0.00047605379555301316,-1.7498322512210034e-05
0.011906558436971536,0.011906558436971536,0.7363107781851077,0.0016581109296272757,-2.866742710466054e-05,0.0004813143162770516,-1.815997167674965e-05
0.011906558436971536,0.011906558436971536,0.7485826244881929,0.0016692204441267017,-2.7998676304163824e-05,0.0004864764634648109,-1.87368666500991e-05
0.011906558436971536,0.011906558436971536,0.760854470791278,0.0016806744214023673,-2.7281386165735103e-05,0.0004911525296497791,-1.9225904692231082e-05
0.011906558436971536,0.011906558436971536,0.7731263170943632,0.0016921283986780329,-2.6509548469089322e-05,0.0004958285958347475,-1.962457108758493e-05
0.011906558436971536,0.011906558436971536,0.7853981633974483,0.0017038203474308725,-2.5677209834060543e-05,0.0005000968622506176,-1.9930917201669643e-05
0.011906558436971536,0.011906558436971536,0.7976700097005334,0.0017156498734439533,-2.4778515649012214e-05,0.0005041293694249781,-2.0143534398727283e-05
0.011906558436971536,0.011906558436971536,0.8099418560036186,0.001727512069834592,-2.380775545929889e-05,0.0005080922433535113,-2.0261527207847905e-05
0.011906558436971536,0.011906558436971536,0.8222137023067037,0.0017396715666610036,-2.2759410388202818e-05,0.0005114214547450168,-2.0284488952718687e-05
0.011906558436971536,0.011906558436971536,0.8344855486097889,0.0017518310634874155,-2.162820341994789e-05,0.0005147506661365223,-2.0212482727179948e-05
0.011906558436971536,0.011906558436971536,0.8467573949128739,0.0017641470396212878,-2.0409153220164916e-05,0.0005176493231216436,-2.004603005836945e-05
0.011906558436971536,0.011906558436971536,0.859029241215959,0.0017765838067995154,-1.9097631972772366e-05,0.0005202156223193807,-1.9786108821738746e-05
0.011906558436971536,0.011906558436971536,0.8713010875190442,0.0017890270317937544,-1.7689427529245756e-05,0.0005227575180609845,-1.9434161157816547e-05
0.011906558436971536,0.011906558436971536,0.8835729338221293,0.0018016812121110313,-1.6180809619167888e-05,0.0005245022342355637,-1.8992111160148473e-05
0.011906558436971536,0.011906558436971536,0.8958447801252144,0.0018143353924283082,-1.4568599639254578e-05,0.0005262469504101429,-1.846239116746343e-05
0.011906558436971536,0.011906558436971536,0.9081166264282996,0.0018270640913023103,-1.2850242933219564e-05,0.0005275568041227532,-1.784797456965827e-05
0.011906558436971536,0.011906558436971536,0.9203884727313847,0.0018398687991041719,-1.1023882008252104e-05,0.0005284230981241552,-1.7152412224245405e-05
0.011906558436971536,0.011906558436971536,0.9326603190344698,0.0018526735069060334,-9.088428628252481e-06,0.0005292893921255571,-1.6379868939156618e-05
0.011906558436971536,0.011906558436971536,0.944932165337555,0.0018655520979449984,-7.043632316620124e-06,0.000529260118979809,-1.553515600869956e-05
0.011906558436971536,0.011906558436971536,0.9572040116406401,0.00187843373571539,-4.8901424386116145e-06,0.0005291939152300547,-1.4623755628837029e-05
0.011906558436971536,0.011906558436971536,0.9694758579437253,0.0018913141604242133,-2.629560745988165e-06,0.0005287092702885182,-1.3651833018530874e-05
0.011906558436971536,0.011906558436971536,0.9817477042468103,0.001904192948910455,-2.6448121522339e-07,0.0005276602162976011,-1.2626232469273363e-05
0.011906558436971536,0.011906558436971536,0.9940195505498954,0.001917071737396697,2.201485966062107e-06,0.0005266111623066841,-1.1554454089750125e-05
0.011906558436971536,0.011906558436971536,1.0062913968529805,0.0019298720718195189,4.763709074312396e-06,0.0005246456115492608,-1.0444608852415245e-05
0.011906558436971536,0.011906558436971536,1.0185632431560658,0.0019426628174123673,7.416550759356589e-06,0.0005225680445203755,-9.30535057851985e-06
0.011906558436971536,0.011906558436971536,1.030835089459151,0.0019553902509434743,1.0153406910348169e-05,0.0005201096138593934,-8.145784649559832e-06
0.011906558436971536,0.011906558436971536,1.043106935762236,0.001968003371029771,1.2966769671681914e-05,0.0005169635127515696,-6.975354464684732e-06
0.011906558436971536,0.011906558436971536,1.055378782065321,0.0019806164911160677,1.584831469073242e-05,0.0005138174116437457,-5.803707939663523e-06
0.011906558436971536,0.011906558436971536,1.0676506283684062,0.0019930074851390294,1.8789011891258563e-05,0.0005097657093349406,-4.640547513445609e-06
0.011906558436971536,0.011906558436971536,1.0799224746714913,0.002005350307244641,2.17792577867949e-05,0.0005055176115849589,-3.495468178156959e-06
0.011906558436971536,0.011906558436971536,1.0921943209745766,0.0020175884769440032,2.4809026488972625e-05,0.000500945622135998,-2.3777889489490115e-06
0.011906558436971536,0.011906558436971536,1.1044661672776617,0.002029566819979573,2.7868035398593953e-05,0.000495569487779227,-1.2963837649175935e-06
0.011906558436971536,0.011906558436971536,1.1167380135807468,0.0020415451630151427,3.0945920816771997e-05,0.000490193353422456,-2.5951817261761685e-07
0.011906558436971536,0.011906558436971536,1.1290098598838318,0.002053178640439465,3.403241779003055e-05,0.0004839549932919619,7.253018729664852e-07
0.011906558436971536,0.011906558436971536,1.141281706186917,0.0020646986752285088,3.711753812033399e-05,0.00047743300626221685,1.651463021749655e-06
0.011906558436971536,0.011906558436971536,1.1535535524900022,0.002076098981064479,4.0191740061204696e-05,0.0004706594992458609,2.513353977112139e-06
0.011906558436971536,0.011906558436971536,1.1658253987930873,0.0020870693511144105,4.3246083282792554e-05,0.0004629828068230393,3.306446855729372e-06
0.011906558436971536,0.011906558436971536,1.1780972450961724,0.0020980397211643417,4.627236289815263e-05,0.00045530611440021765,4.027347116605515e-06
0.011906558436971536,0.011906558436971536,1.1903690913992575,0.0021085754528115384,4.9263216976474364e-05,0.0004468411135626847,4.673810076692712e-06
0.011906558436971536,0.011906558436971536,1.2026409377023426,0.002118909613025583,5.221220269972755e-05,0.00043801052041687985,5.244723458881577e-06
0.011906558436971536,0.011906558436971536,1.214912784005428,0.0021291375165302866,5.5113837630744035e-05,0.00042901021121763167,5.740056961626817e-06
0.011906558436971536,0.011906558436971536,1.227184630308513,0.002138756214901433,5.796360371330941e-05,0.0004190368633119761,6.160781279784967e-06
0.011906558436971536,0.011906558436971536,1.239456476611598,0.0021483749132725797,6.075791315070961e-05,0.0004090635154063206,6.508760393408227e-06
0.011906558436971536,0.011906558436971536,1.2517283229146832,0.0021575117824313775,6.349403707017282e-05,0.00039840231169645246,6.786622085864181e-06
0.011906558436971536,0.011906558436971536,1.2640001692177683,0.0021663455654727295,6.61699991946847e-05,0.00038730842449683775,6.997612598987454e-06
0.011906558436971536,0.011906558436971536,1.2762720155208536,0.0021751126382454694,6.878443872084536e-05,0.00037612848471152915,7.14544195634837e-06
0.011906558436971536,0.011906558436971536,1.2885438618239387,0.00218310420414559,7.133644762102858e-05,0.0003639481836175322,7.234126775388732e-06
0.011906558436971536,0.011906558436971536,1.3008157081270237,0.0021910957700457113,7.382538933850026e-05,0.0003517678825235352,7.267837360373232e-06
0.011906558436971536,0.011906558436971536,1.3130875544301088,0.0021986051827124114,7.625070632606206e-05,0.0003390215930873988,7.250755461235486e-06
0.011906558436971536,0.011906558436971536,1.325359400733194,0.002205711339947523,7.86117250720955e-05,0.00032580193158329127,7.186948393978456e-06
0.011906558436971536,0.011906558436971536,1.337631247036279,0.00221280845526948,8.090746718723473e-05,0.00031257258542844726,7.0802642222937415e-06
0.011906558436971536,0.011906558436971536,1.3499030933393643,0.002219001379275942,8.313647529550659e-05,0.00029837477419996343,6.934251487737208e-06
0.011906558436971536,0.011906558436971536,1.3621749396424494,0.0022251943032824046,8.529666195223347e-05,0.0002841769629714798,6.75210562167878e-06
0.011906558436971536,0.011906558436971536,1.3744467859455345,0.0022309473928739682,8.738518898728408e-05,0.00026955077071796245,6.53664270756653e-06
0.011906558436971536,0.011906558436971536,1.3867186322486196,0.0022362148319657474,8.939838346125186e-05,0.0002544515744159704,6.2902998192774745e-06
0.011906558436971536,0.011906558436971536,1.3989904785517047,0.002241482271057527,9.133169502692494e-05,0.0002393523781139783,6.015159792965717e-06
0.011906558436971536,0.011906558436971536,1.41126232485479,0.0022458812234118423,9.31796975513996e-05,0.0002234934894381527,5.712997061133841e-06
0.011906558436971536,0.011906558436971536,1.423534171157875,0.002250225323972213,9.49361362304254e-05,0.00020758662019134845,5.385340181454629e-06
0.011906558436971536,0.011906558436971536,1.4358060174609601,0.0022542001989116654,9.6594019165117e-05,0.0001913972333416475,5.033545961723985e-06
0.011906558436971536,0.011906558436971536,1.4480778637640452,0.0022576347436741645,9.814575056870571e-05,0.00017479440609746358,4.658879656026491e-06
0.011906558436971536,0.011906558436971536,1.4603497100671303,0.0022610692884366635,9.958330081443395e-05,0.0001581915788532797,4.2625956172307e-06
0.011906558436971536,0.011906558436971536,1.4726215563702154,0.002263729755565705,0.00010089840676085016,0.00014109559512337462,3.846013016247351e-06
0.011906558436971536,0.011906558436971536,1.4848934026733007,0.0022662758703170765,0.00010208279466019053,0.00012392675873080592,3.4105817864574713e-06
0.011906558436971536,0.011906558436971536,1.4971652489763858,0.0022685306808252793,0.00010312841632765867,0.00010661688634423105,2.9579347616133153e-06
0.011906558436971536,0.011906558436971536,1.509437095279471,0.0022702114506190025,0.00010402768919162144,8.90290900871141e-05,2.4899230153896307e-06
0.011906558436971536,0.011906558436971536,1.521708941582556,0.002271892220412725,0.00010477372992380825,7.144129382999715e-05,2.0086326037860935e-06
0.011906558436971536,0.011906558436971536,1.533980787885641,0.0022728945819949025,0.00010536057213843535,5.3646814081084256e-05,1.5163821906206185e-06
0.011906558436971536,0.011906558436971536,1.5462526341887264,0.0022737294353766977,0.00010578335866812074,3.580130137123377e-05,1.015702323375679e-06
0.011906558436971536,0.011906558436971536,1.5585244804918115,0.0022743411101316764,0.00010603850046905453,1.7932527327855058e-05,5.092983453301452e-07
0.011906558436971536,0.011906558436971536,1.5707963267948966,0.002274341110131677,0.00010612379519074452,-9.33012767658727e-18,2.5436434625146786e-21
0.011906558436971536,0.011906558436971536,1.5830681730979816,0.0022743411101316773,0.00010603850046905453,-1.7932527327873717e-05,-5.092983453338612e-07
0.011906558436971536,0.011906558436971536,1.5953400194010667,0.0022737294353766986,0.00010578335866812074,-3.58013013712519e-05,-1.0157023233704453e-06
0.011906558436971536,0.011906558436971536,1.607611865704152,0.002272894581994904,0.00010536057213843535,-5.364681408110165e-05,-1.5163821906206185e-06
0.011906558436971536,0.011906558436971536,1.6198837120072371,0.0022718922204127273,0.00010477372992558998,-7.144129383001405e-05,-2.0086326037860935e-06
0.011906558436971536,0.011906558436971536,1.6321555583103222,0.002270211450619005,0.00010402768919162144,-8.902909008713144e-05,-2.4899230153896307e-06
0.011906558436971536,0.011906558436971536,1.6444274046134073,0.002268530680825283,0.00010312841632765867,-0.00010661688634424883,-2.957934761628179e-06
0.011906558436971536,0.011906558436971536,1.6566992509164924,0.0022662758703170804,0.00010208279466019053,-0.0001239267587308242,-3.410581786436507e-06
0.011906558436971536,0.011906558436971536,1.6689710972195777,0.0022637297555657084,0.00010089840676085016,-0.00014109559512339343,-3.846013016267152e-06
0.011906558436971536,0.011906558436971536,1.6812429435226628,0.0022610692884366666,9.958330081443395e-05,-0.00015819157885329897,-4.262595617190384e-06
0.011906558436971536,0.011906558436971536,1.6935147898257479,0.002257634743674168,9.814575056870571e-05,-0.0001747944060974831,-4.658879656062269e-06
0.011906558436971536,0.011906558436971536,1.705786636128833,0.0022542001989116693,9.659401916439555e-05,-0.00019139723334166722,-5.03354596169085e-06
0.011906558436971536,0.011906558436971536,1.718058482431918,0.0022502253239722178,9.49361362304254e-05,-0.00020758662019136785,-5.385340181454629e-06
0.011906558436971536,0.011906558436971536,1.7303303287350031,0.002245881223411848,9.317969755168102e-05,-0.00022349348943817148,-5.712997061078162e-06
0.011906558436971536,0.011906558436971536,1.7426021750380885,0.0022414822710575336,9.133169502692494e-05,-0.0002393523781139965,-6.015159793001597e-06
0.011906558436971536,0.011906558436971536,1.7548740213411735,0.0022362148319657535,8.939838346303358e-05,-0.00025445157441598856,-6.2902998192950606e-06
0.011906558436971536,0.011906558436971536,1.7671458676442586,0.0022309473928739734,8.738518898834439e-05,-0.0002695507707179806,-6.536642707692253e-06
0.011906558436971536,0.011906558436971536,1.7794177139473437,0.0022251943032824107,8.529666195223347e-05,-0.00028417696297149846,-6.752105621759416e-06
0.011906558436971536,0.011906558436971536,1.7916895602504288,0.00221900137927595,8.313647529536131e-05,-0.00029837477419998305,-6.9342514878629315e-06
0.011906558436971536,0.011906558436971536,1.8039614065535141,0.002212808455269489,8.090746718723473e-05,-0.0003125725854284679,-7.0802642222937415e-06
0.011906558436971536,0.011906558436971536,1.8162332528565992,0.002205711339947534,7.86117250720955e-05,-0.00032580193158331165,-7.186948393996043e-06
0.011906558436971536,0.011906558436971536,1.8285050991596843,0.002198605182712424,7.625070632611362e-05,-0.000339021593087419,-7.250755461235486e-06
0.011906558436971536,0.011906558436971536,1.8407769454627694,0.002191095770045726,7.382538934051184e-05,-0.0003517678825235556,-7.267837360358867e-06
0.011906558436971536,0.011906558436971536,1.8530487917658545,0.0021831042041456075,7.133644762102858e-05,-0.00036394818361755313,-7.234126775388732e-06
0.011906558436971536,0.011906558436971536,1.8653206380689396,0.002175112638245489,6.878443872084536e-05,-0.0003761284847115507,-7.145441956365957e-06
0.011906558436971536,0.011906558436971536,1.8775924843720249,0.0021663455654727503,6.61699991946847e-05,-0.0003873084244968597,-6.997612598945589e-06
0.011906558436971536,0.011906558436971536,1.88986433067511,0.0021575117824313996,6.34940370692578e-05,-0.00039840231169647485,-6.78662208588177e-06
0.011906558436971536,0.011906558436971536,1.902136176978195,0.002148374913272603,6.075791315070961e-05,-0.00040906351540634335,-6.508760393408227e-06
0.011906558436971536,0.011906558436971536,1.9144080232812801,0.002138756214901457,5.796360371359081e-05,-0.0004190368633119994,-6.1607812798656015e-06
0.011906558436971536,0.011906558436971536,1.9266798695843652,0.0021291375165303113,5.511383763184059e-05,-0.00042901021121765547,-5.740056961569629e-06
0.011906558436971536,0.011906558436971536,1.9389517158874505,0.002118909613025608,5.221220269949771e-05,-0.00043801052041690403,-5.244723458926666e-06
0.011906558436971536,0.011906558436971536,1.9512235621905356,0.002108575452811564,4.926321697675577e-05,-0.00044684111356270927,-4.6738100766476225e-06
0.011906558436971536,0.011906558436971536,1.9634954084936207,0.0020980397211643673,4.627236289843404e-05,-0.0004553061144002425,-4.027347116591149e-06
0.011906558436971536,0.011906558436971536,1.9757672547967058,0.002087069351114436,4.3246083282792554e-05,-0.00046298280682306427,-3.306446855676035e-06
0.011906558436971536,0.011906558436971536,1.9880391010997909,0.002076098981064505,4.0191740061204696e-05,-0.00047065949924588607,-2.513353977226515e-06
0.011906558436971536,0.011906558436971536,2.000310947402876,0.0020646986752285335,3.711753812220027e-05,-0.00047743300626224174,-1.6514630219477646e-06
0.011906558436971536,0.011906558436971536,2.012582793705961,0.0020531786404394876,3.403241779003055e-05,-0.00048395499329198657,-7.253018730016609e-07
0.011906558436971536,0.011906558436971536,2.024854640009046,0.002041545163015164,3.0945920818356877e-05,-0.0004901933534224806,2.595181727319928e-07
0.011906558436971536,0.011906558436971536,2.0371264863121317,0.002029566819979595,2.786803539831254e-05,-0.0004955694877792524,1.2963837651140372e-06
0.011906558436971536,0.011906558436971536,2.0493983326152168,0.0020175884769440267,2.4809026488972625e-05,-0.0005009456221360239,2.377788948955457e-06
0.011906558436971536,0.011906558436971536,2.061670178918302,0.002005350307244665,2.17792577867949e-05,-0.000505517611584985,3.4954681780198873e-06
0.011906558436971536,0.011906558436971536,2.073942025221387,0.0019930074851390533,1.8789011891258563e-05,-0.000509765709334967,4.6405475132491655e-06
0.011906558436971536,0.011906558436971536,2.086213871524472,0.0019806164911160915,1.584831469073242e-05,-0.0005138174116437722,5.803707939376899e-06
0.011906558436971536,0.011906558436971536,2.098485717827557,0.0019680033710297953,1.2966769671681914e-05,-0.0005169635127515962,6.975354464684732e-06
0.011906558436971536,0.011906558436971536,2.110757564130642,0.0019553902509434986,1.0153406909484724e-05,-0.0005201096138594203,8.145784649757941e-06
0.011906558436971536,0.011906558436971536,2.1230294104337273,0.0019426628174123918,7.416550759408153e-06,-0.0005225680445204026,9.30535057871629e-06
0.011906558436971536,0.011906558436971536,2.1353012567368124,0.0019298720718195445,4.763709076605378e-06,-0.0005246456115492879,1.0444608852415245e-05
0.011906558436971536,0.011906558436971536,2.1475731030398975,0.0019170717373967233,2.201485966062107e-06,-0.0005266111623067115,1.1554454089607018e-05
0.011906558436971536,0.011906558436971536,2.1598449493429825,0.0019041929489104807,-2.6448121685982914e-07,-0.0005276602162976292,1.262623246926692e-05
0.011906558436971536,0.011906558436971536,2.172116795646068,0.0018913141604242375,-2.629560745988165e-06,-0.000528709270288547,1.3651833018440696e-05
0.011906558436971536,0.011906558436971536,2.184388641949153,0.001878433735715414,-4.8901424386116145e-06,-0.0005291939152300837,1.4623755628837029e-05
0.011906558436971536,0.011906558436971536,2.1966604882522383,0.0018655520979450216,-7.043632316620124e-06,-0.000529260118979838,1.553515600869956e-05
0.011906558436971536,0.011906558436971536,2.2089323345553233,0.0018526735069060564,-9.08842862916749e-06,-0.0005292893921255861,1.6379868938995346e-05
0.011906558436971536,0.011906558436971536,2.2212041808584084,0.001839868799104195,-1.1023882008252104e-05,-0.000528423098124184,1.7152412224245405e-05
0.011906558436971536,0.011906558436971536,2.2334760271614935,0.0018270640913023335,-1.2850242935085847e-05,-0.000527556804122782,1.784797456965827e-05
0.011906558436971536,0.011906558436971536,2.2457478734645786,0.0018143353924283314,-1.4568599637669702e-05,-0.0005262469504101717,1.8462391167518438e-05
0.011906558436971536,0.011906558436971536,2.2580197197676637,0.0018016812121110536,-1.6180809619837756e-05,-0.0005245022342355928,1.899211116026738e-05
0.011906558436971536,0.011906558436971536,2.270291566070749,0.001789027031793776,-1.7689427529685776e-05,-0.0005227575180610138,1.9434161157644298e-05
0.011906558436971536,0.011906558436971536,2.282563412373834,0.001776583806799537,-1.9097631971821097e-05,-0.0005202156223194101,1.9786108821972036e-05
0.011906558436971536,0.011906558436971536,2.2948352586769194,0.001764147039621309,-2.0409153220164916e-05,-0.0005176493231216728,2.0046030058404626e-05
0.011906558436971536,0.011906558436971536,2.3071071049800045,0.0017518310634874366,-2.1628203420229297e-05,-0.0005147506661365516,2.0212482727179948e-05
0.011906558436971536,0.011906558436971536,2.3193789512830896,0.0017396715666610247,-2.2759410388202818e-05,-0.0005114214547450469,2.0284488952718687e-05
0.011906558436971536,0.011906558436971536,2.3316507975861747,0.0017275120698346125,-2.380775545929889e-05,-0.0005080922433535422,2.0261527207847905e-05
0.011906558436971536,0.011906558436971536,2.3439226438892597,0.0017156498734439728,-2.4778515649012214e-05,-0.0005041293694250086,2.0143534398727283e-05
0.011906558436971536,0.011906558436971536,2.356194490192345,0.0017038203474308907,-2.5677209834060543e-05,-0.0005000968622506475,1.9930917201669643e-05
0.011906558436971536,0.011906558436971536,2.36846633649543,0.00169212839867805,-2.6509548469089322e-05,-0.0004958285958347768,1.962457108758493e-05
0.011906558436971536,0.011906558436971536,2.380738182798515,0.0016806744214023833,-2.728138616400165e-05,-0.0004911525296498084,1.9225904692231082e-05
0.011906558436971536,0.011906558436971536,2.3930100291016,0.0016692204441267166,-2.7998676305993838e-05,-0.00048647646346484003,1.87368666500991e-05
0.011906558436971536,0.011906558436971536,2.405281875404685,0.00165811092962729,-2.866742710466054e-05,-0.00048131431627708074,1.8159971676696315e-05
0.011906558436971536,0.011906558436971536,2.4175537217077703,0.0016470711278325787,-2.9293658226290285e-05,-0.0004760537955530424,1.7498322512245206e-05
0.011906558436971536,0.011906558436971536,2.429825568010856,0.0016361638414355935,-2.9883357675669225e-05,-0.00047063684288656314,1.675562450028812e-05
0.011906558436971536,0.011906558436971536,2.442097414313941,0.0016255701748132288,-3.0442438605052743e-05,-0.0004648496679563079,1.59361898606388e-05
0.011906558436971536,0.011906558436971536,2.454369260617026,0.001614976508190864,-3.0976695981638914e-05,-0.0004590624930260527,1.5044929268540622e-05
0.011906558436971536,0.011906558436971536,2.466641106920111,0.0016047425320697601,-3.1491763424591624e-05,-0.00045291643407304686,1.4087329044693296e-05
0.011906558436971536,0.011906558436971536,2.478912953223196,0.0015946206672737245,-3.199307055519932e-05,-0.00044665851516489805,1.3069413044934108e-05
0.011906558436971536,0.011906558436971536,2.4911847995262812,0.001584610755155965,-3.248580159462415e-05,-0.00044030558535477967,1.1997689270092668e-05
0.011906558436971536,0.011906558436971536,2.5034566458293663,0.0015749805086427932,-3.297485605023707e-05,-0.0004336304446597212,1.0879082047222845e-05
0.011906558436971536,0.011906558436971536,2.5157284921324514,0.0015653502621296215,-3.346481217248333e-05,-0.00042695530396466276,9.72085153495447e-06
0.011906558436971536,0.011906558436971536,2.5280003384355365,0.0015560707621816697,-3.395989442983751e-05,-0.00042002615485683644,8.530503033065343e-06
0.011906558436971536,0.011906558436971536,2.5402721847386216,0.0015469465928554579,-3.446394548854024e-05,-0.00041298451630907007,7.315689193005871e-06
0.011906558436971536,0.011906558436971536,2.552544031041707,0.0015379041192319163,-3.498040375820964e-05,-0.00040589235941779157,6.084108681548601e-06
0.011906558436971536,0.011906558436971536,2.564815877344792,0.0015292956540288115,-3.551228685274108e-05,-0.00039853182382660636,4.843405042049371e-06
0.011906558436971536,0.011906558436971536,2.5770877236478773,0.0015206871888257068,-3.6062181520502495e-05,-0.0003911712882354212,3.601069569224352e-06
0.011906558436971536,0.011906558436971536,2.5893595699509624,0.0015124037305995152,-3.663223990180898e-05,-0.00038363942829676504,2.3643517650183277e-06
0.011906558436971536,0.011906558436971536,2.6016314162540475,0.0015043163083276524,-3.722418226920189e-05,-0.00037600422986280884,1.1401805572877024e-06
0.011906558436971536,0.011906558436971536,2.6139032625571326,0.0014962754582186107,-3.783930565395911e-05,-0.00036834818328462327,-6.490109838036661e-08
0.011906558436971536,0.011906558436971536,2.6261751088602177,0.0014887106791072943,-3.847849771647262e-05,-0.00036047902234320365,-1.2447863712272222e-06
0.011906558436971536,0.011906558436971536,2.6384469551633027,0.0014811458999959778,-3.914225528995714e-05,-0.00035260986140178403,-2.3938383816245717e-06
0.011906558436971536,0.011906558436971536,2.650718801466388,0.0014738700196516878,-3.983070625635929e-05,-0.00034463153204295285,-3.5069075209191985e-06
0.011906558436971536,0.011906558436971536,2.662990647769473,0.0014668262901023294,-4.054363414107637e-05,-0.00033656547806298735,-4.579332911763799e-06
0.011906558436971536,0.011906558436971536,2.675262494072558,0.0014597927940872095,-4.1280504004060916e-05,-0.00032849618670407723,-5.606929493391452e-06
0.011906558436971536,0.011906558436971536,2.6875343403756435,0.0014532658580169039,-4.204048876964493e-05,-0.00032026664508740454,-6.585962893588575e-06
0.011906558436971536,0.011906558436971536,2.6998061866787286,0.0014467389219465986,-4.282249515896353e-05,-0.0003120371034707322,-7.513114829694777e-06
0.011906558436971536,0.011906558436971536,2.7120780329818137,0.0014404595988708987,-4.362518820482288e-05,-0.00030374268664892513,-8.385442158040786e-06
0.011906558436971536,0.011906558436971536,2.724349879284899,0.0014344430487690661,-4.444701398801596e-05,-0.00029537942267064877,-9.20033287390009e-06
0.011906558436971536,0.011906558436971536,2.736621725587984,0.0014284264986672336,-4.5286220124241514e-05,-0.00028701615869237236,-9.955462380118179e-06
0.011906558436971536,0.011906558436971536,2.748893571891069,0.0014228873940755635,-4.614087392587496e-05,-0.00027855069485739365,-1.0648753104811506e-05
0.011906558436971536,0.011906558436971536,2.761165418194154,0.0014173731564375478,-4.700887814702906e-05,-0.00027007990811321164,-1.1278340185855874e-05
0.011906558436971536,0.011906558436971536,2.773437264497239,0.0014120639406721394,-4.788798484798163e-05,-0.00026157387034357864,-1.1842545371365823e-05
0.011906558436971536,0.011906558436971536,2.7857091108003242,0.0014070427318230133,-4.877580755763056e-05,-0.0002530183132762883,-1.2339860646345378e-05
0.011906558436971536,0.011906558436971536,2.7979809571034093,0.0014020215229738871,-4.966983253980919e-05,-0.00024446275620899796,-1.276894234526295e-05
0.011906558436971536,0.011906558436971536,2.8102528034064944,0.001397425891263473,-5.056742956397568e-05,-0.00023584965005610082,-1.3128615748392573e-05
0.011906558436971536,0.011906558436971536,2.82252464970958,0.0013928876407403006,-5.146586307139498e-05,-0.00022722878447593056,-1.3417889421344755e-05
0.011906558436971536,0.011906558436971536,2.834796496012665,0.0013885131244276152,-5.236230418013949e-05,-0.00021859095655549468,-1.3635977872437517e-05
0.011906558436971536,0.011906558436971536,2.84706834231575,0.001384447364054704,-5.32538440869232e-05,-0.0002099211425077002,-1.3782330537038168e-05
0.011906558436971536,0.011906558436971536,2.859340188618835,0.001380381603681793,-5.413750938536008e-05,-0.00020125132845990573,-1.385666466590569e-05
0.011906558436971536,0.011906558436971536,2.8716120349219203,0.0013766909145175703,-5.501027938978165e-05,-0.00019255271364236278,-1.3858999435136308e-05
0.011906558436971536,0.011906558436971536,2.8838838812250054,0.0013730871320968242,-5.5869105494453935e-05,-0.00018384742547573177,-1.37896885140048e-05
0.011906558436971536,0.011906558436971536,2.8961557275280905,0.001369608584411478,-5.671093254543311e-05,-0.0001751353045296936,-1.3649448419706194e-05
0.011906558436971536,0.011906558436971536,2.9084275738311756,0.0013664565415719959,-5.753272178043086e-05,-0.00016640536955162956,-1.3439380275569344e-05
0.011906558436971536,0.011906558436971536,2.9206994201342606,0.0013633044987325137,-5.833147490460048e-05,-0.00015767543457356553,-1.3160983009831413e-05
0.011906558436971536,0.011906558436971536,2.9329712664373457,0.0013604807160877072,-5.9104258507146355e-05,-0.00014893346292789187,-1.2816156577503762e-05
0.011906558436971536,0.011906558436971536,2.945243112740431,0.0013577707303103884,-5.984822826622143e-05,-0.00014018731857078022,-1.2407194443864366e-05
0.011906558436971536,0.011906558436971536,2.9575149590435164,0.0013551508110270988,-6.056065210046032e-05,-0.0001314391179408004,-1.1936765238785228e-05
0.011906558436971536,0.011906558436971536,2.9697868053466014,0.0013528740021972552,-6.123893150633092e-05,-0.000122683083890372,-1.1407884182780228e-05
0.011906558436971536,0.011906558436971536,2.9820586516496865,0.0013505971933674113,-6.188062031308258e-05,-0.00011392704983994358,-1.0823875525578118e-05
0.011906558436971536,0.011906558436971536,2.9943304979527716,0.0013486067324636815,-6.248344034785543e-05,-0.00010516737764384175,-1.0188327792896611e-05
0.011906558436971536,0.011906558436971536,3.0066023442558567,0.0013467552345240955,-6.304529367606992e-05,-9.640593987704546e-05,-9.505044079414997e-06
0.011906558436971536,0.011906558436971536,3.018874190558942,0.0013449617653833227,-6.356427081912098e-05,-8.764416138375611e-05,-8.77798990885339e-06
0.011906558436971536,0.011906558436971536,3.031146036862027,0.0013435289037780332,-6.403865539442287e-05,-7.88802655186883e-05,-8.01124131154415e-06
0.011906558436971536,0.011906558436971536,3.043417883165112,0.0013420960421727437,-6.446692491599223e-05,-7.011636965362049e-05,-7.208935720824408e-06
0.011906558436971536,0.011906558436971536,3.055689729468197,0.0013409127957300815,-6.484774825398091e-05,-6.135201938635696e-05,-6.375228071477561e-06
0.011906558436971536,0.011906558436971536,3.067961575771282,0.0013398932313612734,-6.517998042812036e-05,-5.2587371150440497e-05,-5.514254122912344e-06
0.011906558436971536,0.011906558436971536,3.0802334220743677,0.0013389020415791317,-6.546265528835884e-05,-4.382272424546452e-05,-4.630102523980216e-06
0.011906558436971536,0.011906558436971536,3.0925052683774528,0.0013382918819607981,-6.569497674756614e-05,-3.505809521312254e-05,-3.72679655002291e-06
0.011906558436971536,0.011906558436971536,3.104777114680538,0.0013376817223424646,-6.587630962114582e-05,-2.6293466180780557e-05,-2.8082857917701576e-06
0.011906558436971536,0.011906558436971536,3.117048960983623,0.0013372891869026316,-6.60061707466711e-05,-1.7528925935462343e-05,-1.878447408286331e-06
0.011906558436971536,0.011906558436971536,3.129320807286708,0.0013370860650996417,-6.608422119114304e-05,-8.76446296773889e-06,-9.410959268988125e-07
0.011906558436971536,0.011906558436971536,0.0,0.0013368829432966521,-6.611026016556885e-05,-1.5434760018915462e-17,0.0
0.011906558436971536,0.011906558436971536,0.01227184630308513,0.0013370860650996437,-6.608422119114304e-05,8.764462967708201e-06,9.410959269040535e-07
0.011906558436971536,0.011906558436971536,0.02454369260617026,0.0013372891869026353,-6.60061707466711e-05,1.752892593543184e-05,1.8784474082964102e-06
0.011906558436971536,0.011906558436971536,0.03681553890925539,0.001337681722342468,-6.587630962114582e-05,2.629346618075024e-05,2.808285791778725e-06
0.011906558436971536,0.011906558436971536,0.04908738521234052,0.001338291881960799,-6.569497674756614e-05,3.505809521309241e-05,3.72679655002291e-06
0.011906558436971536,0.011906558436971536,0.06135923151542565,0.00133890204157913,-6.546265528835884e-05,4.382272424543458e-05,4.6301025239556606e-06
0.011906558436971536,0.011906558436971536,0.07363107781851078,0.0013398932313612728,-6.517998042629036e-05,5.258737115041023e-05,5.514254122912344e-06
0.011906558436971536,0.011906558436971536,0.0859029241215959,0.0013409127957300824,-6.484774825398091e-05,6.135201938632666e-05,6.375228071498526e-06
0.011906558436971536,0.011906558436971536,0.09817477042468103,0.001342096042172745,-6.446692491655505e-05,7.011636965359014e-05,7.2089357208156145e-06
0.011906558436971536,0.011906558436971536,0.11044661672776616,0.001343528903778033,-6.403865539442287e-05,7.888026551865786e-05,8.011241311566695e-06
0.011906558436971536,0.011906558436971536,0.1227184630308513,0.001344961765383321,-6.356427081912098e-05,8.764416138372559e-05,8.777989908826408e-06
0.011906558436971536,0.011906558436971536,0.1349903093339364,0.0013467552345240942,-6.304529367606992e-05,9.640593987701475e-05,9.505044079416606e-06
0.011906558436971536,0.011906558436971536,0.14726215563702155,0.0013486067324636809,-6.248344034785543e-05,0.00010516737764381085,1.0188327792947748e-05
0.011906558436971536,0.011906558436971536,0.1595340019401067,0.0013505971933674107,-6.188062031308258e-05,0.00011392704983991252,1.0823875525578118e-05
0.011906558436971536,0.011906558436971536,0.1718058482431918,0.0013528740021972535,-6.123893150633092e-05,0.00012268308389034078,1.1407884182760427e-05
0.011906558436971536,0.011906558436971536,0.18407769454627693,0.0013551508110270962,-6.056065210046032e-05,0.00013143911794076904,1.1936765238842412e-05
0.011906558436971536,0.011906558436971536,0.19634954084936207,0.001357770730310385,-5.984822826622143e-05,0.00014018731857074848,1.2407194443819278e-05
0.011906558436971536,0.011906558436971536,0.2086213871524472,0.0013604807160877033,-5.910425850685578e-05,0.00014893346292786013,1.2816156577548847e-05
0.011906558436971536,0.011906558436971536,0.22089323345553233,0.001363304498732509,-5.833147490460048e-05,0.00015767543457353365,1.3160983009747555e-05
0.011906558436971536,0.011906558436971536,0.23316507975861744,0.0013664565415719906,-5.753272178099367e-05,0.00016640536955159736,1.3439380275685988e-05
0.011906558436971536,0.011906558436971536,0.2454369260617026,0.0013696085844114721,-5.671093254543311e-05,0.00017513530452966107,1.3649448419594838e-05
0.011906558436971536,0.011906558436971536,0.25770877236478773,0.0013730871320968181,-5.586910549360053e-05,0.00018384742547569897,1.3789688513965205e-05
0.011906558436971536,0.011906558436971536,0.2699806186678728,0.001376690914517564,-5.501027938978165e-05,0.00019255271364232971,1.3858999435109639e-05
0.011906558436971536,0.011906558436971536,0.28225246497095796,0.0013803816036817864,-5.413750938536008e-05,0.00020125132845987258,1.3856664665908913e-05
0.011906558436971536,0.011906558436971536,0.2945243112740431,0.0013844473640546972,-5.32538440869232e-05,0.00020992114250766765,1.3782330537038168e-05
0.011906558436971536,0.011906558436971536,0.30679615757712825,0.0013885131244276078,-5.236230418013949e-05,0.00021859095655546275,1.363597787237806e-05
0.011906558436971536,0.011906558436971536,0.3190680038802134,0.0013928876407402937,-5.146586307139498e-05,0.0002272287844758987,1.3417889421425389e-05
0.011906558436971536,0.011906558436971536,0.3313398501832985,0.0013974258912634663,-5.056742956312228e-05,0.00023584965005606846,1.3128615748392573e-05
0.011906558436971536,0.011906558436971536,0.3436116964863836,0.001402021522973881,-4.966983253751292e-05,0.00024446275620896543,1.276894234522335e-05
0.011906558436971536,0.011906558436971536,0.35588354278946877,0.0014070427318230072,-4.877580755618769e-05,0.0002530183132762559,1.2339860646402568e-05
0.011906558436971536,0.011906558436971536,0.36815538909255385,0.0014120639406721334,-4.7887984845298226e-05,0.0002615738703435463,1.18425453712401e-05
0.011906558436971536,0.011906558436971536,0.380427235395639,0.0014173731564375413,-4.700887814519905e-05,0.0002700799081131795,1.1278340185855874e-05
0.011906558436971536,0.011906558436971536,0.39269908169872414,0.0014228873940755568,-4.614087392502157e-05,0.0002785506948573619,1.0648753104811506e-05
0.011906558436971536,0.011906558436971536,0.4049709280018093,0.0014284264986672264,-4.5286220124241514e-05,0.0002870161586923409,9.955462380028e-06
0.011906558436971536,0.011906558436971536,0.4172427743048944,0.0014344430487690596,-4.4447013989458826e-05,0.00029537942267061744,9.20033287390009e-06
0.011906558436971536,0.011906558436971536,0.4295146206079795,0.0014404595988708926,-4.362518820482288e-05,0.00030374268664889385,8.385442158040786e-06
0.011906558436971536,0.011906558436971536,0.44178646691106466,0.001446738921946593,-4.2822495160230734e-05,0.000312037103470701,7.51311482983829e-06
0.011906558436971536,0.011906558436971536,0.4540583132141498,0.0014532658580168987,-4.204048877010462e-05,0.00032026664508737353,6.585962893480646e-06
0.011906558436971536,0.011906558436971536,0.4663301595172349,0.0014597927940872043,-4.12805040022309e-05,0.00032849618670404606,5.606929493338115e-06
0.011906558436971536,0.011906558436971536,0.47860200582032003,0.001466826290102323,-4.054363413924635e-05,0.0003365654780629564,4.57933291156569e-06
0.011906558436971536,0.011906558436971536,0.4908738521234052,0.0014738700196516802,-3.983070625635929e-05,0.00034463153204292206,3.506907521038107e-06
0.011906558436971536,0.011906558436971536,0.5031456984264903,0.0014811458999959694,-3.914225529006027e-05,0.0003526098614017532,2.3938383818210155e-06
0.011906558436971536,0.011906558436971536,0.5154175447295755,0.0014887106791072848,-3.847849771647262e-05,0.00036047902234317264,1.2447863711128465e-06
0.011906558436971536,0.011906558436971536,0.5276893910326605,0.0014962754582186003,-3.783930565395911e-05,0.00036834818328459194,6.490109838036661e-08
0.011906558436971536,0.011906558436971536,0.5399612373357456,0.0015043163083276415,-3.722418226920189e-05,0.0003760042298627774,-1.140180557485812e-06
0.011906558436971536,0.011906558436971536,0.5522330836388308,0.0015124037305995037,-3.663223990180898e-05,0.0003836394282967335,-2.3643517650183277e-06
0.011906558436971536,0.011906558436971536,0.5645049299419159,0.0015206871888256946,-3.6062181520502495e-05,0.00039117128823538955,-3.601069569224352e-06
0.011906558436971536,0.011906558436971536,0.5767767762450011,0.0015292956540287998,-3.5512286852178277e-05,0.00039853182382657476,-4.843405041959194e-06
0.011906558436971536,0.011906558436971536,0.5890486225480862,0.0015379041192319048,-3.4980403754186484e-05,0.00040589235941775986,-6.084108681548601e-06
0.011906558436971536,0.011906558436971536,0.6013204688511713,0.0015469465928554457,-3.44639454925634e-05,0.0004129845163090382,-7.315689193178117e-06
0.011906558436971536,0.011906558436971536,0.6135923151542565,0.001556070762181657,-3.395989442937783e-05,0.0004200261548568048,-8.530503033083505e-06
0.011906558436971536,0.011906558436971536,0.6258641614573416,0.0015653502621296087,-3.3464812176506485e-05,0.00042695530396463137,-9.72085153466785e-06
0.011906558436971536,0.011906558436971536,0.6381360077604268,0.001574980508642781,-3.297485605482304e-05,0.0004336304446596905,-1.0879082047061575e-05
0.011906558436971536,0.011906558436971536,0.6504078540635119,0.0015846107551559531,-3.2485801593181296e-05,0.00044030558535474953,-1.1997689269955597e-05
0.011906558436971536,0.011906558436971536,0.662679700366597,0.0015946206672737128,-3.199307055519932e-05,0.00044665851516486796,-1.3069413044934108e-05
0.011906558436971536,0.011906558436971536,0.6749515466696822,0.0016047425320697484,-3.1491763424131936e-05,0.0004529164340730168,-1.4087329044693296e-05
0.011906558436971536,0.011906558436971536,0.6872233929727672,0.001614976508190852,-3.0976695981638914e-05,0.0004590624930260226,-1.5044929268540622e-05
0.011906558436971536,0.011906558436971536,0.6994952392758523,0.0016255701748132164,-3.0442438605052743e-05,0.00046484966795627827,-1.59361898606388e-05
0.011906558436971536,0.011906558436971536,0.7117670855789375,0.0016361638414355809,-2.9883357675669225e-05,0.000470636842886534,-1.6755624500054833e-05
0.011906558436971536,0.011906558436971536,0.7240389318820226,0.001647071127832565,-2.9293658225830597e-05,0.00047605379555301316,-1.7498322512210034e-05
0.011906558436971536,0.011906558436971536,0.7363107781851077,0.0016581109296272757,-2.866742710466054e-05,0.0004813143162770516,-1.815997167674965e-05
0.011906558436971536,0.011906558436971536,0.7485826244881929,0.0016692204441267017,-2.7998676304163824e-05,0.0004864764634648109,-1.87368666500991e-05
0.011906558436971536,0.011906558436971536,0.760854470791278,0.0016806744214023673,-2.7281386165735103e-05,0.0004911525296497791,-1.9225904692231082e-05
0.011906558436971536,0.011906558436971536,0.7731263170943632,0.0016921283986780329,-2.6509548469089322e-05,0.0004958285958347475,-1.962457108758493e-05
0.011906558436971536,0.011906558436971536,0.7853981633974483,0.0017038203474308725,-2.5677209834060543e-05,0.0005000968622506176,-1.9930917201669643e-05
0.011906558436971536,0.011906558436971536,0.7976700097005334,0.0017156498734439533,-2.4778515649012214e-05,0.0005041293694249781,-2.0143534398727283e-05
0.011906558436971536,0.011906558436971536,0.8099418560036186,0.001727512069834592,-2.380775545929889e-05,0.0005080922433535113,-2.0261527207847905e-05
0.011906558436971536,0.011906558436971536,0.8222137023067037,0.0017396715666610036,-2.2759410388202818e-05,0.0005114214547450168,-2.0284488952718687e-05
0.011906558436971536,0.011906558436971536,0.8344855486097889,0.0017518310634874155,-2.162820341994789e-05,0.0005147506661365223,-2.0212482727179948e-05
0.011906558436971536,0.011906558436971536,0.8467573949128739,0.0017641470396212878,-2.0409153220164916e-05,0.0005176493231216436,-2.004603005836945e-05
0.011906558436971536,0.011906558436971536,0.859029241215959,0.0017765838067995154,-1.9097631972772366e-05,0.0005202156223193807,-1.9786108821738746e-05
0.011906558436971536,0.011906558436971536,0.8713010875190442,0.0017890270317937544,-1.7689427529245756e-05,0.0005227575180609845,-1.9434161157816547e-05
0.011906558436971536,0.011906558436971536,0.8835729338221293,0.0018016812121110313,-1.6180809619167888e-05,0.0005245022342355637,-1.8992111160148473e-05
0.011906558436971536,0.011906558436971536,0.8958447801252144,0.0018143353924283082,-1.4568599639254578e-05,0.0005262469504101429,-1.846239116746343e-05
0.011906558436971536,0.011906558436971536,0.9081166264282996,0.0018270640913023103,-1.2850242933219564e-05,0.0005275568041227532,-1.784797456965827e-05
0.011906558436971536,0.011906558436971536,0.9203884727313847,0.0018398687991041719,-1.1023882008252104e-05,0.0005284230981241552,-1.7152412224245405e-05
0.011906558436971536,0.011906558436971536,0.9326603190344698,0.0018526735069060334,-9.088428628252481e-06,0.0005292893921255571,-1.6379868939156618e-05
0.011906558436971536,0.011906558436971536,0.944932165337555,0.0018655520979449984,-7.043632316620124e-06,0.000529260118979809,-1.553515600869956e-05
0.011906558436971536,0.011906558436971536,0.9572040116406401,0.00187843373571539,-4.8901424386116145e-06,0.0005291939152300547,-1.4623755628837029e-05
0.011906558436971536,0.011906558436971536,0.9694758579437253,0.0018913141604242133,-2.629560745988165e-06,0.0005287092702885182,-1.3651833018530874e-05
0.011906558436971536,0.011906558436971536,0.9817477042468103,0.001904192948910455,-2.6448121522339e-07,0.0005276602162976011,-1.2626232469273363e-05
0.011906558436971536,0.011906558436971536,0.9940195505498954,0.001917071737396697,2.201485966062107e-06,0.0005266111623066841,-1.1554454089750125e-05
0.011906558436971536,0.011906558436971536,1.0062913968529805,0.0019298720718195189,4.763709074312396e-06,0.0005246456115492608,-1.0444608852415245e-05
0.011906558436971536,0.011906558436971536,1.0185632431560658,0.0019426628174123673,7.416550759356589e-06,0.0005225680445203755,-9.30535057851985e-06
0.011906558436971536,0.011906558436971536,1.030835089459151,0.0019553902509434743,1.0153406910348169e-05,0.0005201096138593934,-8.145784649559832e-06
0.011906558436971536,0.011906558436971536,1.043106935762236,0.001968003371029771,1.2966769671681914e-05,0.0005169635127515696,-6.975354464684732e-06
0.011906558436971536,0.011906558436971536,1.055378782065321,0.0019806164911160677,1.584831469073242e-05,0.0005138174116437457,-5.803707939663523e-06
0.011906558436971536,0.011906558436971536,1.0676506283684062,0.0019930074851390294,1.8789011891258563e-05,0.0005097657093349406,-4.640547513445609e-06
0.011906558436971536,0.011906558436971536,1.0799224746714913,0.002005350307244641,2.17792577867949e-05,0.0005055176115849589,-3.495468178156959e-06
0.011906558436971536,0.011906558436971536,1.0921943209745766,0.0020175884769440032,2.4809026488972625e-05,0.000500945622135998,-2.3777889489490115e-06
0.011906558436971536,0.011906558436971536,1.1044661672776617,0.002029566819979573,2.7868035398593953e-05,0.000495569487779227,-1.2963837649175935e-06
0.011906558436971536,0.011906558436971536,1.1167380135807468,0.0020415451630151427,3.0945920816771997e-05,0.000490193353422456,-2.5951817261761685e-07
0.011906558436971536,0.011906558436971536,1.1290098598838318,0.002053178640439465,3.403241779003055e-05,0.0004839549932919619,7.253018729664852e-07
0.011906558436971536,0.011906558436971536,1.141281706186917,0.0020646986752285088,3.711753812033399e-05,0.00047743300626221685,1.651463021749655e-06
0.011906558436971536,0.011906558436971536,1.1535535524900022,0.002076098981064479,4.0191740061204696e-05,0.0004706594992458609,2.513353977112139e-06
0.011906558436971536,0.011906558436971536,1.1658253987930873,0.0020870693511144105,4.3246083282792554e-05,0.0004629828068230393,3.306446855729372e-06
0.011906558436971536,0.011906558436971536,1.1780972450961724,0.0020980397211643417,4.627236289815263e-05,0.00045530611440021765,4.027347116605515e-06
0.011906558436971536,0.011906558436971536,1.1903690913992575,0.0021085754528115384,4.9263216976474364e-05,0.0004468411135626847,4.673810076692712e-06
0.011906558436971536,0.011906558436971536,1.2026409377023426,0.002118909613025583,5.221220269972755e-05,0.00043801052041687985,5.244723458881577e-06
0.011906558436971536,0.011906558436971536,1.214912784005428,0.0021291375165302866,5.5113837630744035e-05,0.00042901021121763167,5.740056961626817e-06
0.011906558436971536,0.011906558436971536,1.227184630308513,0.002138756214901433,5.796360371330941e-05,0.0004190368633119761,6.160781279784967e-06
0.011906558436971536,0.011906558436971536,1.239456476611598,0.0021483749132725797,6.075791315070961e-05,0.0004090635154063206,6.508760393408227e-06
0.011906558436971536,0.011906558436971536,1.2517283229146832,0.0021575117824313775,6.349403707017282e-05,0.00039840231169645246,6.786622085864181e-06
0.011906558436971536,0.011906558436971536,1.2640001692177683,0.0021663455654727295,6.61699991946847e-05,0.00038730842449683775,6.997612598987454e-06
0.011906558436971536,0.011906558436971536,1.2762720155208536,0.0021751126382454694,6.878443872084536e-05,0.00037612848471152915,7.14544195634837e-06
0.011906558436971536,0.011906558436971536,1.2885438618239387,0.00218310420414559,7.133644762102858e-05,0.0003639481836175322,7.234126775388732e-06
0.011906558436971536,0.011906558436971536,1.3008157081270237,0.0021910957700457113,7.382538933850026e-05,0.0003517678825235352,7.267837360373232e-06
0.011906558436971536,0.011906558436971536,1.3130875544301088,0.0021986051827124114,7.625070632606206e-05,0.0003390215930873988,7.250755461235486e-06
0.011906558436971536,0.011906558436971536,1.325359400733194,0.002205711339947523,7.86117250720955e-05,0.00032580193158329127,7.186948393978456e-06
0.011906558436971536,0.011906558436971536,1.337631247036279,0.00221280845526948,8.090746718723473e-05,0.00031257258542844726,7.0802642222937415e-06
0.011906558436971536,0.011906558436971536,1.3499030933393643,0.002219001379275942,8.313647529550659e-05,0.00029837477419996343,6.934251487737208e-06
0.011906558436971536,0.011906558436971536,1.3621749396424494,0.0022251943032824046,8.529666195223347e-05,0.0002841769629714798,6.75210562167878e-06
0.011906558436971536,0.011906558436971536,1.3744467859455345,0.0022309473928739682,8.738518898728408e-05,0.00026955077071796245,6.53664270756653e-06
0.011906558436971536,0.011906558436971536,1.3867186322486196,0.0022362148319657474,8.939838346125186e-05,0.0002544515744159704,6.2902998192774745e-06
0.011906558436971536,0.011906558436971536,1.3989904785517047,0.002241482271057527,9.133169502692494e-05,0.0002393523781139783,6.015159792965717e-06
0.011906558436971536,0.011906558436971536,1.41126232485479,0.0022458812234118423,9.31796975513996e-05,0.0002234934894381527,5.712997061133841e-06
0.011906558436971536,0.011906558436971536,1.423534171157875,0.002250225323972213,9.49361362304254e-05,0.00020758662019134845,5.385340181454629e-06
0.011906558436971536,0.011906558436971536,1.4358060174609601,0.0022542001989116654,9.6594019165117e-05,0.0001913972333416475,5.033545961723985e-06
0.011906558436971536,0.011906558436971536,1.4480778637640452,0.0022576347436741645,9.814575056870571e-05,0.00017479440609746358,4.658879656026491e-06
0.011906558436971536,0.011906558436971536,1.4603497100671303,0.0022610692884366635,9.958330081443395e-05,0.0001581915788532797,4.2625956172307e-06
0.011906558436971536,0.011906558436971536,1.4726215563702154,0.002263729755565705,0.00010089840676085016,0.00014109559512337462,3.846013016247351e-06
0.011906558436971536,0.011906558436971536,1.4848934026733007,0.0022662758703170765,0.00010208279466019053,0.00012392675873080592,3.4105817864574713e-06
0.011906558436971536,0.011906558436971536,1.4971652489763858,0.0022685306808252793,0.00010312841632765867,0.00010661688634423105,2.9579347616133153e-06
0.011906558436971536,0.011906558436971536,1.509437095279471,0.0022702114506190025,0.00010402768919162144,8.90290900871141e-05,2.4899230153896307e-06
0.011906558436971536,0.011906558436971536,1.521708941582556,0.002271892220412725,0.00010477372992380825,7.144129382999715e-05,2.0086326037860935e-06
0.011906558436971536,0.011906558436971536,1.533980787885641,0.0022728945819949025,0.00010536057213843535,5.3646814081084256e-05,1.5163821906206185e-06
0.011906558436971536,0.011906558436971536,1.5462526341887264,0.0022737294353766977,0.00010578335866812074,3.580130137123377e-05,1.015702323375679e-06
0.011906558436971536,0.011906558436971536,1.5585244804918115,0.0022743411101316764,0.00010603850046905453,1.7932527327855058e-05,5.092983453301452e-07
0.011906558436971536,0.011906558436971536,1.5707963267948966,0.002274341110131677,0.00010612379519074452,-9.33012767658727e-18,2.5436434625146786e-21
0.011906558436971536,0.011906558436971536,1.5830681730979816,0.0022743411101316773,0.00010603850046905453,-1.7932527327873717e-05,-5.092983453338612e-07
0.011906558436971536,0.011906558436971536,1.5953400194010667,0.0022737294353766986,0.00010578335866812074,-3.58013013712519e-05,-1.0157023233704453e-06
0.011906558436971536,0.011906558436971536,1.607611865704152,0.002272894581994904,0.00010536057213843535,-5.364681408110165e-05,-1.5163821906206185e-06
0.011906558436971536,0.011906558436971536,1.6198837120072371,0.0022718922204127273,0.00010477372992558998,-7.144129383001405e-05,-2.0086326037860935e-06
0.011906558436971536,0.011906558436971536,1.6321555583103222,0.002270211450619005,0.00010402768919162144,-8.902909008713144e-05,-2.4899230153896307e-06
0.011906558436971536,0.011906558436971536,1.6444274046134073,0.002268530680825283,0.00010312841632765867,-0.00010661688634424883,-2.957934761628179e-06
0.011906558436971536,0.011906558436971536,1.6566992509164924,0.0022662758703170804,0.00010208279466019053,-0.0001239267587308242,-3.410581786436507e-06
0.011906558436971536,0.011906558436971536,1.6689710972195777,0.0022637297555657084,0.00010089840676085016,-0.00014109559512339343,-3.846013016267152e-06
0.011906558436971536,0.011906558436971536,1.6812429435226628,0.0022610692884366666,9.958330081443395e-05,-0.00015819157885329897,-4.262595617190384e-06
0.011906558436971536,0.011906558436971536,1.6935147898257479,0.002257634743674168,9.814575056870571e-05,-0.0001747944060974831,-4.658879656062269e-06
0.011906558436971536,0.011906558436971536,1.705786636128833,0.0022542001989116693,9.659401916439555e-05,-0.00019139723334166722,-5.03354596169085e-06
0.011906558436971536,0.011906558436971536,1.718058482431918,0.0022502253239722178,9.49361362304254e-05,-0.00020758662019136785,-5.385340181454629e-06
0.011906558436971536,0.011906558436971536,1.7303303287350031,0.002245881223411848,9.317969755168102e-05,-0.00022349348943817148,-5.712997061078162e-06
0.011906558436971536,0.011906558436971536,1.7426021750380885,0.0022414822710575336,9.133169502692494e-05,-0.0002393523781139965,-6.015159793001597e-06
0.011906558436971536,0.011906558436971536,1.7548740213411735,0.0022362148319657535,8.939838346303358e-05,-0.00025445157441598856,-6.2902998192950606e-06
0.011906558436971536,0.011906558436971536,1.7671458676442586,0.0022309473928739734,8.738518898834439e-05,-0.0002695507707179806,-6.536642707692253e-06
0.011906558436971536,0.011906558436971536,1.7794177139473437,0.0022251943032824107,8.529666195223347e-05,-0.00028417696297149846,-6.752105621759416e-06
0.011906558436971536,0.011906558436971536,1.7916895602504288,0.00221900137927595,8.313647529536131e-05,-0.00029837477419998305,-6.9342514878629315e-06
0.011906558436971536,0.011906558436971536,1.8039614065535141,0.002212808455269489,8.090746718723473e-05,-0.0003125725854284679,-7.0802642222937415e-06
0.011906558436971536,0.011906558436971536,1.8162332528565992,0.002205711339947534,7.86117250720955e-05,-0.00032580193158331165,-7.186948393996043e-06
0.011906558436971536,0.011906558436971536,1.8285050991596843,0.002198605182712424,7.625070632611362e-05,-0.000339021593087419,-7.250755461235486e-06
0.011906558436971536,0.011906558436971536,1.8407769454627694,0.002191095770045726,7.382538934051184e-05,-0.0003517678825235556,-7.267837360358867e-06
0.011906558436971536,0.011906558436971536,1.8530487917658545,0.0021831042041456075,7.133644762102858e-05,-0.00036394818361755313,-7.234126775388732e-06
0.011906558436971536,0.011906558436971536,1.8653206380689396,0.002175112638245489,6.878443872084536e-05,-0.0003761284847115507,-7.145441956365957e-06
0.011906558436971536,0.011906558436971536,1.8775924843720249,0.0021663455654727503,6.61699991946847e-05,-0.0003873084244968597,-6.997612598945589e-06
0.011906558436971536,0.011906558436971536,1.88986433067511,0.0021575117824313996,6.34940370692578e-05,-0.00039840231169647485,-6.78662208588177e-06
0.011906558436971536,0.011906558436971536,1.902136176978195,0.002148374913272603,6.075791315070961e-05,-0.00040906351540634335,-6.508760393408227e-06
0.011906558436971536,0.011906558436971536,1.9144080232812801,0.002138756214901457,5.796360371359081e-05,-0.0004190368633119994,-6.1607812798656015e-06
0.011906558436971536,0.011906558436971536,1.9266798695843652,0.0021291375165303113,5.511383763184059e-05,-0.00042901021121765547,-5.740056961569629e-06
0.011906558436971536,0.011906558436971536,1.9389517158874505,0.002118909613025608,5.221220269949771e-05,-0.00043801052041690403,-5.244723458926666e-06
0.011906558436971536,0.011906558436971536,1.9512235621905356,0.002108575452811564,4.926321697675577e-05,-0.00044684111356270927,-4.6738100766476225e-06
0.011906558436971536,0.011906558436971536,1.9634954084936207,0.0020980397211643673,4.627236289843404e-05,-0.0004553061144002425,-4.027347116591149e-06
0.011906558436971536,0.011906558436971536,1.9757672547967058,0.002087069351114436,4.3246083282792554e-05,-0.00046298280682306427,-3.306446855676035e-06
0.011906558436971536,0.011906558436971536,1.9880391010997909,0.002076098981064505,4.0191740061204696e-05,-0.00047065949924588607,-2.513353977226515e-06
0.011906558436971536,0.011906558436971536,2.000310947402876,0.0020646986752285335,3.711753812220027e-05,-0.00047743300626224174,-1.6514630219477646e-06
0.011906558436971536,0.011906558436971536,2.012582793705961,0.0020531786404394876,3.403241779003055e-05,-0.00048395499329198657,-7.253018730016609e-07
0.011906558436971536,0.011906558436971536,2.024854640009046,0.002041545163015164,3.0945920818356877e-05,-0.0004901933534224806,2.595181727319928e-07
0.011906558436971536,0.011906558436971536,2.0371264863121317,0.002029566819979595,2.786803539831254e-05,-0.0004955694877792524,1.2963837651140372e-06
0.011906558436971536,0.011906558436971536,2.0493983326152168,0.0020175884769440267,2.4809026488972625e-05,-0.0005009456221360239,2.377788948955457e-06
0.011906558436971536,0.011906558436971536,2.061670178918302,0.002005350307244665,2.17792577867949e-05,-0.000505517611584985,3.4954681780198873e-06
0.011906558436971536,0.011906558436971536,2.073942025221387,0.0019930074851390533,1.8789011891258563e-05,-0.000509765709334967,4.6405475132491655e-06
0.011906558436971536,0.011906558436971536,2.086213871524472,0.0019806164911160915,1.584831469073242e-05,-0.0005138174116437722,5.803707939376899e-06
0.011906558436971536,0.011906558436971536,2.098485717827557,0.0019680033710297953,1.2966769671681914e-05,-0.0005169635127515962,6.975354464684732e-06
0.011906558436971536,0.011906558436971536,2.110757564130642,0.0019553902509434986,1.0153406909484724e-05,-0.0005201096138594203,8.145784649757941e-06
0.011906558436971536,0.011906558436971536,2.1230294104337273,0.0019426628174123918,7.416550759408153e-06,-0.0005225680445204026,9.30535057871629e-06
0.011906558436971536,0.011906558436971536,2.1353012567368124,0.0019298720718195445,4.763709076605378e-06,-0.0005246456115492879,1.0444608852415245e-05
0.011906558436971536,0.011906558436971536,2.1475731030398975,0.0019170717373967233,2.201485966062107e-06,-0.0005266111623067115,1.1554454089607018e-05
0.011906558436971536,0.011906558436971536,2.1598449493429825,0.0019041929489104807,-2.6448121685982914e-07,-0.0005276602162976292,1.262623246926692e-05
0.011906558436971536,0.011906558436971536,2.172116795646068,0.0018913141604242375,-2.629560745988165e-06,-0.000528709270288547,1.3651833018440696e-05
0.011906558436971536,0.011906558436971536,2.184388641949153,0.001878433735715414,-4.8901424386116145e-06,-0.0005291939152300837,1.4623755628837029e-05
0.011906558436971536,0.011906558436971536,2.1966604882522383,0.0018655520979450216,-7.043632316620124e-06,-0.000529260118979838,1.553515600869956e-05
0.011906558436971536,0.011906558436971536,2.2089323345553233,0.0018526735069060564,-9.08842862916749e-06,-0.0005292893921255861,1.6379868938995346e-05
0.011906558436971536,0.011906558436971536,2.2212041808584084,0.001839868799104195,-1.1023882008252104e-05,-0.000528423098124184,1.7152412224245405e-05
0.011906558436971536,0.011906558436971536,2.2334760271614935,0.0018270640913023335,-1.2850242935085847e-05,-0.000527556804122782,1.784797456965827e-05
0.011906558436971536,0.011906558436971536,2.2457478734645786,0.0018143353924283314,-1.4568599637669702e-05,-0.0005262469504101717,1.8462391167518438e-05
0.011906558436971536,0.011906558436971536,2.2580197197676637,0.0018016812121110536,-1.6180809619837756e-05,-0.0005245022342355928,1.899211116026738e-05
0.011906558436971536,0.011906558436971536,2.270291566070749,0.001789027031793776,-1.7689427529685776e-05,-0.0005227575180610138,1.9434161157644298e-05
0.011906558436971536,0.011906558436971536,2.282563412373834,0.001776583806799537,-1.9097631971821097e-05,-0.0005202156223194101,1.9786108821972036e-05
0.011906558436971536,0.011906558436971536,2.2948352586769194,0.001764147039621309,-2.0409153220164916e-05,-0.0005176493231216728,2.0046030058404626e-05
0.011906558436971536,0.011906558436971536,2.3071071049800045,0.0017518310634874366,-2.1628203420229297e-05,-0.0005147506661365516,2.0212482727179948e-05
0.011906558436971536,0.011906558436971536,2.3193789512830896,0.0017396715666610247,-2.2759410388202818e-05,-0.0005114214547450469,2.0284488952718687e-05
0.011906558436971536,0.011906558436971536,2.3316507975861747,0.0017275120698346125,-2.380775545929889e-05,-0.0005080922433535422,2.0261527207847905e-05
0.011906558436971536,0.011906558436971536,2.3439226438892597,0.0017156498734439728,-2.4778515649012214e-05,-0.0005041293694250086,2.0143534398727283e-05
0.011906558436971536,0.011906558436971536,2.356194490192345,0.0017038203474308907,-2.5677209834060543e-05,-0.0005000968622506475,1.9930917201669643e-05
0.011906558436971536,0.011906558436971536,2.36846633649543,0.00169212839867805,-2.6509548469089322e-05,-0.0004958285958347768,1.962457108758493e-05
0.011906558436971536,0.011906558436971536,2.380738182798515,0.0016806744214023833,-2.728138616400165e-05,-0.0004911525296498084,1.9225904692231082e-05
0.011906558436971536,0.011906558436971536,2.3930100291016,0.0016692204441267166,-2.7998676305993838e-05,-0.00048647646346484003,1.87368666500991e-05
0.011906558436971536,0.011906558436971536,2.405281875404685,0.00165811092962729,-2.866742710466054e-05,-0.00048131431627708074,1.8159971676696315e-05
0.011906558436971536,0.011906558436971536,2.4175537217077703,0.0016470711278325787,-2.9293658226290285e-05,-0.0004760537955530424,1.7498322512245206e-05
0.011906558436971536,0.011906558436971536,2.429825568010856,0.0016361638414355935,-2.9883357675669225e-05,-0.00047063684288656314,1.675562450028812e-05
0.011906558436971536,0.011906558436971536,2.442097414313941,0.0016255701748132288,-3.0442438605052743e-05,-0.0004648496679563079,1.59361898606388e-05
0.011906558436971536,0.011906558436971536,2.454369260617026,0.001614976508190864,-3.0976695981638914e-05,-0.0004590624930260527,1.5044929268540622e-05
0.011906558436971536,0.011906558436971536,2.466641106920111,0.0016047425320697601,-3.1491763424591624e-05,-0.00045291643407304686,1.4087329044693296e-05
0.011906558436971536,0.011906558436971536,2.478912953223196,0.0015946206672737245,-3.199307055519932e-05,-0.00044665851516489805,1.3069413044934108e-05
0.011906558436971536,0.011906558436971536,2.4911847995262812,0.001584610755155965,-3.248580159462415e-05,-0.00044030558535477967,1.1997689270092668e-05
0.011906558436971536,0.011906558436971536,2.5034566458293663,0.0015749805086427932,-3.297485605023707e-05,-0.0004336304446597212,1.0879082047222845e-05
0.011906558436971536,0.011906558436971536,2.5157284921324514,0.0015653502621296215,-3.346481217248333e-05,-0.00042695530396466276,9.72085153495447e-06
0.011906558436971536,0.011906558436971536,2.5280003384355365,0.0015560707621816697,-3.395989442983751e-05,-0.00042002615485683644,8.530503033065343e-06
0.011906558436971536,0.011906558436971536,2.5402721847386216,0.0015469465928554579,-3.446394548854024e-05,-0.00041298451630907007,7.315689193005871e-06
0.011906558436971536,0.011906558436971536,2.552544031041707,0.0015379041192319163,-3.498040375820964e-05,-0.00040589235941779157,6.084108681548601e-06
0.011906558436971536,0.011906558436971536,2.564815877344792,0.0015292956540288115,-3.551228685274108e-05,-0.00039853182382660636,4.843405042049371e-06
0.011906558436971536,0.011906558436971536,2.5770877236478773,0.0015206871888257068,-3.6062181520502495e-05,-0.0003911712882354212,3.601069569224352e-06
0.011906558436971536,0.011906558436971536,2.5893595699509624,0.0015124037305995152,-3.663223990180898e-05,-0.00038363942829676504,2.3643517650183277e-06
0.011906558436971536,0.011906558436971536,2.6016314162540475,0.0015043163083276524,-3.722418226920189e-05,-0.00037600422986280884,1.1401805572877024e-06
0.011906558436971536,0.011906558436971536,2.6139032625571326,0.0014962754582186107,-3.783930565395911e-05,-0.00036834818328462327,-6.490109838036661e-08
0.011906558436971536,0.011906558436971536,2.6261751088602177,0.0014887106791072943,-3.847849771647262e-05,-0.00036047902234320365,-1.2447863712272222e-06
0.011906558436971536,0.011906558436971536,2.6384469551633027,0.0014811458999959778,-3.914225528995714e-05,-0.00035260986140178403,-2.3938383816245717e-06
0.011906558436971536,0.011906558436971536,2.650718801466388,0.0014738700196516878,-3.983070625635929e-05,-0.00034463153204295285,-3.5069075209191985e-06
0.011906558436971536,0.011906558436971536,2.662990647769473,0.0014668262901023294,-4.054363414107637e-05,-0.00033656547806298735,-4.579332911763799e-06
0.011906558436971536,0.011906558436971536,2.675262494072558,0.0014597927940872095,-4.1280504004060916e-05,-0.00032849618670407723,-5.606929493391452e-06
0.011906558436971536,0.011906558436971536,2.6875343403756435,0.0014532658580169039,-4.204048876964493e-05,-0.00032026664508740454,-6.585962893588575e-06
0.011906558436971536,0.011906558436971536,2.6998061866787286,0.0014467389219465986,-4.282249515896353e-05,-0.0003120371034707322,-7.513114829694777e-06
0.011906558436971536,0.011906558436971536,2.7120780329818137,0.0014404595988708987,-4.362518820482288e-05,-0.00030374268664892513,-8.385442158040786e-06
0.011906558436971536,0.011906558436971536,2.724349879284899,0.0014344430487690661,-4.444701398801596e-05,-0.00029537942267064877,-9.20033287390009e-06
0.011906558436971536,0.011906558436971536,2.736621725587984,0.0014284264986672336,-4.5286220124241514e-05,-0.00028701615869237236,-9.955462380118179e-06
0.011906558436971536,0.011906558436971536,2.748893571891069,0.0014228873940755635,-4.614087392587496e-05,-0.00027855069485739365,-1.0648753104811506e-05
0.011906558436971536,0.011906558436971536,2.761165418194154,0.0014173731564375478,-4.700887814702906e-05,-0.00027007990811321164,-1.1278340185855874e-05
0.011906558436971536,0.011906558436971536,2.773437264497239,0.0014120639406721394,-4.788798484798163e-05,-0.00026157387034357864,-1.1842545371365823e-05
0.011906558436971536,0.011906558436971536,2.7857091108003242,0.0014070427318230133,-4.877580755763056e-05,-0.0002530183132762883,-1.2339860646345378e-05
0.011906558436971536,0.011906558436971536,2.7979809571034093,0.0014020215229738871,-4.966983253980919e-05,-0.00024446275620899796,-1.276894234526295e-05
0.011906558436971536,0.011906558436971536,2.8102528034064944,0.001397425891263473,-5.056742956397568e-05,-0.00023584965005610082,-1.3128615748392573e-05
0.011906558436971536,0.011906558436971536,2.82252464970958,0.0013928876407403006,-5.146586307139498e-05,-0.00022722878447593056,-1.3417889421344755e-05
0.011906558436971536,0.011906558436971536,2.834796496012665,0.0013885131244276152,-5.236230418013949e-05,-0.00021859095655549468,-1.3635977872437517e-05
0.011906558436971536,0.011906558436971536,2.84706834231575,0.001384447364054704,-5.32538440869232e-05,-0.0002099211425077002,-1.3782330537038168e-05
0.011906558436971536,0.011906558436971536,2.859340188618835,0.001380381603681793,-5.413750938536008e-05,-0.00020125132845990573,-1.385666466590569e-05
0.011906558436971536,0.011906558436971536,2.8716120349219203,0.0013766909145175703,-5.501027938978165e-05,-0.00019255271364236278,-1.3858999435136308e-05
0.011906558436971536,0.011906558436971536,2.8838838812250054,0.0013730871320968242,-5.5869105494453935e-05,-0.00018384742547573177,-1.37896885140048e-05
0.011906558436971536,0.011906558436971536,2.8961557275280905,0.001369608584411478,-5.671093254543311e-05,-0.0001751353045296936,-1.3649448419706194e-05
0.011906558436971536,0.011906558436971536,2.9084275738311756,0.0013664565415719959,-5.753272178043086e-05,-0.00016640536955162956,-1.3439380275569344e-05
0.011906558436971536,0.011906558436971536,2.9206994201342606,0.0013633044987325137,-5.833147490460048e-05,-0.00015767543457356553,-1.3160983009831413e-05
0.011906558436971536,0.011906558436971536,2.9329712664373457,0.0013604807160877072,-5.9104258507146355e-05,-0.00014893346292789187,-1.2816156577503762e-05
0.011906558436971536,0.011906558436971536,2.945243112740431,0.0013577707303103884,-5.984822826622143e-05,-0.00014018731857078022,-1.2407194443864366e-05
0.011906558436971536,0.011906558436971536,2.9575149590435164,0.0013551508110270988,-6.056065210046032e-05,-0.0001314391179408004,-1.1936765238785228e-05
0.011906558436971536,0.011906558436971536,2.9697868053466014,0.0013528740021972552,-6.123893150633092e-05,-0.000122683083890372,-1.1407884182780228e-05
0.011906558436971536,0.011906558436971536,2.9820586516496865,0.0013505971933674113,-6.188062031308258e-05,-0.00011392704983994358,-1.0823875525578118e-05
0.011906558436971536,0.011906558436971536,2.9943304979527716,0.0013486067324636815,-6.248344034785543e-05,-0.00010516737764384175,-1.0188327792896611e-05
0.011906558436971536,0.011906558436971536,3.0066023442558567,0.0013467552345240955,-6.304529367606992e-05,-9.640593987704546e-05,-9.505044079414997e-06
0.011906558436971536,0.011906558436971536,3.018874190558942,0.0013449617653833227,-6.356427081912098e-05,-8.764416138375611e-05,-8.77798990885339e-06
0.011906558436971536,0.011906558436971536,3.031146036862027,0.0013435289037780332,-6.403865539442287e-05,-7.88802655186883e-05,-8.01124131154415e-06
0.011906558436971536,0.011906558436971536,3.043417883165112,0.0013420960421727437,-6.446692491599223e-05,-7.011636965362049e-05,-7.208935720824408e-06
0.011906558436971536,0.011906558436971536,3.055689729468197,0.0013409127957300815,-6.484774825398091e-05,-6.135201938635696e-05,-6.375228071477561e-06
0.011906558436971536,0.011906558436971536,3.067961575771282,0.0013398932313612734,-6.517998042812036e-05,-5.2587371150440497e-05,-5.514254122912344e-06
0.011906558436971536,0.011906558436971536,3.0802334220743677,0.0013389020415791317,-6.546265528835884e-05,-4.382272424546452e-05,-4.630102523980216e-06
0.011906558436971536,0.011906558436971536,3.0925052683774528,0.0013382918819607981,-6.569497674756614e-05,-3.505809521312254e-05,-3.72679655002291e-06
0.011906558436971536,0.011906558436971536,3.104777114680538,0.0013376817223424646,-6.587630962114582e-05,-2.6293466180780557e-05,-2.8082857917701576e-06
0.011906558436971536,0.011906558436971536,3.117048960983623,0.0013372891869026316,-6.60061707466711e-05,-1.7528925935462343e-05,-1.878447408286331e-06
0.011906558436971536,0.011906558436971536,3.129320807286708,0.0013370860650996417,-6.608422119114304e-05,-8.76446296773889e-06,-9.410959268988125e-07
0.011906558436971536,0.011906558436971536,0.0,0.0013368829432966521,-6.611026016556885e-05,-1.5434760018915462e-17,0.0
0.011906558436971536,0.011906558436971536,0.01227184630308513,0.0013370860650996437,-6.608422119114304e-05,8.764462967708201e-06,9.410959269040535e-07
0.011906558436971536,0.011906558436971536,0.02454369260617026,0.0013372891869026353,-6.60061707466711e-05,1.752892593543184e-05,1.8784474082964102e-06
0.011906558436971536,0.011906558436971536,0.03681553890925539,0.001337681722342468,-6.587630962114582e-05,2.629346618075024e-05,2.808285791778725e-06
0.011906558436971536,0.011906558436971536,0.04908738521234052,0.001338291881960799,-6.569497674756614e-05,3.505809521309241e-05,3.72679655002291e-06
0.011906558436971536,0.011906558436971536,0.06135923151542565,0.00133890204157913,-6.546265528835884e-05,4.382272424543458e-05,4.6301025239556606e-06
0.011906558436971536,0.011906558436971536,0.07363107781851078,0.0013398932313612728,-6.517998042629036e-05,5.258737115041023e-05,5.514254122912344e-06
0.011906558436971536,0.011906558436971536,0.0859029241215959,0.0013409127957300824,-6.484774825398091e-05,6.135201938632666e-05,6.375228071498526e-06
0.011906558436971536,0.011906558436971536,0.09817477042468103,0.001342096042172745,-6.446692491655505e-05,7.011636965359014e-05,7.2089357208156145e-06
0.011906558436971536,0.011906558436971536,0.11044661672776616,0.001343528903778033,-6.403865539442287e-05,7.888026551865786e-05,8.011241311566695e-06
0.011906558436971536,0.011906558436971536,0.1227184630308513,0.001344961765383321,-6.356427081912098e-05,8.764416138372559e-05,8.777989908826408e-06
0.011906558436971536,0.011906558436971536,0.1349903093339364,0.0013467552345240942,-6.304529367606992e-05,9.640593987701475e-05,9.505044079416606e-06
0.011906558436971536,0.011906558436971536,0.14726215563702155,0.0013486067324636809,-6.248344034785543e-05,0.00010516737764381085,1.0188327792947748e-05
0.011906558436971536,0.011906558436971536,0.1595340019401067,0.0013505971933674107,-6.188062031308258e-05,0.00011392704983991252,1.0823875525578118e-05
0.011906558436971536,0.011906558436971536,0.1718058482431918,0.0013528740021972535,-6.123893150633092e-05,0.00012268308389034078,1.1407884182760427e-05
0.011906558436971536,0.011906558436971536,0.18407769454627693,0.0013551508110270962,-6.056065210046032e-05,0.00013143911794076904,1.1936765238842412e-05
0.011906558436971536,0.011906558436971536,0.19634954084936207,0.001357770730310385,-5.984822826622143e-05,0.00014018731857074848,1.2407194443819278e-05
0.011906558436971536,0.011906558436971536,0.2086213871524472,0.0013604807160877033,-5.910425850685578e-05,0.00014893346292786013,1.2816156577548847e-05
0.011906558436971536,0.011906558436971536,0.22089323345553233,0.001363304498732509,-5.833147490460048e-05,0.00015767543457353365,1.3160983009747555e-05
0.011906558436971536,0.011906558436971536,0.23316507975861744,0.0013664565415719906,-5.753272178099367e-05,0.00016640536955159736,1.3439380275685988e-05
0.011906558436971536,0.011906558436971536,0.2454369260617026,0.0013696085844114721,-5.671093254543311e-05,0.00017513530452966107,1.3649448419594838e-05
0.011906558436971536,0.011906558436971536,0.25770877236478773,0.0013730871320968181,-5.586910549360053e-05,0.00018384742547569897,1.3789688513965205e-05
0.011906558436971536,0.011906558436971536,0.2699806186678728,0.001376690914517564,-5.501027938978165e-05,0.00019255271364232971,1.3858999435109639e-05
0.011906558436971536,0.011906558436971536,0.28225246497095796,0.0013803816036817864,-5.413750938536008e-05,0.00020125132845987258,1.3856664665908913e-05
0.011906558436971536,0.011906558436971536,0.2945243112740431,0.0013844473640546972,-5.32538440869232e-05,0.00020992114250766765,1.3782330537038168e-05
0.011906558436971536,0.011906558436971536,0.30679615757712825,0.0013885131244276078,-5.236230418013949e-05,0.00021859095655546275,1.363597787237806e-05
0.011906558436971536,0.011906558436971536,0.3190680038802134,0.0013928876407402937,-5.146586307139498e-05,0.0002272287844758987,1.3417889421425389e-05
0.011906558436971536,0.011906558436971536,0.3313398501832985,0.0013974258912634663,-5.056742956312228e-05,0.00023584965005606846,1.3128615748392573e-05
0.011906558436971536,0.011906558436971536,0.3436116964863836,0.001402021522973881,-4.966983253751292e-05,0.00024446275620896543,1.276894234522335e-05
0.011906558436971536,0.011906558436971536,0.35588354278946877,0.0014070427318230072,-4.877580755618769e-05,0.0002530183132762559,1.2339860646402568e-05
0.011906558436971536,0.011906558436971536,0.36815538909255385,0.0014120639406721334,-4.7887984845298226e-05,0.0002615738703435463,1.18425453712401e-05
0.011906558436971536,0.011906558436971536,0.380427235395639,0.0014173731564375413,-4.700887814519905e-05,0.0002700799081131795,1.1278340185855874e-05
0.011906558436971536,0.011906558436971536,0.39269908169872414,0.0014228873940755568,-4.614087392502157e-05,0.0002785506948573619,1.0648753104811506e-05
0.011906558436971536,0.011906558436971536,0.4049709280018093,0.0014284264986672264,-4.5286220124241514e-05,0.0002870161586923409,9.955462380028e-06
0.011906558436971536,0.011906558436971536,0.4172427743048944,0.0014344430487690596,-4.4447013989458826e-05,0.00029537942267061744,9.20033287390009e-06
0.011906558436971536,0.011906558436971536,0.4295146206079795,0.0014404595988708926,-4.362518820482288e-05,0.00030374268664889385,8.385442158040786e-06
0.011906558436971536,0.011906558436971536,0.44178646691106466,0.001446738921946593,-4.2822495160230734e-05,0.000312037103470701,7.51311482983829e-06
0.011906558436971536,0.011906558436971536,0.4540583132141498,0.0014532658580168987,-4.204048877010462e-05,0.00032026664508737353,6.585962893480646e-06
0.011906558436971536,0.011906558436971536,0.4663301595172349,0.0014597927940872043,-4.12805040022309e-05,0.00032849618670404606,5.606929493338115e-06
0.011906558436971536,0.011906558436971536,0.47860200582032003,0.001466826290102323,-4.054363413924635e-05,0.0003365654780629564,4.57933291156569e-06
0.011906558436971536,0.011906558436971536,0.4908738521234052,0.0014738700196516802,-3.983070625635929e-05,0.00034463153204292206,3.506907521038107e-06
0.011906558436971536,0.011906558436971536,0.5031456984264903,0.0014811458999959694,-3.914225529006027e-05,0.0003526098614017532,2.3938383818210155e-06
0.011906558436971536,0.011906558436971536,0.5154175447295755,0.0014887106791072848,-3.847849771647262e-05,0.00036047902234317264,1.2447863711128465e-06
0.011906558436971536,0.011906558436971536,0.5276893910326605,0.0014962754582186003,-3.783930565395911e-05,0.00036834818328459194,6.490109838036661e-08
0.011906558436971536,0.011906558436971536,0.5399612373357456,0.0015043163083276415,-3.722418226920189e-05,0.0003760042298627774,-1.140180557485812e-06
0.011906558436971536,0.011906558436971536,0.5522330836388308,0.0015124037305995037,-3.663223990180898e-05,0.0003836394282967335,-2.3643517650183277e-06
0.011906558436971536,0.011906558436971536,0.5645049299419159,0.0015206871888256946,-3.6062181520502495e-05,0.00039117128823538955,-3.601069569224352e-06
0.011906558436971536,0.011906558436971536,0.5767767762450011,0.0015292956540287998,-3.5512286852178277e-05,0.00039853182382657476,-4.843405041959194e-06
0.011906558436971536,0.011906558436971536,0.5890486225480862,0.0015379041192319048,-3.4980403754186484e-05,0.00040589235941775986,-6.084108681548601e-06
0.011906558436971536,0.011906558436971536,0.6013204688511713,0.0015469465928554457,-3.44639454925634e-05,0.0004129845163090382,-7.315689193178117e-06
0.011906558436971536,0.011906558436971536,0.6135923151542565,0.001556070762181657,-3.395989442937783e-05,0.0004200261548568048,-8.530503033083505e-06
0.011906558436971536,0.011906558436971536,0.6258641614573416,0.0015653502621296087,-3.3464812176506485e-05,0.00042695530396463137,-9.72085153466785e-06
0.011906558436971536,0.011906558436971536,0.6381360077604268,0.001574980508642781,-3.297485605482304e-05,0.0004336304446596905,-1.0879082047061575e-05
0.011906558436971536,0.011906558436971536,0.6504078540635119,0.0015846107551559531,-3.2485801593181296e-05,0.00044030558535474953,-1.1997689269955597e-05
0.011906558436971536,0.011906558436971536,0.662679700366597,0.0015946206672737128,-3.199307055519932e-05,0.00044665851516486796,-1.3069413044934108e-05
0.011906558436971536,0.011906558436971536,0.6749515466696822,0.0016047425320697484,-3.1491763424131936e-05,0.0004529164340730168,-1.4087329044693296e-05
0.011906558436971536,0.011906558436971536,0.6872233929727672,0.001614976508190852,-3.0976695981638914e-05,0.0004590624930260226,-1.5044929268540622e-05
0.011906558436971536,0.011906558436971536,0.6994952392758523,0.0016255701748132164,-3.0442438605052743e-05,0.00046484966795627827,-1.59361898606388e-05
0.011906558436971536,0.011906558436971536,0.7117670855789375,0.0016361638414355809,-2.9883357675669225e-05,0.000470636842886534,-1.6755624500054833e-05
0.011906558436971536,0.011906558436971536,0.7240389318820226,0.001647071127832565,-2.9293658225830597e-05,0.00047605379555301316,-1.7498322512210034e-05
0.011906558436971536,0.011906558436971536,0.7363107781851077,0.0016581109296272757,-2.866742710466054e-05,0.0004813143162770516,-1.815997167674965e-05
0.011906558436971536,0.011906558436971536,0.7485826244881929,0.0016692204441267017,-2.7998676304163824e-05,0.0004864764634648109,-1.87368666500991e-05
0.011906558436971536,0.011906558436971536,0.760854470791278,0.0016806744214023673,-2.7281386165735103e-05,0.0004911525296497791,-1.9225904692231082e-05
0.011906558436971536,0.011906558436971536,0.7731263170943632,0.0016921283986780329,-2.6509548469089322e-05,0.0004958285958347475,-1.962457108758493e-05
0.011906558436971536,0.011906558436971536,0.7853981633974483,0.0017038203474308725,-2.5677209834060543e-05,0.0005000968622506176,-1.9930917201669643e-05
0.011906558436971536,0.011906558436971536,0.7976700097005334,0.0017156498734439533,-2.4778515649012214e-05,0.0005041293694249781,-2.0143534398727283e-05
0.011906558436971536,0.011906558436971536,0.8099418560036186,0.001727512069834592,-2.380775545929889e-05,0.0005080922433535113,-2.0261527207847905e-05
0.011906558436971536,0.011906558436971536,0.8222137023067037,0.0017396715666610036,-2.2759410388202818e-05,0.0005114214547450168,-2.0284488952718687e-05
0.011906558436971536,0.011906558436971536,0.8344855486097889,0.0017518310634874155,-2.162820341994789e-05,0.0005147506661365223,-2.0212482727179948e-05
0.011906558436971536,0.011906558436971536,0.8467573949128739,0.0017641470396212878,-2.0409153220164916e-05,0.0005176493231216436,-2.004603005836945e-05
0.011906558436971536,0.011906558436971536,0.859029241215959,0.0017765838067995154,-1.9097631972772366e-05,0.0005202156223193807,-1.9786108821738746e-05
0.011906558436971536,0.011906558436971536,0.8713010875190442,0.0017890270317937544,-1.7689427529245756e-05,0.0005227575180609845,-1.9434161157816547e-05
0.011906558436971536,0.011906558436971536,0.8835729338221293,0.0018016812121110313,-1.6180809619167888e-05,0.0005245022342355637,-1.8992111160148473e-05
0.011906558436971536,0.011906558436971536,0.8958447801252144,0.0018143353924283082,-1.4568599639254578e-05,0.0005262469504101429,-1.846239116746343e-05
0.011906558436971536,0.011906558436971536,0.9081166264282996,0.0018270640913023103,-1.2850242933219564e-05,0.0005275568041227532,-1.784797456965827e-05
0.011906558436971536,0.011906558436971536,0.9203884727313847,0.0018398687991041719,-1.1023882008252104e-05,0.0005284230981241552,-1.7152412224245405e-05
0.011906558436971536,0.011906558436971536,0.9326603190344698,0.0018526735069060334,-9.088428628252481e-06,0.0005292893921255571,-1.6379868939156618e-05
0.011906558436971536,0.011906558436971536,0.944932165337555,0.0018655520979449984,-7.043632316620124e-06,0.000529260118979809,-1.553515600869956e-05
0.011906558436971536,0.011906558436971536,0.9572040116406401,0.00187843373571539,-4.8901424386116145e-06,0.0005291939152300547,-1.4623755628837029e-05
0.011906558436971536,0.011906558436971536,0.9694758579437253,0.0018913141604242133,-2.629560745988165e-06,0.0005287092702885182,-1.3651833018530874e-05
0.011906558436971536,0.011906558436971536,0.9817477042468103,0.001904192948910455,-2.6448121522339e-07,0.0005276602162976011,-1.2626232469273363e-05
0.011906558436971536,0.011906558436971536,0.9940195505498954,0.001917071737396697,2.201485966062107e-06,0.0005266111623066841,-1.1554454089750125e-05
0.011906558436971536,0.011906558436971536,1.0062913968529805,0.0019298720718195189,4.763709074312396e-06,0.0005246456115492608,-1.0444608852415245e-05
0.011906558436971536,0.011906558436971536,1.0185632431560658,0.0019426628174123673,7.416550759356589e-06,0.0005225680445203755,-9.30535057851985e-06
0.011906558436971536,0.011906558436971536,1.030835089459151,0.0019553902509434743,1.0153406910348169e-05,0.0005201096138593934,-8.145784649559832e-06
0.011906558436971536,0.011906558436971536,1.043106935762236,0.001968003371029771,1.2966769671681914e-05,0.0005169635127515696,-6.975354464684732e-06
0.011906558436971536,0.011906558436971536,1.055378782065321,0.0019806164911160677,1.584831469073242e-05,0.0005138174116437457,-5.803707939663523e-06
0.011906558436971536,0.011906558436971536,1.0676506283684062,0.0019930074851390294,1.8789011891258563e-05,0.0005097657093349406,-4.640547513445609e-06
0.011906558436971536,0.011906558436971536,1.0799224746714913,0.002005350307244641,2.17792577867949e-05,0.0005055176115849589,-3.495468178156959e-06
0.011906558436971536,0.011906558436971536,1.0921943209745766,0.0020175884769440032,2.4809026488972625e-05,0.000500945622135998,-2.3777889489490115e-06
0.011906558436971536,0.011906558436971536,1.1044661672776617,0.002029566819979573,2.7868035398593953e-05,0.000495569487779227,-1.2963837649175935e-06
0.011906558436971536,0.011906558436971536,1.1167380135807468,0.0020415451630151427,3.0945920816771997e-05,0.000490193353422456,-2.5951817261761685e-07
0.011906558436971536,0.011906558436971536,1.1290098598838318,0.002053178640439465,3.403241779003055e-05,0.0004839549932919619,7.253018729664852e-07
0.011906558436971536,0.011906558436971536,1.141281706186917,0.0020646986752285088,3.711753812033399e-05,0.00047743300626221685,1.651463021749655e-06
0.011906558436971536,0.011906558436971536,1.1535535524900022,0.002076098981064479,4.0191740061204696e-05,0.0004706594992458609,2.513353977112139e-06
0.011906558436971536,0.011906558436971536,1.1658253987930873,0.0020870693511144105,4.3246083282792554e-05,0.0004629828068230393,3.306446855729372e-06
0.011906558436971536,0.011906558436971536,1.1780972450961724,0.0020980397211643417,4.627236289815263e-05,0.00045530611440021765,4.027347116605515e-06
0.011906558436971536,0.011906558436971536,1.1903690913992575,0.0021085754528115384,4.9263216976474364e-05,0.0004468411135626847,4.673810076692712e-06
0.011906558436971536,0.011906558436971536,1.2026409377023426,0.002118909613025583,5.221220269972755e-05,0.00043801052041687985,5.244723458881577e-06
0.011906558436971536,0.011906558436971536,1.214912784005428,0.0021291375165302866,5.5113837630744035e-05,0.00042901021121763167,5.740056961626817e-06
0.011906558436971536,0.011906558436971536,1.227184630308513,0.002138756214901433,5.796360371330941e-05,0.0004190368633119761,6.160781279784967e-06
0.011906558436971536,0.011906558436971536,1.239456476611598,0.0021483749132725797,6.075791315070961e-05,0.0004090635154063206,6.508760393408227e-06
0.011906558436971536,0.011906558436971536,1.2517283229146832,0.0021575117824313775,6.349403707017282e-05,0.00039840231169645246,6.786622085864181e-06
0.011906558436971536,0.011906558436971536,1.2640001692177683,0.0021663455654727295,6.61699991946847e-05,0.00038730842449683775,6.997612598987454e-06
0.011906558436971536,0.011906558436971536,1.2762720155208536,0.0021751126382454694,6.878443872084536e-05,0.00037612848471152915,7.14544195634837e-06
0.011906558436971536,0.011906558436971536,1.2885438618239387,0.00218310420414559,7.133644762102858e-05,0.0003639481836175322,7.234126775388732e-06
0.011906558436971536,0.011906558436971536,1.3008157081270237,0.0021910957700457113,7.382538933850026e-05,0.0003517678825235352,7.267837360373232e-06
0.011906558436971536,0.011906558436971536,1.3130875544301088,0.0021986051827124114,7.625070632606206e-05,0.0003390215930873988,7.250755461235486e-06
0.011906558436971536,0.011906558436971536,1.325359400733194,0.002205711339947523,7.86117250720955e-05,0.00032580193158329127,7.186948393978456e-06
0.011906558436971536,0.011906558436971536,1.337631247036279,0.00221280845526948,8.090746718723473e-05,0.00031257258542844726,7.0802642222937415e-06
0.011906558436971536,0.011906558436971536,1.3499030933393643,0.002219001379275942,8.313647529550659e-05,0.00029837477419996343,6.934251487737208e-06
0.011906558436971536,0.011906558436971536,1.3621749396424494,0.0022251943032824046,8.529666195223347e-05,0.0002841769629714798,6.75210562167878e-06
0.011906558436971536,0.011906558436971536,1.3744467859455345,0.0022309473928739682,8.738518898728408e-05,0.00026955077071796245,6.53664270756653e-06
0.011906558436971536,0.011906558436971536,1.3867186322486196,0.0022362148319657474,8.939838346125186e-05,0.0002544515744159704,6.2902998192774745e-06
0.011906558436971536,0.011906558436971536,1.3989904785517047,0.002241482271057527,9.133169502692494e-05,0.0002393523781139783,6.015159792965717e-06
0.011906558436971536,0.011906558436971536,1.41126232485479,0.0022458812234118423,9.31796975513996e-05,0.0002234934894381527,5.712997061133841e-06
0.011906558436971536,0.011906558436971536,1.423534171157875,0.002250225323972213,9.49361362304254e-05,0.00020758662019134845,5.385340181454629e-06
0.011906558436971536,0.011906558436971536,1.4358060174609601,0.0022542001989116654,9.6594019165117e-05,0.0001913972333416475,5.033545961723985e-06
0.011906558436971536,0.011906558436971536,1.4480778637640452,0.0022576347436741645,9.814575056870571e-05,0.00017479440609746358,4.658879656026491e-06
0.011906558436971536,0.011906558436971536,1.4603497100671303,0.0022610692884366635,9.958330081443395e-05,0.0001581915788532797,4.2625956172307e-06
0.011906558436971536,0.011906558436971536,1.4726215563702154,0.002263729755565705,0.00010089840676085016,0.00014109559512337462,3.846013016247351e-06
0.011906558436971536,0.011906558436971536,1.4848934026733007,0.0022662758703170765,0.00010208279466019053,0.00012392675873080592,3.4105817864574713e-06
0.011906558436971536,0.011906558436971536,1.4971652489763858,0.0022685306808252793,0.00010312841632765867,0.00010661688634423105,2.9579347616133153e-06
0.011906558436971536,0.011906558436971536,1.509437095279471,0.0022702114506190025,0.00010402768919162144,8.90290900871141e-05,2.4899230153896307e-06
0.011906558436971536,0.011906558436971536,1.521708941582556,0.002271892220412725,0.00010477372992380825,7.144129382999715e-05,2.0086326037860935e-06
0.011906558436971536,0.011906558436971536,1.533980787885641,0.0022728945819949025,0.00010536057213843535,5.3646814081084256e-05,1.5163821906206185e-06
0.011906558436971536,0.011906558436971536,1.5462526341887264,0.0022737294353766977,0.00010578335866812074,3.580130137123377e-05,1.015702323375679e-06
0.011906558436971536,0.011906558436971536,1.5585244804918115,0.0022743411101316764,0.00010603850046905453,1.7932527327855058e-05,5.092983453301452e-07
0.011906558436971536,0.011906558436971536,1.5707963267948966,0.002274341110131677,0.00010612379519074452,-9.33012767658727e-18,2.5436434625146786e-21
0.011906558436971536,0.011906558436971536,1.5830681730979816,0.0022743411101316773,0.00010603850046905453,-1.7932527327873717e-05,-5.092983453338612e-07
0.011906558436971536,0.011906558436971536,1.5953400194010667,0.0022737294353766986,0.00010578335866812074,-3.58013013712519e-05,-1.0157023233704453e-06
0.011906558436971536,0.011906558436971536,1.607611865704152,0.002272894581994904,0.00010536057213843535,-5.364681408110165e-05,-1.5163821906206185e-06
0.011906558436971536,0.011906558436971536,1.6198837120072371,0.0022718922204127273,0.00010477372992558998,-7.144129383001405e-05,-2.0086326037860935e-06
0.011906558436971536,0.011906558436971536,1.6321555583103222,0.002270211450619005,0.00010402768919162144,-8.902909008713144e-05,-2.4899230153896307e-06
0.011906558436971536,0.011906558436971536,1.6444274046134073,0.002268530680825283,0.00010312841632765867,-0.00010661688634424883,-2.957934761628179e-06
0.011906558436971536,0.011906558436971536,1.6566992509164924,0.0022662758703170804,0.00010208279466019053,-0.0001239267587308242,-3.410581786436507e-06
0.011906558436971536,0.011906558436971536,1.6689710972195777,0.0022637297555657084,0.00010089840676085016,-0.00014109559512339343,-3.846013016267152e-06
0.011906558436971536,0.011906558436971536,1.6812429435226628,0.0022610692884366666,9.958330081443395e-05,-0.00015819157885329897,-4.262595617190384e-06
0.011906558436971536,0.011906558436971536,1.6935147898257479,0.002257634743674168,9.814575056870571e-05,-0.0001747944060974831,-4.658879656062269e-06
0.011906558436971536,0.011906558436971536,1.705786636128833,0.0022542001989116693,9.659401916439555e-05,-0.00019139723334166722,-5.03354596169085e-06
0.011906558436971536,0.011906558436971536,1.718058482431918,0.0022502253239722178,9.49361362304254e-05,-0.00020758662019136785,-5.385340181454629e-06
0.011906558436971536,0.011906558436971536,1.7303303287350031,0.002245881223411848,9.317969755168102e-05,-0.00022349348943817148,-5.712997061078162e-06
0.011906558436971536,0.011906558436971536,1.7426021750380885,0.0022414822710575336,9.133169502692494e-05,-0.0002393523781139965,-6.015159793001597e-06
0.011906558436971536,0.011906558436971536,1.7548740213411735,0.0022362148319657535,8.939838346303358e-05,-0.00025445157441598856,-6.2902998192950606e-06
0.011906558436971536,0.011906558436971536,1.7671458676442586,0.0022309473928739734,8.738518898834439e-05,-0.0002695507707179806,-6.536642707692253e-06
0.011906558436971536,0.011906558436971536,1.7794177139473437,0.0022251943032824107,8.529666195223347e-05,-0.00028417696297149846,-6.752105621759416e-06
0.011906558436971536,0.011906558436971536,1.7916895602504288,0.00221900137927595,8.313647529536131e-05,-0.00029837477419998305,-6.9342514878629315e-06
0.011906558436971536,0.011906558436971536,1.8039614065535141,0.002212808455269489,8.090746718723473e-05,-0.0003125725854284679,-7.0802642222937415e-06
0.011906558436971536,0.011906558436971536,1.8162332528565992,0.002205711339947534,7.86117250720955e-05,-0.00032580193158331165,-7.186948393996043e-06
0.011906558436971536,0.011906558436971536,1.8285050991596843,0.002198605182712424,7.625070632611362e-05,-0.000339021593087419,-7.250755461235486e-06
0.011906558436971536,0.011906558436971536,1.8407769454627694,0.002191095770045726,7.382538934051184e-05,-0.0003517678825235556,-7.267837360358867e-06
0.011906558436971536,0.011906558436971536,1.8530487917658545,0.0021831042041456075,7.133644762102858e-05,-0.00036394818361755313,-7.234126775388732e-06
0.011906558436971536,0.011906558436971536,1.8653206380689396,0.002175112638245489,6.878443872084536e-05,-0.0003761284847115507,-7.145441956365957e-06
0.011906558436971536,0.011906558436971536,1.8775924843720249,0.0021663455654727503,6.61699991946847e-05,-0.0003873084244968597,-6.997612598945589e-06
0.011906558436971536,0.011906558436971536,1.88986433067511,0.0021575117824313996,6.34940370692578e-05,-0.00039840231169647485,-6.78662208588177e-06
0.011906558436971536,0.011906558436971536,1.902136176978195,0.002148374913272603,6.075791315070961e-05,-0.00040906351540634335,-6.508760393408227e-06
0.011906558436971536,0.011906558436971536,1.9144080232812801,0.002138756214901457,5.796360371359081e-05,-0.0004190368633119994,-6.1607812798656015e-06
0.011906558436971536,0.011906558436971536,1.9266798695843652,0.0021291375165303113,5.511383763184059e-05,-0.00042901021121765547,-5.740056961569629e-06
0.011906558436971536,0.011906558436971536,1.9389517158874505,0.002118909613025608,5.221220269949771e-05,-0.00043801052041690403,-5.244723458926666e-06
0.011906558436971536,0.011906558436971536,1.9512235621905356,0.002108575452811564,4.926321697675577e-05,-0.00044684111356270927,-4.6738100766476225e-06
0.011906558436971536,0.011906558436971536,1.9634954084936207,0.0020980397211643673,4.627236289843404e-05,-0.0004553061144002425,-4.027347116591149e-06
0.011906558436971536,0.011906558436971536,1.9757672547967058,0.002087069351114436,4.3246083282792554e-05,-0.00046298280682306427,-3.306446855676035e-06
0.011906558436971536,0.011906558436971536,1.9880391010997909,0.002076098981064505,4.0191740061204696e-05,-0.00047065949924588607,-2.513353977226515e-06
0.011906558436971536,0.011906558436971536,2.000310947402876,0.0020646986752285335,3.711753812220027e-05,-0.00047743300626224174,-1.6514630219477646e-06
0.011906558436971536,0.011906558436971536,2.012582793705961,0.0020531786404394876,3.403241779003055e-05,-0.00048395499329198657,-7.253018730016609e-07
0.011906558436971536,0.011906558436971536,2.024854640009046,0.002041545163015164,3.0945920818356877e-05,-0.0004901933534224806,2.595181727319928e-07
0.011906558436971536,0.011906558436971536,2.0371264863121317,0.002029566819979595,2.786803539831254e-05,-0.0004955694877792524,1.2963837651140372e-06
0.011906558436971536,0.011906558436971536,2.0493983326152168,0.0020175884769440267,2.4809026488972625e-05,-0.0005009456221360239,2.377788948955457e-06
0.011906558436971536,0.011906558436971536,2.061670178918302,0.002005350307244665,2.17792577867949e-05,-0.000505517611584985,3.4954681780198873e-06
0.011906558436971536,0.011906558436971536,2.073942025221387,0.0019930074851390533,1.8789011891258563e-05,-0.000509765709334967,4.6405475132491655e-06
0.011906558436971536,0.011906558436971536,2.086213871524472,0.0019806164911160915,1.584831469073242e-05,-0.0005138174116437722,5.803707939376899e-06
0.011906558436971536,0.011906558436971536,2.098485717827557,0.0019680033710297953,1.2966769671681914e-05,-0.0005169635127515962,6.975354464684732e-06
0.011906558436971536,0.011906558436971536,2.110757564130642,0.0019553902509434986,1.0153406909484724e-05,-0.0005201096138594203,8.145784649757941e-06
0.011906558436971536,0.011906558436971536,2.1230294104337273,0.0019426628174123918,7.416550759408153e-06,-0.0005225680445204026,9.30535057871629e-06
0.011906558436971536,0.011906558436971536,2.1353012567368124,0.0019298720718195445,4.763709076605378e-06,-0.0005246456115492879,1.0444608852415245e-05
0.011906558436971536,0.011906558436971536,2.1475731030398975,0.0019170717373967233,2.201485966062107e-06,-0.0005266111623067115,1.1554454089607018e-05
0.011906558436971536,0.011906558436971536,2.1598449493429825,0.0019041929489104807,-2.6448121685982914e-07,-0.0005276602162976292,1.262623246926692e-05
0.011906558436971536,0.011906558436971536,2.172116795646068,0.0018913141604242375,-2.629560745988165e-06,-0.000528709270288547,1.3651833018440696e-05
0.011906558436971536,0.011906558436971536,2.184388641949153,0.001878433735715414,-4.8901424386116145e-06,-0.0005291939152300837,1.4623755628837029e-05
0.011906558436971536,0.011906558436971536,2.1966604882522383,0.0018655520979450216,-7.043632316620124e-06,-0.000529260118979838,1.553515600869956e-05
0.011906558436971536,0.011906558436971536,2.2089323345553233,0.0018526735069060564,-9.08842862916749e-06,-0.0005292893921255861,1.6379868938995346e-05
0.011906558436971536,0.011906558436971536,2.2212041808584084,0.001839868799104195,-1.1023882008252104e-05,-0.000528423098124184,1.7152412224245405e-05
0.011906558436971536,0.011906558436971536,2.2334760271614935,0.0018270640913023335,-1.2850242935085847e-05,-0.000527556804122782,1.784797456965827e-05
0.011906558436971536,0.011906558436971536,2.2457478734645786,0.0018143353924283314,-1.4568599637669702e-05,-0.0005262469504101717,1.8462391167518438e-05
0.011906558436971536,0.011906558436971536,2.2580197197676637,0.0018016812121110536,-1.6180809619837756e-05,-0.0005245022342355928,1.899211116026738e-05
0.011906558436971536,0.011906558436971536,2.270291566070749,0.001789027031793776,-1.7689427529685776e-05,-0.0005227575180610138,1.9434161157644298e-05
0.011906558436971536,0.011906558436971536,2.282563412373834,0.001776583806799537,-1.9097631971821097e-05,-0.0005202156223194101,1.9786108821972036e-05
0.011906558436971536,0.011906558436971536,2.2948352586769194,0.001764147039621309,-2.0409153220164916e-05,-0.0005176493231216728,2.0046030058404626e-05
0.011906558436971536,0.011906558436971536,2.3071071049800045,0.0017518310634874366,-2.1628203420229297e-05,-0.0005147506661365516,2.0212482727179948e-05
0.011906558436971536,0.011906558436971536,2.3193789512830896,0.0017396715666610247,-2.2759410388202818e-05,-0.0005114214547450469,2.0284488952718687e-05
0.011906558436971536,0.011906558436971536,2.3316507975861747,0.0017275120698346125,-2.380775545929889e-05,-0.0005080922433535422,2.0261527207847905e-05
0.011906558436971536,0.011906558436971536,2.3439226438892597,0.0017156498734439728,-2.4778515649012214e-05,-0.0005041293694250086,2.0143534398727283e-05
0.011906558436971536,0.011906558436971536,2.356194490192345,0.0017038203474308907,-2.5677209834060543e-05,-0.0005000968622506475,1.9930917201669643e-05
0.011906558436971536,0.011906558436971536,2.36846633649543,0.00169212839867805,-2.6509548469089322e-05,-0.0004958285958347768,1.962457108758493e-05
0.011906558436971536,0.011906558436971536,2.380738182798515,0.0016806744214023833,-2.728138616400165e-05,-0.0004911525296498084,1.9225904692231082e-05
0.011906558436971536,0.011906558436971536,2.3930100291016,0.0016692204441267166,-2.7998676305993838e-05,-0.00048647646346484003,1.87368666500991e-05
0.011906558436971536,0.011906558436971536,2.405281875404685,0.00165811092962729,-2.866742710466054e-05,-0.00048131431627708074,1.8159971676696315e-05
0.011906558436971536,0.011906558436971536,2.4175537217077703,0.0016470711278325787,-2.9293658226290285e-05,-0.0004760537955530424,1.7498322512245206e-05
0.011906558436971536,0.011906558436971536,2.429825568010856,0.0016361638414355935,-2.9883357675669225e-05,-0.00047063684288656314,1.675562450028812e-05
0.011906558436971536,0.011906558436971536,2.442097414313941,0.0016255701748132288,-3.0442438605052743e-05,-0.0004648496679563079,1.59361898606388e-05
0.011906558436971536,0.011906558436971536,2.454369260617026,0.001614976508190864,-3.0976695981638914e-05,-0.0004590624930260527,1.5044929268540622e-05
0.011906558436971536,0.011906558436971536,2.466641106920111,0.0016047425320697601,-3.1491763424591624e-05,-0.00045291643407304686,1.4087329044693296e-05
0.011906558436971536,0.011906558436971536,2.478912953223196,0.0015946206672737245,-3.199307055519932e-05,-0.00044665851516489805,1.3069413044934108e-05
0.011906558436971536,0.011906558436971536,2.4911847995262812,0.001584610755155965,-3.248580159462415e-05,-0.00044030558535477967,1.1997689270092668e-05
0.011906558436971536,0.011906558436971536,2.5034566458293663,0.0015749805086427932,-3.297485605023707e-05,-0.0004336304446597212,1.0879082047222845e-05
0.011906558436971536,0.011906558436971536,2.5157284921324514,0.0015653502621296215,-3.346481217248333e-05,-0.00042695530396466276,9.72085153495447e-06
0.011906558436971536,0.011906558436971536,2.5280003384355365,0.0015560707621816697,-3.395989442983751e-05,-0.00042002615485683644,8.530503033065343e-06
0.011906558436971536,0.011906558436971536,2.5402721847386216,0.0015469465928554579,-3.446394548854024e-05,-0.00041298451630907007,7.315689193005871e-06
0.011906558436971536,0.011906558436971536,2.552544031041707,0.0015379041192319163,-3.498040375820964e-05,-0.00040589235941779157,6.084108681548601e-06
0.011906558436971536,0.011906558436971536,2.564815877344792,0.0015292956540288115,-3.551228685274108e-05,-0.00039853182382660636,4.843405042049371e-06
0.011906558436971536,0.011906558436971536,2.5770877236478773,0.0015206871888257068,-3.6062181520502495e-05,-0.0003911712882354212,3.601069569224352e-06
0.011906558436971536,0.011906558436971536,2.5893595699509624,0.0015124037305995152,-3.663223990180898e-05,-0.00038363942829676504,2.3643517650183277e-06
0.011906558436971536,0.011906558436971536,2.6016314162540475,0.0015043163083276524,-3.722418226920189e-05,-0.00037600422986280884,1.1401805572877024e-06
0.011906558436971536,0.011906558436971536,2.6139032625571326,0.0014962754582186107,-3.783930565395911e-05,-0.00036834818328462327,-6.490109838036661e-08
0.011906558436971536,0.011906558436971536,2.6261751088602177,0.0014887106791072943,-3.847849771647262e-05,-0.00036047902234320365,-1.2447863712272222e-06
0.011906558436971536,0.011906558436971536,2.6384469551633027,0.0014811458999959778,-3.914225528995714e-05,-0.00035260986140178403,-2.3938383816245717e-06
0.011906558436971536,0.011906558436971536,2.650718801466388,0.0014738700196516878,-3.983070625635929e-05,-0.00034463153204295285,-3.5069075209191985e-06
0.011906558436971536,0.011906558436971536,2.662990647769473,0.0014668262901023294,-4.054363414107637e-05,-0.00033656547806298735,-4.579332911763799e-06
0.011906558436971536,0.011906558436971536,2.675262494072558,0.0014597927940872095,-4.1280504004060916e-05,-0.00032849618670407723,-5.606929493391452e-06
0.011906558436971536,0.011906558436971536,2.6875343403756435,0.0014532658580169039,-4.204048876964493e-05,-0.00032026664508740454,-6.585962893588575e-06
0.011906558436971536,0.011906558436971536,2.6998061866787286,0.0014467389219465986,-4.282249515896353e-05,-0.0003120371034707322,-7.513114829694777e-06
0.011906558436971536,0.011906558436971536,2.7120780329818137,0.0014404595988708987,-4.362518820482288e-05,-0.00030374268664892513,-8.385442158040786e-06
0.011906558436971536,0.011906558436971536,2.724349879284899,0.0014344430487690661,-4.444701398801596e-05,-0.00029537942267064877,-9.20033287390009e-06
0.011906558436971536,0.011906558436971536,2.736621725587984,0.0014284264986672336,-4.5286220124241514e-05,-0.00028701615869237236,-9.955462380118179e-06
0.011906558436971536,0.011906558436971536,2.748893571891069,0.0014228873940755635,-4.614087392587496e-05,-0.00027855069485739365,-1.0648753104811506e-05
0.011906558436971536,0.011906558436971536,2.761165418194154,0.0014173731564375478,-4.700887814702906e-05,-0.00027007990811321164,-1.1278340185855874e-05
0.011906558436971536,0.011906558436971536,2.773437264497239,0.0014120639406721394,-4.788798484798163e-05,-0.00026157387034357864,-1.1842545371365823e-05
0.011906558436971536,0.011906558436971536,2.7857091108003242,0.0014070427318230133,-4.877580755763056e-05,-0.0002530183132762883,-1.2339860646345378e-05
0.011906558436971536,0.011906558436971536,2.7979809571034093,0.0014020215229738871,-4.966983253980919e-05,-0.00024446275620899796,-1.276894234526295e-05
0.011906558436971536,0.011906558436971536,2.8102528034064944,0.001397425891263473,-5.056742956397568e-05,-0.00023584965005610082,-1.3128615748392573e-05
0.011906558436971536,0.011906558436971536,2.82252464970958,0.0013928876407403006,-5.146586307139498e-05,-0.00022722878447593056,-1.3417889421344755e-05
0.011906558436971536,0.011906558436971536,2.834796496012665,0.0013885131244276152,-5.236230418013949e-05,-0.00021859095655549468,-1.3635977872437517e-05
0.011906558436971536,0.011906558436971536,2.84706834231575,0.001384447364054704,-5.32538440869232e-05,-0.0002099211425077002,-1.3782330537038168e-05
0.011906558436971536,0.011906558436971536,2.859340188618835,0.001380381603681793,-5.413750938536008e-05,-0.00020125132845990573,-1.385666466590569e-05
0.011906558436971536,0.011906558436971536,2.8716120349219203,0.0013766909145175703,-5.501027938978165e-05,-0.00019255271364236278,-1.3858999435136308e-05
0.011906558436971536,0.011906558436971536,2.8838838812250054,0.0013730871320968242,-5.5869105494453935e-05,-0.00018384742547573177,-1.37896885140048e-05
0.011906558436971536,0.011906558436971536,2.8961557275280905,0.001369608584411478,-5.671093254543311e-05,-0.0001751353045296936,-1.3649448419706194e-05
0.011906558436971536,0.011906558436971536,2.9084275738311756,0.0013664565415719959,-5.753272178043086e-05,-0.00016640536955162956,-1.3439380275569344e-05
0.011906558436971536,0.011906558436971536,2.9206994201342606,0.0013633044987325137,-5.833147490460048e-05,-0.00015767543457356553,-1.3160983009831413e-05
0.011906558436971536,0.011906558436971536,2.9329712664373457,0.0013604807160877072,-5.9104258507146355e-05,-0.00014893346292789187,-1.2816156577503762e-05
0.011906558436971536,0.011906558436971536,2.945243112740431,0.0013577707303103884,-5.984822826622143e-05,-0.00014018731857078022,-1.2407194443864366e-05
0.011906558436971536,0.011906558436971536,2.9575149590435164,0.0013551508110270988,-6.056065210046032e-05,-0.0001314391179408004,-1.1936765238785228e-05
0.011906558436971536,0.011906558436971536,2.9697868053466014,0.0013528740021972552,-6.123893150633092e-05,-0.000122683083890372,-1.1407884182780228e-05
0.011906558436971536,0.011906558436971536,2.9820586516496865,0.0013505971933674113,-6.188062031308258e-05,-0.00011392704983994358,-1.0823875525578118e-05
0.011906558436971536,0.011906558436971536,2.9943304979527716,0.0013486067324636815,-6.248344034785543e-05,-0.00010516737764384175,-1.0188327792896611e-05
0.011906558436971536,0.011906558436971536,3.0066023442558567,0.0013467552345240955,-6.304529367606992e-05,-9.640593987704546e-05,-9.505044079414997e-06
0.011906558436971536,0.011906558436971536,3.018874190558942,0.0013449617653833227,-6.356427081912098e-05,-8.764416138375611e-05,-8.77798990885339e-06
0.011906558436971536,0.011906558436971536,3.031146036862027,0.0013435289037780332,-6.403865539442287e-05,-7.88802655186883e-05,-8.01124131154415e-06
0.011906558436971536,0.011906558436971536,3.043417883165112,0.0013420960421727437,-6.446692491599223e-05,-7.011636965362049e-05,-7.208935720824408e-06
0.011906558436971536,0.011906558436971536,3.055689729468197,0.0013409127957300815,-6.484774825398091e-05,-6.135201938635696e-05,-6.375228071477561e-06
0.011906558436971536,0.011906558436971536,3.067961575771282,0.0013398932313612734,-6.517998042812036e-05,-5.2587371150440497e-05,-5.514254122912344e-06
0.011906558436971536,0.011906558436971536,3.0802334220743677,0.0013389020415791317,-6.546265528835884e-05,-4.382272424546452e-05,-4.630102523980216e-06
0.011906558436971536,0.011906558436971536,3.0925052683774528,0.0013382918819607981,-6.569497674756614e-05,-3.505809521312254e-05,-3.72679655002291e-06
0.011906558436971536,0.011906558436971536,3.104777114680538,0.0013376817223424646,-6.587630962114582e-05,-2.6293466180780557e-05,-2.8082857917701576e-06
0.011906558436971536,0.011906558436971536,3.117048960983623,0.0013372891869026316,-6.60061707466711e-05,-1.7528925935462343e-05,-1.878447408286331e-06
0.011906558436971536,0.011906558436971536,3.129320807286708,0.0013370860650996417,-6.608422119114304e-05,-8.76446296773889e-06,-9.410959268988125e-07
0.011906558436971536,0.011906558436971536,0.0,0.0013368829432966521,-6.611026016556885e-05,-1.5434760018915462e-17,0.0
0.011906558436971536,0.011906558436971536,0.01227184630308513,0.0013370860650996437,-6.608422119114304e-05,8.764462967708201e-06,9.410959269040535e-07
0.011906558436971536,0.011906558436971536,0.02454369260617026,0.0013372891869026353,-6.60061707466711e-05,1.752892593543184e-05,1.8784474082964102e-06
0.011906558436971536,0.011906558436971536,0.03681553890925539,0.001337681722342468,-6.587630962114582e-05,2.629346618075024e-05,2.808285791778725e-06
0.011906558436971536,0.011906558436971536,0.04908738521234052,0.001338291881960799,-6.569497674756614e-05,3.505809521309241e-05,3.72679655002291e-06
0.011906558436971536,0.011906558436971536,0.06135923151542565,0.00133890204157913,-6.546265528835884e-05,4.382272424543458e-05,4.6301025239556606e-06
0.011906558436971536,0.011906558436971536,0.07363107781851078,0.0013398932313612728,-6.517998042629036e-05,5.258737115041023e-05,5.514254122912344e-06
0.011906558436971536,0.011906558436971536,0.0859029241215959,0.0013409127957300824,-6.484774825398091e-05,6.135201938632666e-05,6.375228071498526e-06
0.011906558436971536,0.011906558436971536,0.09817477042468103,0.001342096042172745,-6.446692491655505e-05,7.011636965359014e-05,7.2089357208156145e-06
0.011906558436971536,0.011906558436971536,0.11044661672776616,0.001343528903778033,-6.403865539442287e-05,7.888026551865786e-05,8.011241311566695e-06
0.011906558436971536,0.011906558436971536,0.1227184630308513,0.001344961765383321,-6.356427081912098e-05,8.764416138372559e-05,8.777989908826408e-06
0.011906558436971536,0.011906558436971536,0.1349903093339364,0.0013467552345240942,-6.304529367606992e-05,9.640593987701475e-05,9.505044079416606e-06
0.011906558436971536,0.011906558436971536,0.14726215563702155,0.0013486067324636809,-6.248344034785543e-05,0.00010516737764381085,1.0188327792947748e-05
0.011906558436971536,0.011906558436971536,0.1595340019401067,0.0013505971933674107,-6.188062031308258e-05,0.00011392704983991252,1.0823875525578118e-05
0.011906558436971536,0.011906558436971536,0.1718058482431918,0.0013528740021972535,-6.123893150633092e-05,0.00012268308389034078,1.1407884182760427e-05
0.011906558436971536,0.011906558436971536,0.18407769454627693,0.0013551508110270962,-6.056065210046032e-05,0.00013143911794076904,1.1936765238842412e-05
0.011906558436971536,0.011906558436971536,0.19634954084936207,0.001357770730310385,-5.984822826622143e-05,0.00014018731857074848,1.2407194443819278e-05
0.011906558436971536,0.011906558436971536,0.2086213871524472,0.0013604807160877033,-5.910425850685578e-05,0.00014893346292786013,1.2816156577548847e-05
0.011906558436971536,0.011906558436971536,0.22089323345553233,0.001363304498732509,-5.833147490460048e-05,0.00015767543457353365,1.3160983009747555e-05
0.011906558436971536,0.011906558436971536,0.23316507975861744,0.0013664565415719906,-5.753272178099367e-05,0.00016640536955159736,1.3439380275685988e-05
0.011906558436971536,0.011906558436971536,0.2454369260617026,0.0013696085844114721,-5.671093254543311e-05,0.00017513530452966107,1.3649448419594838e-05
0.011906558436971536,0.011906558436971536,0.25770877236478773,0.0013730871320968181,-5.586910549360053e-05,0.00018384742547569897,1.3789688513965205e-05
0.011906558436971536,0.011906558436971536,0.2699806186678728,0.001376690914517564,-5.501027938978165e-05,0.00019255271364232971,1.3858999435109639e-05
0.011906558436971536,0.011906558436971536,0.28225246497095796,0.0013803816036817864,-5.413750938536008e-05,0.00020125132845987258,1.3856664665908913e-05
0.011906558436971536,0.011906558436971536,0.2945243112740431,0.0013844473640546972,-5.32538440869232e-05,0.00020992114250766765,1.3782330537038168e-05
0.011906558436971536,0.011906558436971536,0.30679615757712825,0.0013885131244276078,-5.236230418013949e-05,0.00021859095655546275,1.363597787237806e-05
0.011906558436971536,0.011906558436971536,0.3190680038802134,0.0013928876407402937,-5.146586307139498e-05,0.0002272287844758987,1.3417889421425389e-05
0.011906558436971536,0.011906558436971536,0.3313398501832985,0.0013974258912634663,-5.056742956312228e-05,0.00023584965005606846,1.3128615748392573e-05
0.011906558436971536,0.011906558436971536,0.3436116964863836,0.001402021522973881,-4.966983253751292e-05,0.00024446275620896543,1.276894234522335e-05
0.011906558436971536,0.011906558436971536,0.35588354278946877,0.0014070427318230072,-4.877580755618769e-05,0.0002530183132762559,1.2339860646402568e-05
0.011906558436971536,0.011906558436971536,0.36815538909255385,0.0014120639406721334,-4.7887984845298226e-05,0.0002615738703435463,1.18425453712401e-05
0.011906558436971536,0.011906558436971536,0.380427235395639,0.0014173731564375413,-4.700887814519905e-05,0.0002700799081131795,1.1278340185855874e-05
0.011906558436971536,0.011906558436971536,0.39269908169872414,0.0014228873940755568,-4.614087392502157e-05,0.0002785506948573619,1.0648753104811506e-05
0.011906558436971536,0.011906558436971536,0.4049709280018093,0.0014284264986672264,-4.5286220124241514e-05,0.0002870161586923409,9.955462380028e-06
0.011906558436971536,0.011906558436971536,0.4172427743048944,0.0014344430487690596,-4.4447013989458826e-05,0.00029537942267061744,9.20033287390009e-06
0.011906558436971536,0.011906558436971536,0.4295146206079795,0.0014404595988708926,-4.362518820482288e-05,0.00030374268664889385,8.385442158040786e-06
0.011906558436971536,0.011906558436971536,0.44178646691106466,0.001446738921946593,-4.2822495160230734e-05,0.000312037103470701,7.51311482983829e-06
0.011906558436971536,0.011906558436971536,0.4540583132141498,0.0014532658580168987,-4.204048877010462e-05,0.00032026664508737353,6.585962893480646e-06
0.011906558436971536,0.011906558436971536,0.4663301595172349,0.0014597927940872043,-4.12805040022309e-05,0.00032849618670404606,5.606929493338115e-06
0.011906558436971536,0.011906558436971536,0.47860200582032003,0.001466826290102323,-4.054363413924635e-05,0.0003365654780629564,4.57933291156569e-06
0.011906558436971536,0.011906558436971536,0.4908738521234052,0.0014738700196516802,-3.983070625635929e-05,0.00034463153204292206,3.506907521038107e-06
0.011906558436971536,0.011906558436971536,0.5031456984264903,0.0014811458999959694,-3.914225529006027e-05,0.0003526098614017532,2.3938383818210155e-06
0.011906558436971536,0.011906558436971536,0.5154175447295755,0.0014887106791072848,-3.847849771647262e-05,0.00036047902234317264,1.2447863711128465e-06
0.011906558436971536,0.011906558436971536,0.5276893910326605,0.0014962754582186003,-3.783930565395911e-05,0.00036834818328459194,6.490109838036661e-08
0.011906558436971536,0.011906558436971536,0.5399612373357456,0.0015043163083276415,-3.722418226920189e-05,0.0003760042298627774,-1.140180557485812e-06
0.011906558436971536,0.011906558436971536,0.5522330836388308,0.0015124037305995037,-3.663223990180898e-05,0.0003836394282967335,-2.3643517650183277e-06
0.011906558436971536,0.011906558436971536,0.5645049299419159,0.0015206871888256946,-3.6062181520502495e-05,0.00039117128823538955,-3.601069569224352e-06
0.011906558436971536,0.011906558436971536,0.5767767762450011,0.0015292956540287998,-3.5512286852178277e-05,0.00039853182382657476,-4.843405041959194e-06
0.011906558436971536,0.011906558436971536,0.5890486225480862,0.0015379041192319048,-3.4980403754186484e-05,0.00040589235941775986,-6.084108681548601e-06
0.011906558436971536,0.011906558436971536,0.6013204688511713,0.0015469465928554457,-3.44639454925634e-05,0.0004129845163090382,-7.315689193178117e-06
0.011906558436971536,0.011906558436971536,0.6135923151542565,0.001556070762181657,-3.395989442937783e-05,0.0004200261548568048,-8.530503033083505e-06
0.011906558436971536,0.011906558436971536,0.6258641614573416,0.0015653502621296087,-3.3464812176506485e-05,0.00042695530396463137,-9.72085153466785e-06
0.011906558436971536,0.011906558436971536,0.6381360077604268,0.001574980508642781,-3.297485605482304e-05,0.0004336304446596905,-1.0879082047061575e-05
0.011906558436971536,0.011906558436971536,0.6504078540635119,0.0015846107551559531,-3.2485801593181296e-05,0.00044030558535474953,-1.1997689269955597e-05
0.011906558436971536,0.011906558436971536,0.662679700366597,0.0015946206672737128,-3.199307055519932e-05,0.00044665851516486796,-1.3069413044934108e-05
0.011906558436971536,0.011906558436971536,0.6749515466696822,0.0016047425320697484,-3.1491763424131936e-05,0.0004529164340730168,-1.4087329044693296e-05
0.011906558436971536,0.011906558436971536,0.6872233929727672,0.001614976508190852,-3.0976695981638914e-05,0.0004590624930260226,-1.5044929268540622e-05
0.011906558436971536,0.011906558436971536,0.6994952392758523,0.0016255701748132164,-3.0442438605052743e-05,0.00046484966795627827,-1.59361898606388e-05
0.011906558436971536,0.011906558436971536,0.7117670855789375,0.0016361638414355809,-2.9883357675669225e-05,0.000470636842886534,-1.6755624500054833e-05
0.011906558436971536,0.011906558436971536,0.7240389318820226,0.001647071127832565,-2.9293658225830597e-05,0.00047605379555301316,-1.7498322512210034e-05
0.011906558436971536,0.011906558436971536,0.7363107781851077,0.0016581109296272757,-2.866742710466054e-05,0.0004813143162770516,-1.815997167674965e-05
0.011906558436971536,0.011906558436971536,0.7485826244881929,0.0016692204441267017,-2.7998676304163824e-05,0.0004864764634648109,-1.87368666500991e-05
0.011906558436971536,0.011906558436971536,0.760854470791278,0.0016806744214023673,-2.7281386165735103e-05,0.0004911525296497791,-1.9225904692231082e-05
0.011906558436971536,0.011906558436971536,0.7731263170943632,0.0016921283986780329,-2.6509548469089322e-05,0.0004958285958347475,-1.962457108758493e-05
0.011906558436971536,0.011906558436971536,0.7853981633974483,0.0017038203474308725,-2.5677209834060543e-05,0.0005000968622506176,-1.9930917201669643e-05
0.011906558436971536,0.011906558436971536,0.7976700097005334,0.0017156498734439533,-2.4778515649012214e-05,0.0005041293694249781,-2.0143534398727283e-05
0.011906558436971536,0.011906558436971536,0.8099418560036186,0.001727512069834592,-2.380775545929889e-05,0.0005080922433535113,-2.0261527207847905e-05
0.011906558436971536,0.011906558436971536,0.8222137023067037,0.0017396715666610036,-2.2759410388202818e-05,0.0005114214547450168,-2.0284488952718687e-05
0.011906558436971536,0.011906558436971536,0.8344855486097889,0.0017518310634874155,-2.162820341994789e-05,0.0005147506661365223,-2.0212482727179948e-05
0.011906558436971536,0.011906558436971536,0.8467573949128739,0.0017641470396212878,-2.0409153220164916e-05,0.0005176493231216436,-2.004603005836945e-05
0.011906558436971536,0.011906558436971536,0.859029241215959,0.0017765838067995154,-1.9097631972772366e-05,0.0005202156223193807,-1.9786108821738746e-05
0.011906558436971536,0.011906558436971536,0.8713010875190442,0.0017890270317937544,-1.7689427529245756e-05,0.0005227575180609845,-1.9434161157816547e-05
0.011906558436971536,0.011906558436971536,0.8835729338221293,0.0018016812121110313,-1.6180809619167888e-05,0.0005245022342355637,-1.8992111160148473e-05
0.011906558436971536,0.011906558436971536,0.8958447801252144,0.0018143353924283082,-1.4568599639254578e-05,0.0005262469504101429,-1.846239116746343e-05
0.011906558436971536,0.011906558436971536,0.9081166264282996,0.0018270640913023103,-1.2850242933219564e-05,0.0005275568041227532,-1.784797456965827e-05
0.011906558436971536,0.011906558436971536,0.9203884727313847,0.0018398687991041719,-1.1023882008252104e-05,0.0005284230981241552,-1.7152412224245405e-05
0.011906558436971536,0.011906558436971536,0.9326603190344698,0.0018526735069060334,-9.088428628252481e-06,0.0005292893921255571,-1.6379868939156618e-05
0.011906558436971536,0.011906558436971536,0.944932165337555,0.0018655520979449984,-7.043632316620124e-06,0.000529260118979809,-1.553515600869956e-05
0.011906558436971536,0.011906558436971536,0.9572040116406401,0.00187843373571539,-4.8901424386116145e-06,0.0005291939152300547,-1.4623755628837029e-05
0.011906558436971536,0.011906558436971536,0.9694758579437253,0.0018913141604242133,-2.629560745988165e-06,0.0005287092702885182,-1.3651833018530874e-05
0.011906558436971536,0.011906558436971536,0.9817477042468103,0.001904192948910455,-2.6448121522339e-07,0.0005276602162976011,-1.2626232469273363e-05
0.011906558436971536,0.011906558436971536,0.9940195505498954,0.001917071737396697,2.201485966062107e-06,0.0005266111623066841,-1.1554454089750125e-05
0.011906558436971536,0.011906558436971536,1.0062913968529805,0.0019298720718195189,4.763709074312396e-06,0.0005246456115492608,-1.0444608852415245e-05
0.011906558436971536,0.011906558436971536,1.0185632431560658,0.0019426628174123673,7.416550759356589e-06,0.0005225680445203755,-9.30535057851985e-06
0.011906558436971536,0.011906558436971536,1.030835089459151,0.0019553902509434743,1.0153406910348169e-05,0.0005201096138593934,-8.145784649559832e-06
0.011906558436971536,0.011906558436971536,1.043106935762236,0.001968003371029771,1.2966769671681914e-05,0.0005169635127515696,-6.975354464684732e-06
0.011906558436971536,0.011906558436971536,1.055378782065321,0.0019806164911160677,1.584831469073242e-05,0.0005138174116437457,-5.803707939663523e-06
0.011906558436971536,0.011906558436971536,1.0676506283684062,0.0019930074851390294,1.8789011891258563e-05,0.0005097657093349406,-4.640547513445609e-06
0.011906558436971536,0.011906558436971536,1.0799224746714913,0.002005350307244641,2.17792577867949e-05,0.0005055176115849589,-3.495468178156959e-06
0.011906558436971536,0.011906558436971536,1.0921943209745766,0.0020175884769440032,2.4809026488972625e-05,0.000500945622135998,-2.3777889489490115e-06
0.011906558436971536,0.011906558436971536,1.1044661672776617,0.002029566819979573,2.7868035398593953e-05,0.000495569487779227,-1.2963837649175935e-06
0.011906558436971536,0.011906558436971536,1.1167380135807468,0.0020415451630151427,3.0945920816771997e-05,0.000490193353422456,-2.5951817261761685e-07
0.011906558436971536,0.011906558436971536,1.1290098598838318,0.002053178640439465,3.403241779003055e-05,0.0004839549932919619,7.253018729664852e-07
0.011906558436971536,0.011906558436971536,1.141281706186917,0.0020646986752285088,3.711753812033399e-05,0.00047743300626221685,1.651463021749655e-06
0.011906558436971536,0.011906558436971536,1.1535535524900022,0.002076098981064479,4.0191740061204696e-05,0.0004706594992458609,2.513353977112139e-06
0.011906558436971536,0.011906558436971536,1.1658253987930873,0.0020870693511144105,4.3246083282792554e-05,0.0004629828068230393,3.306446855729372e-06
0.011906558436971536,0.011906558436971536,1.1780972450961724,0.0020980397211643417,4.627236289815263e-05,0.00045530611440021765,4.027347116605515e-06
0.011906558436971536,0.011906558436971536,1.1903690913992575,0.0021085754528115384,4.9263216976474364e-05,0.0004468411135626847,4.673810076692712e-06
0.011906558436971536,0.011906558436971536,1.2026409377023426,0.002118909613025583,5.221220269972755e-05,0.00043801052041687985,5.244723458881577e-06
0.011906558436971536,0.011906558436971536,1.214912784005428,0.0021291375165302866,5.5113837630744035e-05,0.00042901021121763167,5.740056961626817e-06
0.011906558436971536,0.011906558436971536,1.227184630308513,0.002138756214901433,5.796360371330941e-05,0.0004190368633119761,6.160781279784967e-06
0.011906558436971536,0.011906558436971536,1.239456476611598,0.0021483749132725797,6.075791315070961e-05,0.0004090635154063206,6.508760393408227e-06
0.011906558436971536,0.011906558436971536,1.2517283229146832,0.0021575117824313775,6.349403707017282e-05,0.00039840231169645246,6.786622085864181e-06
0.011906558436971536,0.011906558436971536,1.2640001692177683,0.0021663455654727295,6.61699991946847e-05,0.00038730842449683775,6.997612598987454e-06
0.011906558436971536,0.011906558436971536,1.2762720155208536,0.0021751126382454694,6.878443872084536e-05,0.00037612848471152915,7.14544195634837e-06
0.011906558436971536,0.011906558436971536,1.2885438618239387,0.00218310420414559,7.133644762102858e-05,0.0003639481836175322,7.234126775388732e-06
0.011906558436971536,0.011906558436971536,1.3008157081270237,0.0021910957700457113,7.382538933850026e-05,0.0003517678825235352,7.267837360373232e-06
0.011906558436971536,0.011906558436971536,1.3130875544301088,0.0021986051827124114,7.625070632606206e-05,0.0003390215930873988,7.250755461235486e-06
0.011906558436971536,0.011906558436971536,1.325359400733194,0.002205711339947523,7.86117250720955e-05,0.00032580193158329127,7.186948393978456e-06
0.011906558436971536,0.011906558436971536,1.337631247036279,0.00221280845526948,8.090746718723473e-05,0.00031257258542844726,7.0802642222937415e-06
0.011906558436971536,0.011906558436971536,1.3499030933393643,0.002219001379275942,8.313647529550659e-05,0.00029837477419996343,6.934251487737208e-06
0.011906558436971536,0.011906558436971536,1.3621749396424494,0.0022251943032824046,8.529666195223347e-05,0.0002841769629714798,6.75210562167878e-06
0.011906558436971536,0.011906558436971536,1.3744467859455345,0.0022309473928739682,8.738518898728408e-05,0.00026955077071796245,6.53664270756653e-06
0.011906558436971536,0.011906558436971536,1.3867186322486196,0.0022362148319657474,8.939838346125186e-05,0.0002544515744159704,6.2902998192774745e-06
0.011906558436971536,0.011906558436971536,1.3989904785517047,0.002241482271057527,9.133169502692494e-05,0.0002393523781139783,6.015159792965717e-06
0.011906558436971536,0.011906558436971536,1.41126232485479,0.0022458812234118423,9.31796975513996e-05,0.0002234934894381527,5.712997061133841e-06
0.011906558436971536,0.011906558436971536,1.423534171157875,0.002250225323972213,9.49361362304254e-05,0.00020758662019134845,5.385340181454629e-06
0.011906558436971536,0.011906558436971536,1.4358060174609601,0.0022542001989116654,9.6594019165117e-05,0.0001913972333416475,5.033545961723985e-06
0.011906558436971536,0.011906558436971536,1.4480778637640452,0.0022576347436741645,9.814575056870571e-05,0.00017479440609746358,4.658879656026491e-06
0.011906558436971536,0.011906558436971536,1.4603497100671303,0.0022610692884366635,9.958330081443395e-05,0.0001581915788532797,4.2625956172307e-06
0.011906558436971536,0.011906558436971536,1.4726215563702154,0.002263729755565705,0.00010089840676085016,0.00014109559512337462,3.846013016247351e-06
0.011906558436971536,0.011906558436971536,1.4848934026733007,0.0022662758703170765,0.00010208279466019053,0.00012392675873080592,3.4105817864574713e-06
0.011906558436971536,0.011906558436971536,1.4971652489763858,0.0022685306808252793,0.00010312841632765867,0.00010661688634423105,2.9579347616133153e-06
0.011906558436971536,0.011906558436971536,1.509437095279471,0.0022702114506190025,0.00010402768919162144,8.90290900871141e-05,2.4899230153896307e-06
0.011906558436971536,0.011906558436971536,1.521708941582556,0.002271892220412725,0.00010477372992380825,7.144129382999715e-05,2.0086326037860935e-06
0.011906558436971536,0.011906558436971536,1.533980787885641,0.0022728945819949025,0.00010536057213843535,5.3646814081084256e-05,1.5163821906206185e-06
0.011906558436971536,0.011906558436971536,1.5462526341887264,0.0022737294353766977,0.00010578335866812074,3.580130137123377e-05,1.015702323375679e-06
0.011906558436971536,0.011906558436971536,1.5585244804918115,0.0022743411101316764,0.00010603850046905453,1.7932527327855058e-05,5.092983453301452e-07
0.011906558436971536,0.011906558436971536,1.5707963267948966,0.002274341110131677,0.00010612379519074452,-9.33012767658727e-18,2.5436434625146786e-21
0.011906558436971536,0.011906558436971536,1.5830681730979816,0.0022743411101316773,0.00010603850046905453,-1.7932527327873717e-05,-5.092983453338612e-07
0.011906558436971536,0.011906558436971536,1.5953400194010667,0.0022737294353766986,0.00010578335866812074,-3.58013013712519e-05,-1.0157023233704453e-06
0.011906558436971536,0.011906558436971536,1.607611865704152,0.002272894581994904,0.00010536057213843535,-5.364681408110165e-05,-1.5163821906206185e-06
0.011906558436971536,0.011906558436971536,1.6198837120072371,0.0022718922204127273,0.00010477372992558998,-7.144129383001405e-05,-2.0086326037860935e-06
0.011906558436971536,0.011906558436971536,1.6321555583103222,0.002270211450619005,0.00010402768919162144,-8.902909008713144e-05,-2.4899230153896307e-06
0.011906558436971536,0.011906558436971536,1.6444274046134073,0.002268530680825283,0.00010312841632765867,-0.00010661688634424883,-2.957934761628179e-06
0.011906558436971536,0.011906558436971536,1.6566992509164924,0.0022662758703170804,0.00010208279466019053,-0.0001239267587308242,-3.410581786436507e-06
0.011906558436971536,0.011906558436971536,1.6689710972195777,0.0022637297555657084,0.00010089840676085016,-0.00014109559512339343,-3.846013016267152e-06
0.011906558436971536,0.011906558436971536,1.6812429435226628,0.0022610692884366666,9.958330081443395e-05,-0.00015819157885329897,-4.262595617190384e-06
0.011906558436971536,0.011906558436971536,1.6935147898257479,0.002257634743674168,9.814575056870571e-05,-0.0001747944060974831,-4.658879656062269e-06
0.011906558436971536,0.011906558436971536,1.705786636128833,0.0022542001989116693,9.659401916439555e-05,-0.00019139723334166722,-5.03354596169085e-06
0.011906558436971536,0.011906558436971536,1.718058482431918,0.0022502253239722178,9.49361362304254e-05,-0.00020758662019136785,-5.385340181454629e-06
0.011906558436971536,0.011906558436971536,1.7303303287350031,0.002245881223411848,9.317969755168102e-05,-0.00022349348943817148,-5.712997061078162e-06
0.011906558436971536,0.011906558436971536,1.7426021750380885,0.0022414822710575336,9.133169502692494e-05,-0.0002393523781139965,-6.015159793001597e-06
0.011906558436971536,0.011906558436971536,1.7548740213411735,0.0022362148319657535,8.939838346303358e-05,-0.00025445157441598856,-6.2902998192950606e-06
0.011906558436971536,0.011906558436971536,1.7671458676442586,0.0022309473928739734,8.738518898834439e-05,-0.0002695507707179806,-6.536642707692253e-06
0.011906558436971536,0.011906558436971536,1.7794177139473437,0.0022251943032824107,8.529666195223347e-05,-0.00028417696297149846,-6.752105621759416e-06
0.011906558436971536,0.011906558436971536,1.7916895602504288,0.00221900137927595,8.313647529536131e-05,-0.00029837477419998305,-6.9342514878629315e-06
0.011906558436971536,0.011906558436971536,1.8039614065535141,0.002212808455269489,8.090746718723473e-05,-0.0003125725854284679,-7.0802642222937415e-06
0.011906558436971536,0.011906558436971536,1.8162332528565992,0.002205711339947534,7.86117250720955e-05,-0.00032580193158331165,-7.186948393996043e-06
0.011906558436971536,0.011906558436971536,1.8285050991596843,0.002198605182712424,7.625070632611362e-05,-0.000339021593087419,-7.250755461235486e-06
0.011906558436971536,0.011906558436971536,1.8407769454627694,0.002191095770045726,7.382538934051184e-05,-0.0003517678825235556,-7.267837360358867e-06
0.011906558436971536,0.011906558436971536,1.8530487917658545,0.0021831042041456075,7.133644762102858e-05,-0.00036394818361755313,-7.234126775388732e-06
0.011906558436971536,0.011906558436971536,1.8653206380689396,0.002175112638245489,6.878443872084536e-05,-0.0003761284847115507,-7.145441956365957e-06
0.011906558436971536,0.011906558436971536,1.8775924843720249,0.0021663455654727503,6.61699991946847e-05,-0.0003873084244968597,-6.997612598945589e-06
0.011906558436971536,0.011906558436971536,1.88986433067511,0.0021575117824313996,6.34940370692578e-05,-0.00039840231169647485,-6.78662208588177e-06
0.011906558436971536,0.011906558436971536,1.902136176978195,0.002148374913272603,6.075791315070961e-05,-0.00040906351540634335,-6.508760393408227e-06
0.011906558436971536,0.011906558436971536,1.9144080232812801,0.002138756214901457,5.796360371359081e-05,-0.0004190368633119994,-6.1607812798656015e-06
0.011906558436971536,0.011906558436971536,1.9266798695843652,0.0021291375165303113,5.511383763184059e-05,-0.00042901021121765547,-5.740056961569629e-06
0.011906558436971536,0.011906558436971536,1.9389517158874505,0.002118909613025608,5.221220269949771e-05,-0.00043801052041690403,-5.244723458926666e-06
0.011906558436971536,0.011906558436971536,1.9512235621905356,0.002108575452811564,4.926321697675577e-05,-0.00044684111356270927,-4.6738100766476225e-06
0.011906558436971536,0.011906558436971536,1.9634954084936207,0.0020980397211643673,4.627236289843404e-05,-0.0004553061144002425,-4.027347116591149e-06
0.011906558436971536,0.011906558436971536,1.9757672547967058,0.002087069351114436,4.3246083282792554e-05,-0.00046298280682306427,-3.306446855676035e-06
0.011906558436971536,0.011906558436971536,1.9880391010997909,0.002076098981064505,4.0191740061204696e-05,-0.00047065949924588607,-2.513353977226515e-06
0.011906558436971536,0.011906558436971536,2.000310947402876,0.0020646986752285335,3.711753812220027e-05,-0.00047743300626224174,-1.6514630219477646e-06
0.011906558436971536,0.011906558436971536,2.012582793705961,0.0020531786404394876,3.403241779003055e-05,-0.00048395499329198657,-7.253018730016609e-07
0.011906558436971536,0.011906558436971536,2.024854640009046,0.002041545163015164,3.0945920818356877e-05,-0.0004901933534224806,2.595181727319928e-07
0.011906558436971536,0.011906558436971536,2.0371264863121317,0.002029566819979595,2.786803539831254e-05,-0.0004955694877792524,1.2963837651140372e-06
0.011906558436971536,0.011906558436971536,2.0493983326152168,0.0020175884769440267,2.4809026488972625e-05,-0.0005009456221360239,2.377788948955457e-06
0.011906558436971536,0.011906558436971536,2.061670178918302,0.002005350307244665,2.17792577867949e-05,-0.000505517611584985,3.4954681780198873e-06
0.011906558436971536,0.011906558436971536,2.073942025221387,0.0019930074851390533,1.8789011891258563e-05,-0.000509765709334967,4.6405475132491655e-06
0.011906558436971536,0.011906558436971536,2.086213871524472,0.0019806164911160915,1.584831469073242e-05,-0.0005138174116437722,5.803707939376899e-06
0.011906558436971536,0.011906558436971536,2.098485717827557,0.0019680033710297953,1.2966769671681914e-05,-0.0005169635127515962,6.975354464684732e-06
0.011906558436971536,0.011906558436971536,2.110757564130642,0.0019553902509434986,1.0153406909484724e-05,-0.0005201096138594203,8.145784649757941e-06
0.011906558436971536,0.011906558436971536,2.1230294104337273,0.0019426628174123918,7.416550759408153e-06,-0.0005225680445204026,9.30535057871629e-06
0.011906558436971536,0.011906558436971536,2.1353012567368124,0.0019298720718195445,4.763709076605378e-06,-0.0005246456115492879,1.0444608852415245e-05
0.011906558436971536,0.011906558436971536,2.1475731030398975,0.0019170717373967233,2.201485966062107e-06,-0.0005266111623067115,1.1554454089607018e-05
0.011906558436971536,0.011906558436971536,2.1598449493429825,0.0019041929489104807,-2.6448121685982914e-07,-0.0005276602162976292,1.262623246926692e-05
0.011906558436971536,0.011906558436971536,2.172116795646068,0.0018913141604242375,-2.629560745988165e-06,-0.000528709270288547,1.3651833018440696e-05
0.011906558436971536,0.011906558436971536,2.184388641949153,0.001878433735715414,-4.8901424386116145e-06,-0.0005291939152300837,1.4623755628837029e-05
0.011906558436971536,0.011906558436971536,2.1966604882522383,0.0018655520979450216,-7.043632316620124e-06,-0.000529260118979838,1.553515600869956e-05
0.011906558436971536,0.011906558436971536,2.2089323345553233,0.0018526735069060564,-9.08842862916749e-06,-0.0005292893921255861,1.6379868938995346e-05
0.011906558436971536,0.011906558436971536,2.2212041808584084,0.001839868799104195,-1.1023882008252104e-05,-0.000528423098124184,1.7152412224245405e-05
0.011906558436971536,0.011906558436971536,2.2334760271614935,0.0018270640913023335,-1.2850242935085847e-05,-0.000527556804122782,1.784797456965827e-05
0.011906558436971536,0.011906558436971536,2.2457478734645786,0.0018143353924283314,-1.4568599637669702e-05,-0.0005262469504101717,1.8462391167518438e-05
0.011906558436971536,0.011906558436971536,2.2580197197676637,0.0018016812121110536,-1.6180809619837756e-05,-0.0005245022342355928,1.899211116026738e-05
0.011906558436971536,0.011906558436971536,2.270291566070749,0.001789027031793776,-1.7689427529685776e-05,-0.0005227575180610138,1.9434161157644298e-05
0.011906558436971536,0.011906558436971536,2.282563412373834,0.001776583806799537,-1.9097631971821097e-05,-0.0005202156223194101,1.9786108821972036e-05
0.011906558436971536,0.011906558436971536,2.2948352586769194,0.001764147039621309,-2.0409153220164916e-05,-0.0005176493231216728,2.0046030058404626e-05
0.011906558436971536,0.011906558436971536,2.3071071049800045,0.0017518310634874366,-2.1628203420229297e-05,-0.0005147506661365516,2.0212482727179948e-05
0.011906558436971536,0.011906558436971536,2.3193789512830896,0.0017396715666610247,-2.2759410388202818e-05,-0.0005114214547450469,2.0284488952718687e-05
0.011906558436971536,0.011906558436971536,2.3316507975861747,0.0017275120698346125,-2.380775545929889e-05,-0.0005080922433535422,2.0261527207847905e-05
0.011906558436971536,0.011906558436971536,2.3439226438892597,0.0017156498734439728,-2.4778515649012214e-05,-0.0005041293694250086,2.0143534398727283e-05
0.011906558436971536,0.011906558436971536,2.356194490192345,0.0017038203474308907,-2.5677209834060543e-05,-0.0005000968622506475,1.9930917201669643e-05
0.011906558436971536,0.011906558436971536,2.36846633649543,0.00169212839867805,-2.6509548469089322e-05,-0.0004958285958347768,1.962457108758493e-05
0.011906558436971536,0.011906558436971536,2.380738182798515,0.0016806744214023833,-2.728138616400165e-05,-0.0004911525296498084,1.9225904692231082e-05
0.011906558436971536,0.011906558436971536,2.3930100291016,0.0016692204441267166,-2.7998676305993838e-05,-0.00048647646346484003,1.87368666500991e-05
0.011906558436971536,0.011906558436971536,2.405281875404685,0.00165811092962729,-2.866742710466054e-05,-0.00048131431627708074,1.8159971676696315e-05
0.011906558436971536,0.011906558436971536,2.4175537217077703,0.0016470711278325787,-2.9293658226290285e-05,-0.0004760537955530424,1.7498322512245206e-05
0.011906558436971536,0.011906558436971536,2.429825568010856,0.0016361638414355935,-2.9883357675669225e-05,-0.00047063684288656314,1.675562450028812e-05
0.011906558436971536,0.011906558436971536,2.442097414313941,0.0016255701748132288,-3.0442438605052743e-05,-0.0004648496679563079,1.59361898606388e-05
0.011906558436971536,0.011906558436971536,2.454369260617026,0.001614976508190864,-3.0976695981638914e-05,-0.0004590624930260527,1.5044929268540622e-05
0.011906558436971536,0.011906558436971536,2.466641106920111,0.0016047425320697601,-3.1491763424591624e-05,-0.00045291643407304686,1.4087329044693296e-05
0.011906558436971536,0.011906558436971536,2.478912953223196,0.0015946206672737245,-3.199307055519932e-05,-0.00044665851516489805,1.3069413044934108e-05
0.011906558436971536,0.011906558436971536,2.4911847995262812,0.001584610755155965,-3.248580159462415e-05,-0.00044030558535477967,1.1997689270092668e-05
0.011906558436971536,0.011906558436971536,2.5034566458293663,0.0015749805086427932,-3.297485605023707e-05,-0.0004336304446597212,1.0879082047222845e-05
0.011906558436971536,0.011906558436971536,2.5157284921324514,0.0015653502621296215,-3.346481217248333e-05,-0.00042695530396466276,9.72085153495447e-06
0.011906558436971536,0.011906558436971536,2.5280003384355365,0.0015560707621816697,-3.395989442983751e-05,-0.00042002615485683644,8.530503033065343e-06
0.011906558436971536,0.011906558436971536,2.5402721847386216,0.0015469465928554579,-3.446394548854024e-05,-0.00041298451630907007,7.315689193005871e-06
0.011906558436971536,0.011906558436971536,2.552544031041707,0.0015379041192319163,-3.498040375820964e-05,-0.00040589235941779157,6.084108681548601e-06
0.011906558436971536,0.011906558436971536,2.564815877344792,0.0015292956540288115,-3.551228685274108e-05,-0.00039853182382660636,4.843405042049371e-06
0.011906558436971536,0.011906558436971536,2.5770877236478773,0.0015206871888257068,-3.6062181520502495e-05,-0.0003911712882354212,3.601069569224352e-06
0.011906558436971536,0.011906558436971536,2.5893595699509624,0.0015124037305995152,-3.663223990180898e-05,-0.00038363942829676504,2.3643517650183277e-06
0.011906558436971536,0.011906558436971536,2.6016314162540475,0.0015043163083276524,-3.722418226920189e-05,-0.00037600422986280884,1.1401805572877024e-06
0.011906558436971536,0.011906558436971536,2.6139032625571326,0.0014962754582186107,-3.783930565395911e-05,-0.00036834818328462327,-6.490109838036661e-08
0.011906558436971536,0.011906558436971536,2.6261751088602177,0.0014887106791072943,-3.847849771647262e-05,-0.00036047902234320365,-1.2447863712272222e-06
0.011906558436971536,0.011906558436971536,2.6384469551633027,0.0014811458999959778,-3.914225528995714e-05,-0.00035260986140178403,-2.3938383816245717e-06
0.011906558436971536,0.011906558436971536,2.650718801466388,0.0014738700196516878,-3.983070625635929e-05,-0.00034463153204295285,-3.5069075209191985e-06
0.011906558436971536,0.011906558436971536,2.662990647769473,0.0014668262901023294,-4.054363414107637e-05,-0.00033656547806298735,-4.579332911763799e-06
0.011906558436971536,0.011906558436971536,2.675262494072558,0.0014597927940872095,-4.1280504004060916e-05,-0.00032849618670407723,-5.606929493391452e-06
0.011906558436971536,0.011906558436971536,2.6875343403756435,0.0014532658580169039,-4.204048876964493e-05,-0.00032026664508740454,-6.585962893588575e-06
0.011906558436971536,0.011906558436971536,2.6998061866787286,0.0014467389219465986,-4.282249515896353e-05,-0.0003120371034707322,-7.513114829694777e-06
0.011906558436971536,0.011906558436971536,2.7120780329818137,0.0014404595988708987,-4.362518820482288e-05,-0.00030374268664892513,-8.385442158040786e-06
0.011906558436971536,0.011906558436971536,2.724349879284899,0.0014344430487690661,-4.444701398801596e-05,-0.00029537942267064877,-9.20033287390009e-06
0.011906558436971536,0.011906558436971536,2.736621725587984,0.0014284264986672336,-4.5286220124241514e-05,-0.00028701615869237236,-9.955462380118179e-06
0.011906558436971536,0.011906558436971536,2.748893571891069,0.0014228873940755635,-4.614087392587496e-05,-0.00027855069485739365,-1.0648753104811506e-05
0.011906558436971536,0.011906558436971536,2.761165418194154,0.0014173731564375478,-4.700887814702906e-05,-0.00027007990811321164,-1.1278340185855874e-05
0.011906558436971536,0.011906558436971536,2.773437264497239,0.0014120639406721394,-4.788798484798163e-05,-0.00026157387034357864,-1.1842545371365823e-05
0.011906558436971536,0.011906558436971536,2.7857091108003242,0.0014070427318230133,-4.877580755763056e-05,-0.0002530183132762883,-1.2339860646345378e-05
0.011906558436971536,0.011906558436971536,2.7979809571034093,0.0014020215229738871,-4.966983253980919e-05,-0.00024446275620899796,-1.276894234526295e-05
0.011906558436971536,0.011906558436971536,2.8102528034064944,0.001397425891263473,-5.056742956397568e-05,-0.00023584965005610082,-1.3128615748392573e-05
0.011906558436971536,0.011906558436971536,2.82252464970958,0.0013928876407403006,-5.146586307139498e-05,-0.00022722878447593056,-1.3417889421344755e-05
0.011906558436971536,0.011906558436971536,2.834796496012665,0.0013885131244276152,-5.236230418013949e-05,-0.00021859095655549468,-1.3635977872437517e-05
0.011906558436971536,0.011906558436971536,2.84706834231575,0.001384447364054704,-5.32538440869232e-05,-0.0002099211425077002,-1.3782330537038168e-05
0.011906558436971536,0.011906558436971536,2.859340188618835,0.001380381603681793,-5.413750938536008e-05,-0.00020125132845990573,-1.385666466590569e-05
0.011906558436971536,0.011906558436971536,2.8716120349219203,0.0013766909145175703,-5.501027938978165e-05,-0.00019255271364236278,-1.3858999435136308e-05
0.011906558436971536,0.011906558436971536,2.8838838812250054,0.0013730871320968242,-5.5869105494453935e-05,-0.00018384742547573177,-1.37896885140048e-05
0.011906558436971536,0.011906558436971536,2.8961557275280905,0.001369608584411478,-5.671093254543311e-05,-0.0001751353045296936,-1.3649448419706194e-05
0.011906558436971536,0.011906558436971536,2.9084275738311756,0.0013664565415719959,-5.753272178043086e-05,-0.00016640536955162956,-1.3439380275569344e-05
0.011906558436971536,0.011906558436971536,2.9206994201342606,0.0013633044987325137,-5.833147490460048e-05,-0.00015767543457356553,-1.3160983009831413e-05
0.011906558436971536,0.011906558436971536,2.9329712664373457,0.0013604807160877072,-5.9104258507146355e-05,-0.00014893346292789187,-1.2816156577503762e-05
0.011906558436971536,0.011906558436971536,2.945243112740431,0.0013577707303103884,-5.984822826622143e-05,-0.00014018731857078022,-1.2407194443864366e-05
0.011906558436971536,0.011906558436971536,2.9575149590435164,0.0013551508110270988,-6.056065210046032e-05,-0.0001314391179408004,-1.1936765238785228e-05
0.011906558436971536,0.011906558436971536,2.9697868053466014,0.0013528740021972552,-6.123893150633092e-05,-0.000122683083890372,-1.1407884182780228e-05
0.011906558436971536,0.011906558436971536,2.9820586516496865,0.0013505971933674113,-6.188062031308258e-05,-0.00011392704983994358,-1.0823875525578118e-05
0.011906558436971536,0.011906558436971536,2.9943304979527716,0.0013486067324636815,-6.248344034785543e-05,-0.00010516737764384175,-1.0188327792896611e-05
0.011906558436971536,0.011906558436971536,3.0066023442558567,0.0013467552345240955,-6.304529367606992e-05,-9.640593987704546e-05,-9.505044079414997e-06
0.011906558436971536,0.011906558436971536,3.018874190558942,0.0013449617653833227,-6.356427081912098e-05,-8.764416138375611e-05,-8.77798990885339e-06
0.011906558436971536,0.011906558436971536,3.031146036862027,0.0013435289037780332,-6.403865539442287e-05,-7.88802655186883e-05,-8.01124131154415e-06
0.011906558436971536,0.011906558436971536,3.043417883165112,0.0013420960421727437,-6.446692491599223e-05,-7.011636965362049e-05,-7.208935720824408e-06
0.011906558436971536,0.011906558436971536,3.055689729468197,0.0013409127957300815,-6.484774825398091e-05,-6.135201938635696e-05,-6.375228071477561e-06
0.011906558436971536,0.011906558436971536,3.067961575771282,0.0013398932313612734,-6.517998042812036e-05,-5.2587371150440497e-05,-5.514254122912344e-06
0.011906558436971536,0.011906558436971536,3.0802334220743677,0.0013389020415791317,-6.546265528835884e-05,-4.382272424546452e-05,-4.630102523980216e-06
0.011906558436971536,0.011906558436971536,3.0925052683774528,0.0013382918819607981,-6.569497674756614e-05,-3.505809521312254e-05,-3.72679655002291e-06
0.011906558436971536,0.011906558436971536,3.104777114680538,0.0013376817223424646,-6.587630962114582e-05,-2.6293466180780557e-05,-2.8082857917701576e-06
0.011906558436971536,0.011906558436971536,3.117048960983623,0.0013372891869026316,-6.60061707466711e-05,-1.7528925935462343e-05,-1.878447408286331e-06
0.011906558436971536,0.011906558436971536,3.129320807286708,0.0013370860650996417,-6.608422119114304e-05,-8.76446296773889e-06,-9.410959268988125e-07
0.01486784368355039,0.01486784368355039,0.0,0.002084571805584799,-0.0001252431062785296,-2.3026036890225672e-17,0.0
0.01486784368355039,0.01486784368355039,0.01227184630308513,0.0020848885288893624,-0.00012523594658206757,1.3666231950364451e-05,-2.2091231130761314e-06
0.01486784368355039,0.01486784368355039,0.02454369260617026,0.002085205252193926,-0.00012521405493891796,2.7332463900751928e-05,-4.4134108637534046e-06
0.01486784368355039,0.01486784368355039,0.03681553890925539,0.00208581732396481,-0.00012517621665738705,4.0998816348372225e-05,-6.608064460124877e-06
0.01486784368355039,0.01486784368355039,0.04908738521234052,0.0020867687322714667,-0.00012512048360073842,5.466530723962172e-05,-8.788356086373478e-06
0.01486784368355039,0.01486784368355039,0.06135923151542565,0.0020877201405781233,-0.0001250442836260238,6.833179813087121e-05,-1.0949659100333721e-05
0.01486784368355039,0.01486784368355039,0.07363107781851078,0.002089265680734948,-0.00012494456466425984,8.19983168905201e-05,-1.3087472213891767e-05
0.01486784368355039,0.01486784368355039,0.0859029241215959,0.002090855464752955,-0.00012481796480459694,9.566483772547534e-05,-1.5197436185246237e-05
0.01486784368355039,0.01486784368355039,0.09817477042468103,0.0020927004745840702,-0.0001246609981344632,0.00010933089394454478,-1.727534197041034e-05
0.01486784368355039,0.01486784368355039,0.11044661672776616,0.002094934703780175,-0.00012447024518103602,0.00012299624162438838,-1.9317129767284397e-05
0.01486784368355039,0.01486784368355039,0.1227184630308513,0.00209716893297628,-0.00012424253650222393,0.00013666158930423198,-2.1318878894350196e-05
0.01486784368355039,0.01486784368355039,0.1349903093339364,0.002099965449472947,-0.0001239751183222241,0.000150323635413408,-2.3276788977444265e-05
0.01486784368355039,0.01486784368355039,0.14726215563702155,0.0021028524489834976,-0.0001236657900750738,0.00016398515023535024,-2.5187153419302552e-05
0.01486784368355039,0.01486784368355039,0.1595340019401067,0.0021059561303497978,-0.00012331300528778722,0.00017764391204222197,-2.7046326571887904e-05
0.01486784368355039,0.01486784368355039,0.1718058482431918,0.002109506307661278,-0.00012291592932924892,0.00019129700096955448,-2.885068643489887e-05
0.01486784368355039,0.01486784368355039,0.18407769454627693,0.0021130564849727584,-0.00012247445028811462,0.00020495008989688702,-3.059659497023734e-05
0.01486784368355039,0.01486784368355039,0.19634954084936207,0.002117141666774378,-0.00012198914138623578,0.0002185909643461377,-3.2280358326162764e-05
0.01486784368355039,0.01486784368355039,0.2086213871524472,0.002121367287254659,-0.00012146117687365812,0.0002322286324948919,-3.3898189315460586e-05
0.01486784368355039,0.01486784368355039,0.22089323345553233,0.0021257703486565393,-0.00012089220532146332,0.00024585979422761295,-3.5446174445726025e-05
0.01486784368355039,0.01486784368355039,0.23316507975861744,0.002130685258870725,-0.00012028418732735515,0.0002594721874525462,-3.6920247616894056e-05
0.01486784368355039,0.01486784368355039,0.2454369260617026,0.0021356001690849107,-0.00011963920645913676,0.00027308458067747945,-3.831617233701152e-05
0.01486784368355039,0.01486784368355039,0.25770877236478773,0.0021410241910350845,-0.00011895926372705659,0.00028666919687893354,-3.962953390583652e-05
0.01486784368355039,0.01486784368355039,0.2699806186678728,0.00214664348871961,-0.00011824606723436535,0.0003002431588796011,-4.085574259072616e-05
0.01486784368355039,0.01486784368355039,0.28225246497095796,0.002152398298154117,-0.00011750082885640895,0.000313806715275629,-4.199004831198197e-05
0.01486784368355039,0.01486784368355039,0.2945243112740431,0.002158737947772755,-0.00011672407911424252,0.0003273253632726857,-4.302756682329609e-05
0.01486784368355039,0.01486784368355039,0.30679615757712825,0.002165077597391392,-0.00011591551125448551,0.0003408440112697424,-4.3963316862558414e-05
0.01486784368355039,0.01486784368355039,0.3190680038802134,0.0021718986832719627,-0.00011507386305323039,0.000354312784010632,-4.479226725659059e-05
0.01486784368355039,0.01486784368355039,0.3313398501832985,0.0021789750762611342,-0.00011419684351534755,0.00036775510775203895,-4.5509392517083914e-05
0.01486784368355039,0.01486784368355039,0.3436116964863836,0.002186140942457885,-0.0001132811087783786,0.0003811853323912759,-4.6109735111446225e-05
0.01486784368355039,0.01486784368355039,0.35588354278946877,0.0021939704016108535,-0.00011232228877714968,0.00039452582202275125,-4.658847231670867e-05
0.01486784368355039,0.01486784368355039,0.36815538909255385,0.002201799860763822,-0.0001113150638851511,0.0004078663116542266,-4.694098540711719e-05
0.01486784368355039,0.01486784368355039,0.380427235395639,0.0022100784026884007,-0.00011025328746791947,0.0004211295869474937,-4.716292886360684e-05
0.01486784368355039,0.01486784368355039,0.39269908169872414,0.0022186766306537867,-0.00010913014801937504,0.0004343378961016973,-4.7250297358820425e-05
0.01486784368355039,0.01486784368355039,0.4049709280018093,0.002227313633106302,-0.00010793836260391435,0.0004475379053621036,-4.7199488440237536e-05
0.01486784368355039,0.01486784368355039,0.4172427743048944,0.0022366951057117067,-0.00010667039133310007,0.00046057855666160137,-4.7007359075736395e-05
0.01486784368355039,0.01486784368355039,0.4295146206079795,0.002246076578317111,-0.00010531866170679366,0.0004736192079610991,-4.667127460721996e-05
0.01486784368355039,0.01486784368355039,0.44178646691106466,0.0022558677869695936,-0.00010387579143838735,0.0004865525074225095,-4.6189149003918465e-05
0.01486784368355039,0.01486784368355039,0.4540583132141498,0.0022660450930510534,-0.00010233479815278269,0.0004993846484211067,-4.555947579640998e-05
0.01486784368355039,0.01486784368355039,0.4663301595172349,0.002276222399132513,-0.00010068928567628365,0.0005122167894197039,-4.478134950661781e-05
0.01486784368355039,0.01486784368355039,0.47860200582032003,0.00228718957285653,-9.893359796285777e-05,0.0005247990557596081,-4.385447782836361e-05
0.01486784368355039,0.01486784368355039,0.4908738521234052,0.002298172703502619,-9.706293358106766e-05,0.0005373762741266095,-4.277918523192934e-05
0.01486784368355039,0.01486784368355039,0.5031456984264903,0.0023095178217140255,-9.507341618674287e-05,0.0005498167054452088,-4.155640902037732e-05
0.01486784368355039,0.01486784368355039,0.5154175447295755,0.00232131341334005,-9.296211902897824e-05,0.0005620869128813525,-4.0187689152995975e-05
0.01486784368355039,0.01486784368355039,0.5276893910326605,0.0023331090049660747,-9.072704419030391e-05,0.000574357120317496,-3.867515335751901e-05
0.01486784368355039,0.01486784368355039,0.5399612373357456,0.0023456469234983492,-8.836705993767013e-05,0.0005862950232723909,-3.702149914007046e-05
0.01486784368355039,0.01486784368355039,0.5522330836388308,0.002358257460967105,-8.588180202080118e-05,0.0005982004181802071,-3.5229974343299284e-05
0.01486784368355039,0.01486784368355039,0.5645049299419159,0.002371173672934383,-8.327154678501383e-05,0.0006099446796733035,-3.3304357787524256e-05
0.01486784368355039,0.01486784368355039,0.5767767762450011,0.002384596661043948,-8.05370657912715e-05,0.0006214217989262067,-3.1248941388414626e-05
0.01486784368355039,0.01486784368355039,0.5890486225480862,0.002398019649153513,-7.767947219578363e-05,0.0006328989181791099,-2.9068514866166855e-05
0.01486784368355039,0.01486784368355039,0.6013204688511713,0.002412119376929152,-7.470007026722566e-05,0.0006439575605011417,-2.6768353883762075e-05
0.01486784368355039,0.01486784368355039,0.6135923151542565,0.0024263464909948756,-7.160021836346509e-05,0.0006549374306950096,-2.4354212051039516e-05
0.01486784368355039,0.01486784368355039,0.6258641614573416,0.002440815808640387,-6.838121577137403e-05,0.0006657418986099413,-2.1832316905721913e-05
0.01486784368355039,0.01486784368355039,0.6381360077604268,0.002455832037595097,-6.504422123896077e-05,0.0006761502968627597,-1.920936955980632e-05
0.01486784368355039,0.01486784368355039,0.6504078540635119,0.0024708482665498064,-6.159021032524516e-05,0.0006865586951155779,-1.649254734764376e-05
0.01486784368355039,0.01486784368355039,0.662679700366597,0.0024864564996278714,-5.801997516249207e-05,0.0006964646771100637,-1.368950847478527e-05
0.01486784368355039,0.01486784368355039,0.6749515466696822,0.0025022392980243616,-5.43341686060923e-05,0.0007062225107206825,-1.0808397394526652e-05
0.01486784368355039,0.01486784368355039,0.6872233929727672,0.0025181969091136874,-5.053339131143403e-05,0.0007158059235939926,-7.8578494232693e-06
0.01486784368355039,0.01486784368355039,0.6994952392758523,0.002534715377592528,-4.661831825632696e-05,0.0007248297366017715,-4.846992941111821e-06
0.01486784368355039,0.01486784368355039,0.7117670855789375,0.0025512338460713683,-4.258985814902933e-05,0.0007338535496095506,-1.7854475036516482e-06
0.01486784368355039,0.01486784368355039,0.7240389318820226,0.0025682413348815138,-3.8449337507653285e-05,0.0007423000832850307,1.316683820864705e-06
0.01486784368355039,0.01486784368355039,0.7363107781851077,0.0025854554520006613,-3.419869946581971e-05,0.0007505026961158774,4.448829452330126e-06
0.01486784368355039,0.01486784368355039,0.7485826244881929,0.002602778270588003,-2.9840705865596675e-05,0.0007585519172820527,7.599973030714402e-06
0.01486784368355039,0.01486784368355039,0.760854470791278,0.002620638202312305,-2.53791311912145e-05,0.000765843203163969,1.0758687037435187e-05
0.01486784368355039,0.01486784368355039,0.7731263170943632,0.0026384981340366073,-2.0818936625351255e-05,0.0007731344890458855,1.3913177141047364e-05
0.01486784368355039,0.01486784368355039,0.7853981633974483,0.0026567291293864395,-1.6166413607280147e-05,0.0007797899018281794,1.705133778621757e-05
0.01486784368355039,0.01486784368355039,0.7976700097005334,0.0026751746458947815,-1.1429287184074326e-05,0.0007860777004747542,2.016081917791826e-05
0.01486784368355039,0.01486784368355039,0.8099418560036186,0.0026936711045953896,-6.616771592243346e-06,0.0007922569215516095,2.3229105418475233e-05
0.01486784368355039,0.01486784368355039,0.8222137023067037,0.0027126311372456164,-1.7395727017399119e-06,0.0007974480867440162,2.6243603190314448e-05
0.01486784368355039,0.01486784368355039,0.8344855486097889,0.0027315911698958433,3.190165575015965e-06,0.0008026392519364232,2.919174000799254e-05
0.01486784368355039,0.01486784368355039,0.8467573949128739,0.0027507951972459243,8.158971195222248e-06,0.0008071590632299574,3.206107074383504e-05
0.01486784368355039,0.01486784368355039,0.859029241215959,0.002770187571381857,1.31522076191195e-05,0.0008111606364261162,3.4839390802064046e-05
0.01486784368355039,0.01486784368355039,0.8713010875190442,0.002789590015046503,1.815428628418984e-05,0.0008151241578565094,3.751485407993564e-05
0.01486784368355039,0.01486784368355039,0.8835729338221293,0.0028093213966490943,2.3148920573059344e-05,0.0008178446549385555,4.0076093646617256e-05
0.01486784368355039,0.01486784368355039,0.8958447801252144,0.0028290527782516856,2.811941219058371e-05,0.0008205651520206016,4.251234290394245e-05
0.01486784368355039,0.01486784368355039,0.9081166264282996,0.002848900354980501,3.304895934213154e-05,0.0008226075777486275,4.48135548914385e-05
0.01486784368355039,0.01486784368355039,0.9203884727313847,0.002868866450738063,3.79209753409086e-05,0.0008239583706955529,4.6970517341502725e-05
0.01486784368355039,0.01486784368355039,0.9326603190344698,0.0028888325464956257,4.271940591279088e-05,0.0008253091636424782,4.897496111683707e-05
0.01486784368355039,0.01486784368355039,0.944932165337555,0.0029089138467396705,4.742903377006605e-05,0.0008252635186781277,5.0819659658521305e-05
0.01486784368355039,0.01486784368355039,0.9572040116406401,0.0029289998976841894,5.203575986278597e-05,0.0008251602886452709,5.2498517232663415e-05
0.01486784368355039,0.01486784368355039,0.9694758579437253,0.0029490840571288145,5.652685193365996e-05,0.0008244045925793496,5.4006643838859963e-05
0.01486784368355039,0.01486784368355039,0.9817477042468103,0.0029691656652480023,6.0891152754180165e-05,0.0008227688260502252,5.534041488070832e-05
0.01486784368355039,0.01486784368355039,0.9940195505498954,0.00298924727336719,6.511924245864731e-05,0.0008211330595211008,5.649751386587295e-05
0.01486784368355039,0.01486784368355039,1.0062913968529805,0.0030092065498121953,6.920355134273836e-05,0.000818068219991271,5.747695669975814e-05
0.01486784368355039,0.01486784368355039,1.0185632431560658,0.003029150874608134,7.313842194730868e-05,0.0008148287159835771,5.827909640068635e-05
0.01486784368355039,0.01486784368355039,1.030835089459151,0.003048996478315947,7.692012119685324e-05,0.0008109953397949099,5.890560741336915e-05
0.01486784368355039,0.01486784368355039,1.043106935762236,0.0030686638356146453,8.054680541040829e-05,0.0008060896943905961,5.935944902228726e-05
0.01486784368355039,0.01486784368355039,1.055378782065321,0.0030883311929133434,8.4018442695989e-05,0.0008011840489862824,5.964480780780133e-05
0.01486784368355039,0.01486784368355039,1.0676506283684062,0.0031076521939874843,8.733669848622656e-05,0.0007948663197939794,5.9767019436801966e-05
0.01486784368355039,0.01486784368355039,1.0799224746714913,0.003126898081663529,9.050479095838815e-05,0.0007882423555633172,5.973247058547053e-05
0.01486784368355039,0.01486784368355039,1.0921943209745766,0.0031459807871727662,9.352732365784816e-05,0.0007811133542184178,5.9548482211581646e-05
0.01486784368355039,0.01486784368355039,1.1044661672776617,0.0031646583507506194,9.641010253984737e-05,0.0007727304676243787,5.922317584901719e-05
0.01486784368355039,0.01486784368355039,1.1167380135807468,0.003183335914328472,9.915994441054952e-05,0.0007643475810303395,5.876532510885696e-05
0.01486784368355039,0.01486784368355039,1.1290098598838318,0.0032014757366377084,0.00010178448320836443,0.0007546202449862094,5.8184194969547055e-05
0.01486784368355039,0.01486784368355039,1.141281706186917,0.003219438670371742,0.00010429197923592358,0.0007444506558334967,5.7489371914525054e-05
0.01486784368355039,0.01486784368355039,1.1535535524900022,0.0032372149134152093,0.00010669113578937821,0.0007338888771661679,5.669058830337032e-05
0.01486784368355039,0.01486784368355039,1.1658253987930873,0.003254320767160734,0.00010899092594823325,0.0007219187816054456,5.5797544751723414e-05
0.01486784368355039,0.01486784368355039,1.1780972450961724,0.0032714266209062587,0.00011120043132474513,0.0007099486860447234,5.4819734484938694e-05
0.01486784368355039,0.01486784368355039,1.1903690913992575,0.0032878547526683376,0.00011332869329455058,0.0006967493987259255,5.376627382822893e-05
0.01486784368355039,0.01486784368355039,1.2026409377023426,0.003303968578583022,0.00011538457614697333,0.0006829800514613534,5.264574302675567e-05
0.01486784368355039,0.01486784368355039,1.214912784005428,0.0033199167207768115,0.00011737664103506082,0.0006689460697336542,5.1466041533879944e-05
0.01486784368355039,0.01486784368355039,1.227184630308513,0.0033349149429708013,0.00011931302895386306,0.0006533948504173611,5.0234261702930235e-05
0.01486784368355039,0.01486784368355039,1.239456476611598,0.0033499131651647915,0.00012120135075616585,0.0006378436311010678,4.895658449066101e-05
0.01486784368355039,0.01486784368355039,1.2517283229146832,0.003364160081796684,0.00012304858258033494,0.0006212198535455068,4.7638200328775677e-05
0.01486784368355039,0.01486784368355039,1.2640001692177683,0.003377934402994354,0.00012486096514062467,0.0006039214022587935,4.628325771334695e-05
0.01486784368355039,0.01486784368355039,1.2762720155208536,0.0033916047043555907,0.0001266439062315515,0.0005864887710913103,4.48948413839314e-05
0.01486784368355039,0.01486784368355039,1.2885438618239387,0.0034040657751182903,0.00012840188649122704,0.0005674962988098792,4.3474981120310365e-05
0.01486784368355039,0.01486784368355039,1.3008157081270237,0.0034165268458809894,0.00013013836948321938,0.0005485038265284481,4.2024691347549585e-05
0.01486784368355039,0.01486784368355039,1.3130875544301088,0.0034282361058427502,0.0001318557180075784,0.0005286288212277804,4.054404076421854e-05
0.01486784368355039,0.01486784368355039,1.325359400733194,0.003439316578589181,0.0001335551194658214,0.0005080156974019329,3.903225027838879e-05
0.01486784368355039,0.01486784368355039,1.337631247036279,0.003450382952481762,0.00013523652399452602,0.0004873874725158368,3.748781659328853e-05
0.01486784368355039,0.01486784368355039,1.3499030933393643,0.0034600394409893993,0.00013689859930964351,0.00046524914160488173,3.5908657888339064e-05
0.01486784368355039,0.01486784368355039,1.3621749396424494,0.0034696959294970367,0.00013853870673877146,0.00044311081069392706,3.4292277242380444e-05
0.01486784368355039,0.01486784368355039,1.3744467859455345,0.003478666593995159,0.00014015290268574453,0.0004203045147892455,3.263593875930306e-05
0.01486784368355039,0.01486784368355039,1.3867186322486196,0.003486879994482776,0.00014173596930129037,0.0003967606742039906,3.0936850833298005e-05
0.01486784368355039,0.01486784368355039,1.3989904785517047,0.0034950933949703927,0.00014328147764479293,0.0003732168336187357,2.9192350619013892e-05
0.01486784368355039,0.01486784368355039,1.41126232485479,0.003501952583426567,0.0001447818851587419,0.00034848842163076225,2.7400083638548824e-05
0.01486784368355039,0.01486784368355039,1.423534171157875,0.003508726242701808,0.00014622866834254587,0.00032368519460682804,2.5558172492941326e-05
0.01486784368355039,0.01486784368355039,1.4358060174609601,0.003514924176687767,0.00014761248976666967,0.00029844144417541616,2.366536893630478e-05
0.01486784368355039,0.01486784368355039,1.4480778637640452,0.003520279585860143,0.00014892339698185093,0.0002725530253428175,2.1721184048562727e-05
0.01486784368355039,0.01486784368355039,1.4603497100671303,0.0035256349950325188,0.00015015104929433476,0.00024666460651021885,1.972599193218411e-05
0.01486784368355039,0.01486784368355039,1.4726215563702154,0.003529783402187157,0.00015128496673701863,0.00022000721975037554,1.7681103232578365e-05
0.01486784368355039,0.01486784368355039,1.4848934026733007,0.0035337535022255387,0.000152314794246938,0.00019323623545582517,1.558880579642336e-05
0.01486784368355039,0.01486784368355039,1.4971652489763858,0.0035372693780439148,0.00015323057289772144,0.00016624533687621944,1.3452370921510604e-05
0.01486784368355039,0.01486784368355039,1.509437095279471,0.0035398901649581625,0.00015402300916635326,0.00013882107779370953,1.1276024860798233e-05
0.01486784368355039,0.01486784368355039,1.521708941582556,0.0035425109518724108,0.00015468373306471128,0.0001113968187111996,9.064886482911842e-06
0.01486784368355039,0.01486784368355039,1.533980787885641,0.0035440739119682704,0.00015520553566412759,8.365028266207987e-05,6.8248732082640785e-06
0.01486784368355039,0.01486784368355039,1.5462526341887264,0.0035453756802571205,0.00015558257733093867,5.58241720533029e-05,4.5625784961153e-06
0.01486784368355039,0.01486784368355039,1.5585244804918115,0.003546329451082615,0.00015581055870223816,2.7961790565107338e-05,2.285125200966194e-06
0.01486784368355039,0.01486784368355039,1.5707963267948966,0.0035463294510826157,0.0001558868478720672,-1.4629465157783876e-17,1.1408408765490554e-20
0.01486784368355039,0.01486784368355039,1.5830681730979816,0.0035463294510826165,0.00015581055870223816,-2.7961790565136594e-05,-2.285125200966194e-06
0.01486784368355039,0.01486784368355039,1.5953400194010667,0.003545375680257123,0.00015558257733093867,-5.5824172053330885e-05,-4.562578496109119e-06
0.01486784368355039,0.01486784368355039,1.607611865704152,0.003544073911968274,0.00015520553566412759,-8.365028266210612e-05,-6.8248732082837026e-06
0.01486784368355039,0.01486784368355039,1.6198837120072371,0.003542510951872415,0.00015468373306471128,-0.00011139681871122467,-9.064886482907358e-06
0.01486784368355039,0.01486784368355039,1.6321555583103222,0.0035398901649581673,0.00015402300916635326,-0.00013882107779373556,-1.127602486078038e-05
0.01486784368355039,0.01486784368355039,1.6444274046134073,0.003537269378043919,0.00015323057289772144,-0.00016624533687624647,-1.3452370921510604e-05
0.01486784368355039,0.01486784368355039,1.6566992509164924,0.003533753502225543,0.000152314794246938,-0.00019323623545585306,-1.558880579642336e-05
0.01486784368355039,0.01486784368355039,1.6689710972195777,0.0035297834021871615,0.00015128496673701863,-0.00022000721975040424,-1.7681103232595018e-05
0.01486784368355039,0.01486784368355039,1.6812429435226628,0.003525634995032523,0.00015015104929319217,-0.0002466646065102483,-1.9725991932236465e-05
0.01486784368355039,0.01486784368355039,1.6935147898257479,0.0035202795858601476,0.00014892339698185093,-0.0002725530253428473,-2.172118404857938e-05
0.01486784368355039,0.01486784368355039,1.705786636128833,0.0035149241766877716,0.00014761248976576883,-0.0002984414441754463,-2.366536893634758e-05
0.01486784368355039,0.01486784368355039,1.718058482431918,0.0035087262427018137,0.00014622866834254587,-0.0003236851946068578,-2.5558172492941326e-05
0.01486784368355039,0.01486784368355039,1.7303303287350031,0.0035019525834265753,0.0001447818851587419,-0.0003484884216307912,-2.740008363862732e-05
0.01486784368355039,0.01486784368355039,1.7426021750380885,0.003495093394970403,0.00014328147764389212,-0.00037321683361876386,-2.91923506190496e-05
0.01486784368355039,0.01486784368355039,1.7548740213411735,0.0034868799944827856,0.00014173596930129037,-0.00039676067420401875,-3.093685083345499e-05
0.01486784368355039,0.01486784368355039,1.7671458676442586,0.0034786665939951686,0.00014015290268574453,-0.0004203045147892736,-3.263593875930306e-05
0.01486784368355039,0.01486784368355039,1.7794177139473437,0.0034696959294970467,0.00013853870673798027,-0.0004431108106939558,-3.429227724243273e-05
0.01486784368355039,0.01486784368355039,1.7916895602504288,0.0034600394409894115,0.00013689859930850093,-0.00046524914160491176,-3.59086578883734e-05
0.01486784368355039,0.01486784368355039,1.8039614065535141,0.0034503829524817763,0.00013523652399452602,-0.0004873874725158681,-3.748781659341222e-05
0.01486784368355039,0.01486784368355039,1.8162332528565992,0.003439316578589198,0.0001335551194649849,-0.000508015697401964,-3.9032250278527844e-05
0.01486784368355039,0.01486784368355039,1.8285050991596843,0.0034282361058427697,0.0001318557180064358,-0.0005286288212278112,-4.0544040764252864e-05
0.01486784368355039,0.01486784368355039,1.8407769454627694,0.0034165268458810124,0.00013013836948207676,-0.0005485038265284791,-4.202469134742188e-05
0.01486784368355039,0.01486784368355039,1.8530487917658545,0.0034040657751183167,0.00012840188649122704,-0.0005674962988099111,-4.347498112023895e-05
0.01486784368355039,0.01486784368355039,1.8653206380689396,0.003391604704355621,0.00012664390623126452,-0.000586488771091343,-4.48948413839314e-05
0.01486784368355039,0.01486784368355039,1.8775924843720249,0.0033779344029943857,0.00012486096514062467,-0.0006039214022588272,-4.6283257713294685e-05
0.01486784368355039,0.01486784368355039,1.88986433067511,0.0033641600817967167,0.00012304858258033494,-0.0006212198535455412,-4.763820032866815e-05
0.01486784368355039,0.01486784368355039,1.902136176978195,0.003349913165164826,0.00012120135075526494,-0.000637843631101103,-4.89565844907617e-05
0.01486784368355039,0.01486784368355039,1.9144080232812801,0.0033349149429708386,0.00011931302895386306,-0.0006533948504173972,-5.023426170295218e-05
0.01486784368355039,0.01486784368355039,1.9266798695843652,0.0033199167207768514,0.00011737664103362714,-0.0006689460697336912,-5.146604153386862e-05
0.01486784368355039,0.01486784368355039,1.9389517158874505,0.003303968578583062,0.00011538457614529793,-0.0006829800514613912,-5.2645743026790006e-05
0.01486784368355039,0.01486784368355039,1.9512235621905356,0.0032878547526683775,0.00011332869329490197,-0.0006967493987259638,-5.376627382822893e-05
0.01486784368355039,0.01486784368355039,1.9634954084936207,0.0032714266209062978,0.00011120043132553636,-0.0007099486860447622,-5.4819734485061345e-05
0.01486784368355039,0.01486784368355039,1.9757672547967058,0.003254320767160773,0.00010899092594823325,-0.0007219187816054845,-5.5797544751723414e-05
0.01486784368355039,0.01486784368355039,1.9880391010997909,0.0032372149134152484,0.0001066911357890912,-0.000733888877166207,-5.6690588303541476e-05
0.01486784368355039,0.01486784368355039,2.000310947402876,0.0032194386703717796,0.00010429197923796703,-0.0007444506558335357,-5.7489371914839045e-05
0.01486784368355039,0.01486784368355039,2.012582793705961,0.0032014757366377444,0.00010178448320717661,-0.0007546202449862484,-5.8184194969547055e-05
0.01486784368355039,0.01486784368355039,2.024854640009046,0.0031833359143285072,9.915994441054952e-05,-0.0007643475810303787,-5.876532510874436e-05
0.01486784368355039,0.01486784368355039,2.0371264863121317,0.0031646583507506554,9.641010253984737e-05,-0.0007727304676244186,-5.922317584905307e-05
0.01486784368355039,0.01486784368355039,2.0493983326152168,0.003145980787172804,9.352732365784816e-05,-0.000781113354218458,-5.9548482211617526e-05
0.01486784368355039,0.01486784368355039,2.061670178918302,0.003126898081663567,9.05047909574873e-05,-0.0007882423555633574,-5.9732470585573e-05
0.01486784368355039,0.01486784368355039,2.073942025221387,0.0031076521939875216,8.733669848629095e-05,-0.0007948663197940199,-5.9767019436667186e-05
0.01486784368355039,0.01486784368355039,2.086213871524472,0.00308833119291338,8.4018442695989e-05,-0.0008011840489863233,-5.964480780773265e-05
0.01486784368355039,0.01486784368355039,2.098485717827557,0.0030686638356146826,8.054680541075968e-05,-0.0008060896943906379,-5.9359449022502345e-05
0.01486784368355039,0.01486784368355039,2.110757564130642,0.0030489964783159853,7.692012119720463e-05,-0.0008109953397949526,-5.890560741323438e-05
0.01486784368355039,0.01486784368355039,2.1230294104337273,0.003029150874608173,7.313842194730868e-05,-0.0008148287159836202,-5.827909640032844e-05
0.01486784368355039,0.01486784368355039,2.1353012567368124,0.003009206549812236,6.920355134273836e-05,-0.000818068219991314,-5.747695669975814e-05
0.01486784368355039,0.01486784368355039,2.1475731030398975,0.0029892472733672316,6.511924245899873e-05,-0.0008211330595211439,-5.649751386587295e-05
0.01486784368355039,0.01486784368355039,2.1598449493429825,0.0029691656652480417,6.089115275310198e-05,-0.000822768826050269,-5.534041488039434e-05
0.01486784368355039,0.01486784368355039,2.172116795646068,0.0029490840571288514,5.652685193114808e-05,-0.000824404592579394,-5.400664383854597e-05
0.01486784368355039,0.01486784368355039,2.184388641949153,0.002928999897684225,5.203575986278597e-05,-0.0008251602886453157,-5.2498517232663415e-05
0.01486784368355039,0.01486784368355039,2.1966604882522383,0.0029089138467397056,4.7429033768923465e-05,-0.0008252635186781728,-5.0819659658521305e-05
0.01486784368355039,0.01486784368355039,2.2089323345553233,0.0028888325464956595,4.2719405911890026e-05,-0.0008253091636425237,-4.897496111684512e-05
0.01486784368355039,0.01486784368355039,2.2212041808584084,0.002868866450738098,3.79209753409086e-05,-0.0008239583706955982,-4.6970517341502725e-05
0.01486784368355039,0.01486784368355039,2.2334760271614935,0.0028489003549805364,3.304895934248293e-05,-0.0008226075777486727,-4.48135548914385e-05
0.01486784368355039,0.01486784368355039,2.2457478734645786,0.0028290527782517216,2.811941219058371e-05,-0.0008205651520206469,-4.2512342904047024e-05
0.01486784368355039,0.01486784368355039,2.2580197197676637,0.00280932139664913,2.3148920572877923e-05,-0.0008178446549386012,-4.007609364650465e-05
0.01486784368355039,0.01486784368355039,2.270291566070749,0.0027895900150465376,1.8154286285009665e-05,-0.0008151241578565554,-3.7514854079836734e-05
0.01486784368355039,0.01486784368355039,2.282563412373834,0.0027701875713818922,1.3152207618651064e-05,-0.0008111606364261623,-3.4839390802311434e-05
0.01486784368355039,0.01486784368355039,2.2948352586769194,0.002750795197245959,8.158971196364828e-06,-0.0008071590632300033,-3.206107074393395e-05
0.01486784368355039,0.01486784368355039,2.3071071049800045,0.002731591169895878,3.190165575015965e-06,-0.0008026392519364696,-2.919174000799254e-05
0.01486784368355039,0.01486784368355039,2.3193789512830896,0.0027126311372456502,-1.7395727017399119e-06,-0.000797448086744064,-2.6243603190314448e-05
0.01486784368355039,0.01486784368355039,2.3316507975861747,0.002693671104595423,-6.616771592243346e-06,-0.0007922569215516585,-2.3229105418475233e-05
0.01486784368355039,0.01486784368355039,2.3439226438892597,0.0026751746458948127,-1.1429287184074326e-05,-0.0007860777004748022,-2.016081917791826e-05
0.01486784368355039,0.01486784368355039,2.356194490192345,0.0026567291293864677,-1.6166413607280147e-05,-0.000779789901828226,-1.705133778621757e-05
0.01486784368355039,0.01486784368355039,2.36846633649543,0.002638498134036633,-2.0818936620327513e-05,-0.0007731344890459311,-1.3913177141047364e-05
0.01486784368355039,0.01486784368355039,2.380738182798515,0.0026206382023123294,-2.53791311912145e-05,-0.0007658432031640146,-1.0758687037435187e-05
0.01486784368355039,0.01486784368355039,2.3930100291016,0.0026027782705880255,-2.9840705866662323e-05,-0.0007585519172820979,-7.599973030714402e-06
0.01486784368355039,0.01486784368355039,2.405281875404685,0.002585455452000683,-3.4198699467621424e-05,-0.0007505026961159228,-4.44882945237405e-06
0.01486784368355039,0.01486784368355039,2.4175537217077703,0.002568241334881535,-3.8449337505005284e-05,-0.0007423000832850763,-1.3166838209636029e-06
0.01486784368355039,0.01486784368355039,2.429825568010856,0.0025512338460713883,-4.258985814494245e-05,-0.0007338535496095964,1.7854475034042663e-06
0.01486784368355039,0.01486784368355039,2.442097414313941,0.0025347153775925474,-4.661831825632696e-05,-0.0007248297366018181,4.846992941111821e-06
0.01486784368355039,0.01486784368355039,2.454369260617026,0.0025181969091137065,-5.053339131143403e-05,-0.0007158059235940399,7.8578494232693e-06
0.01486784368355039,0.01486784368355039,2.466641106920111,0.002502239298024381,-5.43341686060923e-05,-0.0007062225107207299,1.0808397394526652e-05
0.01486784368355039,0.01486784368355039,2.478912953223196,0.0024864564996278913,-5.8019975164777224e-05,-0.0006964646771101113,1.368950847478527e-05
0.01486784368355039,0.01486784368355039,2.4911847995262812,0.0024708482665498264,-6.159021032524516e-05,-0.0006865586951156255,1.649254734795774e-05
0.01486784368355039,0.01486784368355039,2.5034566458293663,0.0024558320375951165,-6.504422123896077e-05,-0.0006761502968628075,1.920936955981437e-05
0.01486784368355039,0.01486784368355039,2.5157284921324514,0.002440815808640406,-6.838121577173686e-05,-0.0006657418986099896,2.1832316905609306e-05
0.01486784368355039,0.01486784368355039,2.5280003384355365,0.002426346490994894,-7.16002183627623e-05,-0.0006549374306950579,2.4354212051039516e-05
0.01486784368355039,0.01486784368355039,2.5402721847386216,0.002412119376929169,-7.47000702675885e-05,-0.0006439575605011901,2.6768353883927576e-05
0.01486784368355039,0.01486784368355039,2.552544031041707,0.002398019649153529,-7.767947219578363e-05,-0.0006328989181791577,2.9068514866166855e-05
0.01486784368355039,0.01486784368355039,2.564815877344792,0.002384596661043965,-8.05370657912715e-05,-0.0006214217989262543,3.1248941388414626e-05
0.01486784368355039,0.01486784368355039,2.5770877236478773,0.002371173672934401,-8.327154678729899e-05,-0.0006099446796733508,3.3304357787524256e-05
0.01486784368355039,0.01486784368355039,2.5893595699509624,0.002358257460967123,-8.588180202080118e-05,-0.0005982004181802544,3.5229974343299284e-05
0.01486784368355039,0.01486784368355039,2.6016314162540475,0.002345646923498366,-8.836705993824415e-05,-0.0005862950232724387,3.7021499139935686e-05
0.01486784368355039,0.01486784368355039,2.6139032625571326,0.002333109004966091,-9.072704419030391e-05,-0.0005743571203175441,3.86751533577341e-05
0.01486784368355039,0.01486784368355039,2.6261751088602177,0.002321313413340065,-9.296211902897824e-05,-0.0005620869128814002,4.0187689153309946e-05
0.01486784368355039,0.01486784368355039,2.6384469551633027,0.0023095178217140393,-9.507341618674287e-05,-0.0005498167054452562,4.1556409020242555e-05
0.01486784368355039,0.01486784368355039,2.650718801466388,0.0022981727035026314,-9.706293358036486e-05,-0.0005373762741266569,4.277918523203182e-05
0.01486784368355039,0.01486784368355039,2.662990647769473,0.0022871895728565415,-9.893359796285777e-05,-0.0005247990557596561,4.385447782868564e-05
0.01486784368355039,0.01486784368355039,2.675262494072558,0.002276222399132523,-0.00010068928567306163,-0.0005122167894197522,4.478134950661781e-05
0.01486784368355039,0.01486784368355039,2.6875343403756435,0.002266045093051063,-0.00010233479815171705,-0.0004993846484211547,4.555947579640998e-05
0.01486784368355039,0.01486784368355039,2.6998061866787286,0.0022558677869696027,-0.0001038757914373217,-0.00048655250742255765,4.6189149003706964e-05
0.01486784368355039,0.01486784368355039,2.7120780329818137,0.0022460765783171204,-0.00010531866170679366,-0.0004736192079611472,4.6671274607153356e-05
0.01486784368355039,0.01486784368355039,2.724349879284899,0.0022366951057117166,-0.00010667039133310007,-0.0004605785566616492,4.7007359075736395e-05
0.01486784368355039,0.01486784368355039,2.736621725587984,0.0022273136331063133,-0.00010793836260321156,-0.0004475379053621511,4.719948844013864e-05
0.01486784368355039,0.01486784368355039,2.748893571891069,0.002218676630653797,-0.00010913014801937504,-0.00043433789610174546,4.7250297358820425e-05
0.01486784368355039,0.01486784368355039,2.761165418194154,0.0022100784026884103,-0.00011025328746791947,-0.0004211295869475425,4.7162928863641195e-05
0.01486784368355039,0.01486784368355039,2.773437264497239,0.002201799860763831,-0.0001113150638869528,-0.00040786631165427574,4.69409854069602e-05
0.01486784368355039,0.01486784368355039,2.7857091108003242,0.0021939704016108617,-0.00011232228877212593,-0.00039452582202280026,4.6588472316720005e-05
0.01486784368355039,0.01486784368355039,2.7979809571034093,0.002186140942457893,-0.0001132811087783786,-0.0003811853323913248,4.610973511151385e-05
0.01486784368355039,0.01486784368355039,2.8102528034064944,0.0021789750762611433,-0.00011419684351592156,-0.000367755107752088,4.550939251711722e-05
0.01486784368355039,0.01486784368355039,2.82252464970958,0.0021718986832719735,-0.00011507386305323039,-0.00035431278401068067,4.4792267256541144e-05
0.01486784368355039,0.01486784368355039,2.834796496012665,0.0021650775973914038,-0.00011591551125448551,-0.0003408440112697914,4.3963316862524065e-05
0.01486784368355039,0.01486784368355039,2.84706834231575,0.0021587379477727656,-0.00011672407911424252,-0.0003273253632727353,4.302756682329609e-05
0.01486784368355039,0.01486784368355039,2.859340188618835,0.002152398298154127,-0.00011750082885640895,-0.0003138067152756792,4.199004831205339e-05
0.01486784368355039,0.01486784368355039,2.8716120349219203,0.0021466434887196196,-0.00011824606723436535,-0.000300243158879651,4.085574259073018e-05
0.01486784368355039,0.01486784368355039,2.8838838812250054,0.0021410241910350936,-0.00011895926372260689,-0.0002866691968789828,3.962953390583652e-05
0.01486784368355039,0.01486784368355039,2.8961557275280905,0.0021356001690849193,-0.00011963920645913676,-0.0002730845806775282,3.831617233698956e-05
0.01486784368355039,0.01486784368355039,2.9084275738311756,0.0021306852588707337,-0.00012028418733144203,-0.0002594721874525944,3.692024761689807e-05
0.01486784368355039,0.01486784368355039,2.9206994201342606,0.0021257703486565476,-0.00012089220532146332,-0.00024585979422766065,3.5446174445691696e-05
0.01486784368355039,0.01486784368355039,2.9329712664373457,0.002121367287254666,-0.00012146117687423212,-0.00023222863249493933,3.3898189315460586e-05
0.01486784368355039,0.01486784368355039,2.945243112740431,0.002117141666774383,-0.00012198914138623578,-0.00021859096434618502,3.2280358326106447e-05
0.01486784368355039,0.01486784368355039,2.9575149590435164,0.0021130564849727615,-0.00012247445028811462,-0.00020495008989693375,3.059659497025528e-05
0.01486784368355039,0.01486784368355039,2.9697868053466014,0.00210950630766128,-0.00012291592932924892,-0.00019129700096960116,2.885068643486175e-05
0.01486784368355039,0.01486784368355039,2.9820586516496865,0.002105956130349798,-0.00012331300528778722,-0.0001776439120422686,2.7046326571887904e-05
0.01486784368355039,0.01486784368355039,2.9943304979527716,0.002102852448983498,-0.0001236657900750738,-0.00016398515023539656,2.5187153419259764e-05
0.01486784368355039,0.01486784368355039,3.0066023442558567,0.002099965449472948,-0.0001239751183222241,-0.00015032363541345393,2.3276788977460925e-05
0.01486784368355039,0.01486784368355039,3.018874190558942,0.0020971689329762812,-0.00012424253650222393,-0.0001366615893042775,2.1318878894297836e-05
0.01486784368355039,0.01486784368355039,3.031146036862027,0.002094934703780174,-0.00012447024518103602,-0.00012299624162443376,1.9317129767301046e-05
0.01486784368355039,0.01486784368355039,3.043417883165112,0.0020927004745840663,-0.0001246609981344632,-0.00010933089394459005,1.727534197041034e-05
0.01486784368355039,0.01486784368355039,3.055689729468197,0.002090855464752952,-0.00012481796480459694,-9.566483772552054e-05,1.5197436185246237e-05
0.01486784368355039,0.01486784368355039,3.067961575771282,0.002089265680734947,-0.0001249445646653255,-8.199831689056526e-05,1.3087472213888933e-05
0.01486784368355039,0.01486784368355039,3.0802334220743677,0.002087720140578125,-0.0001250442836260238,-6.833179813091584e-05,1.0949659100293467e-05
0.01486784368355039,0.01486784368355039,3.0925052683774528,0.0020867687322714645,-0.00012512048360073842,-5.4665307239666637e-05,8.788356086373478e-06
0.01486784368355039,0.01486784368355039,3.104777114680538,0.0020858173239648044,-0.00012517621665738705,-4.099881634841742e-05,6.608064460104749e-06
0.01486784368355039,0.01486784368355039,3.117048960983623,0.0020852052521939204,-0.00012521405493891796,-2.7332463900797407e-05,4.413410863750659e-06
0.01486784368355039,0.01486784368355039,3.129320807286708,0.0020848885288893594,-0.00012523594658206757,-1.3666231950410214e-05,2.209123113067028e-06
0.01486784368355039,0.01486784368355039,0.0,0.002084571805584799,-0.0001252431062785296,-2.3026036890225672e-17,0.0
0.01486784368355039,0.01486784368355039,0.01227184630308513,0.0020848885288893624,-0.00012523594658206757,1.3666231950364451e-05,-2.2091231130761314e-06
0.01486784368355039,0.01486784368355039,0.02454369260617026,0.002085205252193926,-0.00012521405493891796,2.7332463900751928e-05,-4.4134108637534046e-06
0.01486784368355039,0.01486784368355039,0.03681553890925539,0.00208581732396481,-0.00012517621665738705,4.0998816348372225e-05,-6.608064460124877e-06
0.01486784368355039,0.01486784368355039,0.04908738521234052,0.0020867687322714667,-0.00012512048360073842,5.466530723962172e-05,-8.788356086373478e-06
0.01486784368355039,0.01486784368355039,0.06135923151542565,0.0020877201405781233,-0.0001250442836260238,6.833179813087121e-05,-1.0949659100333721e-05
0.01486784368355039,0.01486784368355039,0.07363107781851078,0.002089265680734948,-0.00012494456466425984,8.19983168905201e-05,-1.3087472213891767e-05
0.01486784368355039,0.01486784368355039,0.0859029241215959,0.002090855464752955,-0.00012481796480459694,9.566483772547534e-05,-1.5197436185246237e-05
0.01486784368355039,0.01486784368355039,0.09817477042468103,0.0020927004745840702,-0.0001246609981344632,0.00010933089394454478,-1.727534197041034e-05
0.01486784368355039,0.01486784368355039,0.11044661672776616,0.002094934703780175,-0.00012447024518103602,0.00012299624162438838,-1.9317129767284397e-05
0.01486784368355039,0.01486784368355039,0.1227184630308513,0.00209716893297628,-0.00012424253650222393,0.00013666158930423198,-2.1318878894350196e-05
0.01486784368355039,0.01486784368355039,0.1349903093339364,0.002099965449472947,-0.0001239751183222241,0.000150323635413408,-2.3276788977444265e-05
0.01486784368355039,0.01486784368355039,0.14726215563702155,0.0021028524489834976,-0.0001236657900750738,0.00016398515023535024,-2.5187153419302552e-05
0.01486784368355039,0.01486784368355039,0.1595340019401067,0.0021059561303497978,-0.00012331300528778722,0.00017764391204222197,-2.7046326571887904e-05
0.01486784368355039,0.01486784368355039,0.1718058482431918,0.002109506307661278,-0.00012291592932924892,0.00019129700096955448,-2.885068643489887e-05
0.01486784368355039,0.01486784368355039,0.18407769454627693,0.0021130564849727584,-0.00012247445028811462,0.00020495008989688702,-3.059659497023734e-05
0.01486784368355039,0.01486784368355039,0.19634954084936207,0.002117141666774378,-0.00012198914138623578,0.0002185909643461377,-3.2280358326162764e-05
0.01486784368355039,0.01486784368355039,0.2086213871524472,0.002121367287254659,-0.00012146117687365812,0.0002322286324948919,-3.3898189315460586e-05
0.01486784368355039,0.01486784368355039,0.22089323345553233,0.0021257703486565393,-0.00012089220532146332,0.00024585979422761295,-3.5446174445726025e-05
0.01486784368355039,0.01486784368355039,0.23316507975861744,0.002130685258870725,-0.00012028418732735515,0.0002594721874525462,-3.6920247616894056e-05
0.01486784368355039,0.01486784368355039,0.2454369260617026,0.0021356001690849107,-0.00011963920645913676,0.00027308458067747945,-3.831617233701152e-05
0.01486784368355039,0.01486784368355039,0.25770877236478773,0.0021410241910350845,-0.00011895926372705659,0.00028666919687893354,-3.962953390583652e-05
0.01486784368355039,0.01486784368355039,0.2699806186678728,0.00214664348871961,-0.00011824606723436535,0.0003002431588796011,-4.085574259072616e-05
0.01486784368355039,0.01486784368355039,0.28225246497095796,0.002152398298154117,-0.00011750082885640895,0.000313806715275629,-4.199004831198197e-05
0.01486784368355039,0.01486784368355039,0.2945243112740431,0.002158737947772755,-0.00011672407911424252,0.0003273253632726857,-4.302756682329609e-05
0.01486784368355039,0.01486784368355039,0.30679615757712825,0.002165077597391392,-0.00011591551125448551,0.0003408440112697424,-4.3963316862558414e-05
0.01486784368355039,0.01486784368355039,0.3190680038802134,0.0021718986832719627,-0.00011507386305323039,0.000354312784010632,-4.479226725659059e-05
0.01486784368355039,0.01486784368355039,0.3313398501832985,0.0021789750762611342,-0.00011419684351534755,0.00036775510775203895,-4.5509392517083914e-05
0.01486784368355039,0.01486784368355039,0.3436116964863836,0.002186140942457885,-0.0001132811087783786,0.0003811853323912759,-4.6109735111446225e-05
0.01486784368355039,0.01486784368355039,0.35588354278946877,0.0021939704016108535,-0.00011232228877714968,0.00039452582202275125,-4.658847231670867e-05
0.01486784368355039,0.01486784368355039,0.36815538909255385,0.002201799860763822,-0.0001113150638851511,0.0004078663116542266,-4.694098540711719e-05
0.01486784368355039,0.01486784368355039,0.380427235395639,0.0022100784026884007,-0.00011025328746791947,0.0004211295869474937,-4.716292886360684e-05
0.01486784368355039,0.01486784368355039,0.39269908169872414,0.0022186766306537867,-0.00010913014801937504,0.0004343378961016973,-4.7250297358820425e-05
0.01486784368355039,0.01486784368355039,0.4049709280018093,0.002227313633106302,-0.00010793836260391435,0.0004475379053621036,-4.7199488440237536e-05
0.01486784368355039,0.01486784368355039,0.4172427743048944,0.0022366951057117067,-0.00010667039133310007,0.00046057855666160137,-4.7007359075736395e-05
0.01486784368355039,0.01486784368355039,0.4295146206079795,0.002246076578317111,-0.00010531866170679366,0.0004736192079610991,-4.667127460721996e-05
0.01486784368355039,0.01486784368355039,0.44178646691106466,0.0022558677869695936,-0.00010387579143838735,0.0004865525074225095,-4.6189149003918465e-05
0.01486784368355039,0.01486784368355039,0.4540583132141498,0.0022660450930510534,-0.00010233479815278269,0.0004993846484211067,-4.555947579640998e-05
0.01486784368355039,0.01486784368355039,0.4663301595172349,0.002276222399132513,-0.00010068928567628365,0.0005122167894197039,-4.478134950661781e-05
0.01486784368355039,0.01486784368355039,0.47860200582032003,0.00228718957285653,-9.893359796285777e-05,0.0005247990557596081,-4.385447782836361e-05
0.01486784368355039,0.01486784368355039,0.4908738521234052,0.002298172703502619,-9.706293358106766e-05,0.0005373762741266095,-4.277918523192934e-05
0.01486784368355039,0.01486784368355039,0.5031456984264903,0.0023095178217140255,-9.507341618674287e-05,0.0005498167054452088,-4.155640902037732e-05
0.01486784368355039,0.01486784368355039,0.5154175447295755,0.00232131341334005,-9.296211902897824e-05,0.0005620869128813525,-4.0187689152995975e-05
0.01486784368355039,0.01486784368355039,0.5276893910326605,0.0023331090049660747,-9.072704419030391e-05,0.000574357120317496,-3.867515335751901e-05
0.01486784368355039,0.01486784368355039,0.5399612373357456,0.0023456469234983492,-8.836705993767013e-05,0.0005862950232723909,-3.702149914007046e-05
0.01486784368355039,0.01486784368355039,0.5522330836388308,0.002358257460967105,-8.588180202080118e-05,0.0005982004181802071,-3.5229974343299284e-05
0.01486784368355039,0.01486784368355039,0.5645049299419159,0.002371173672934383,-8.327154678501383e-05,0.0006099446796733035,-3.3304357787524256e-05
0.01486784368355039,0.01486784368355039,0.5767767762450011,0.002384596661043948,-8.05370657912715e-05,0.0006214217989262067,-3.1248941388414626e-05
0.01486784368355039,0.01486784368355039,0.5890486225480862,0.002398019649153513,-7.767947219578363e-05,0.0006328989181791099,-2.9068514866166855e-05
0.01486784368355039,0.01486784368355039,0.6013204688511713,0.002412119376929152,-7.470007026722566e-05,0.0006439575605011417,-2.6768353883762075e-05
0.01486784368355039,0.01486784368355039,0.6135923151542565,0.0024263464909948756,-7.160021836346509e-05,0.0006549374306950096,-2.4354212051039516e-05
0.01486784368355039,0.01486784368355039,0.6258641614573416,0.002440815808640387,-6.838121577137403e-05,0.0006657418986099413,-2.1832316905721913e-05
0.01486784368355039,0.01486784368355039,0.6381360077604268,0.002455832037595097,-6.504422123896077e-05,0.0006761502968627597,-1.920936955980632e-05
0.01486784368355039,0.01486784368355039,0.6504078540635119,0.0024708482665498064,-6.159021032524516e-05,0.0006865586951155779,-1.649254734764376e-05
0.01486784368355039,0.01486784368355039,0.662679700366597,0.0024864564996278714,-5.801997516249207e-05,0.0006964646771100637,-1.368950847478527e-05
0.01486784368355039,0.01486784368355039,0.6749515466696822,0.0025022392980243616,-5.43341686060923e-05,0.0007062225107206825,-1.0808397394526652e-05
0.01486784368355039,0.01486784368355039,0.6872233929727672,0.0025181969091136874,-5.053339131143403e-05,0.0007158059235939926,-7.8578494232693e-06
0.01486784368355039,0.01486784368355039,0.6994952392758523,0.002534715377592528,-4.661831825632696e-05,0.0007248297366017715,-4.846992941111821e-06
0.01486784368355039,0.01486784368355039,0.7117670855789375,0.0025512338460713683,-4.258985814902933e-05,0.0007338535496095506,-1.7854475036516482e-06
0.01486784368355039,0.01486784368355039,0.7240389318820226,0.0025682413348815138,-3.8449337507653285e-05,0.0007423000832850307,1.316683820864705e-06
0.01486784368355039,0.01486784368355039,0.7363107781851077,0.0025854554520006613,-3.419869946581971e-05,0.0007505026961158774,4.448829452330126e-06
0.01486784368355039,0.01486784368355039,0.7485826244881929,0.002602778270588003,-2.9840705865596675e-05,0.0007585519172820527,7.599973030714402e-06
0.01486784368355039,0.01486784368355039,0.760854470791278,0.002620638202312305,-2.53791311912145e-05,0.000765843203163969,1.0758687037435187e-05
0.01486784368355039,0.01486784368355039,0.7731263170943632,0.0026384981340366073,-2.0818936625351255e-05,0.0007731344890458855,1.3913177141047364e-05
0.01486784368355039,0.01486784368355039,0.7853981633974483,0.0026567291293864395,-1.6166413607280147e-05,0.0007797899018281794,1.705133778621757e-05
0.01486784368355039,0.01486784368355039,0.7976700097005334,0.0026751746458947815,-1.1429287184074326e-05,0.0007860777004747542,2.016081917791826e-05
0.01486784368355039,0.01486784368355039,0.8099418560036186,0.0026936711045953896,-6.616771592243346e-06,0.0007922569215516095,2.3229105418475233e-05
0.01486784368355039,0.01486784368355039,0.8222137023067037,0.0027126311372456164,-1.7395727017399119e-06,0.0007974480867440162,2.6243603190314448e-05
0.01486784368355039,0.01486784368355039,0.8344855486097889,0.0027315911698958433,3.190165575015965e-06,0.0008026392519364232,2.919174000799254e-05
0.01486784368355039,0.01486784368355039,0.8467573949128739,0.0027507951972459243,8.158971195222248e-06,0.0008071590632299574,3.206107074383504e-05
0.01486784368355039,0.01486784368355039,0.859029241215959,0.002770187571381857,1.31522076191195e-05,0.0008111606364261162,3.4839390802064046e-05
0.01486784368355039,0.01486784368355039,0.8713010875190442,0.002789590015046503,1.815428628418984e-05,0.0008151241578565094,3.751485407993564e-05
0.01486784368355039,0.01486784368355039,0.8835729338221293,0.0028093213966490943,2.3148920573059344e-05,0.0008178446549385555,4.0076093646617256e-05
0.01486784368355039,0.01486784368355039,0.8958447801252144,0.0028290527782516856,2.811941219058371e-05,0.0008205651520206016,4.251234290394245e-05
0.01486784368355039,0.01486784368355039,0.9081166264282996,0.002848900354980501,3.304895934213154e-05,0.0008226075777486275,4.48135548914385e-05
0.01486784368355039,0.01486784368355039,0.9203884727313847,0.002868866450738063,3.79209753409086e-05,0.0008239583706955529,4.6970517341502725e-05
0.01486784368355039,0.01486784368355039,0.9326603190344698,0.0028888325464956257,4.271940591279088e-05,0.0008253091636424782,4.897496111683707e-05
0.01486784368355039,0.01486784368355039,0.944932165337555,0.0029089138467396705,4.742903377006605e-05,0.0008252635186781277,5.0819659658521305e-05
0.01486784368355039,0.01486784368355039,0.9572040116406401,0.0029289998976841894,5.203575986278597e-05,0.0008251602886452709,5.2498517232663415e-05
0.01486784368355039,0.01486784368355039,0.9694758579437253,0.0029490840571288145,5.652685193365996e-05,0.0008244045925793496,5.4006643838859963e-05
0.01486784368355039,0.01486784368355039,0.9817477042468103,0.0029691656652480023,6.0891152754180165e-05,0.0008227688260502252,5.534041488070832e-05
0.01486784368355039,0.01486784368355039,0.9940195505498954,0.00298924727336719,6.511924245864731e-05,0.0008211330595211008,5.649751386587295e-05
0.01486784368355039,0.01486784368355039,1.0062913968529805,0.0030092065498121953,6.920355134273836e-05,0.000818068219991271,5.747695669975814e-05
0.01486784368355039,0.01486784368355039,1.0185632431560658,0.003029150874608134,7.313842194730868e-05,0.0008148287159835771,5.827909640068635e-05
0.01486784368355039,0.01486784368355039,1.030835089459151,0.003048996478315947,7.692012119685324e-05,0.0008109953397949099,5.890560741336915e-05
0.01486784368355039,0.01486784368355039,1.043106935762236,0.0030686638356146453,8.054680541040829e-05,0.0008060896943905961,5.935944902228726e-05
0.01486784368355039,0.01486784368355039,1.055378782065321,0.0030883311929133434,8.4018442695989e-05,0.0008011840489862824,5.964480780780133e-05
0.01486784368355039,0.01486784368355039,1.0676506283684062,0.0031076521939874843,8.733669848622656e-05,0.0007948663197939794,5.9767019436801966e-05
0.01486784368355039,0.01486784368355039,1.0799224746714913,0.003126898081663529,9.050479095838815e-05,0.0007882423555633172,5.973247058547053e-05
0.01486784368355039,0.01486784368355039,1.0921943209745766,0.0031459807871727662,9.352732365784816e-05,0.0007811133542184178,5.9548482211581646e-05
0.01486784368355039,0.01486784368355039,1.1044661672776617,0.0031646583507506194,9.641010253984737e-05,0.0007727304676243787,5.922317584901719e-05
0.01486784368355039,0.01486784368355039,1.1167380135807468,0.003183335914328472,9.915994441054952e-05,0.0007643475810303395,5.876532510885696e-05
0.01486784368355039,0.01486784368355039,1.1290098598838318,0.0032014757366377084,0.00010178448320836443,0.0007546202449862094,5.8184194969547055e-05
0.01486784368355039,0.01486784368355039,1.141281706186917,0.003219438670371742,0.00010429197923592358,0.0007444506558334967,5.7489371914525054e-05
0.01486784368355039,0.01486784368355039,1.1535535524900022,0.0032372149134152093,0.00010669113578937821,0.0007338888771661679,5.669058830337032e-05
0.01486784368355039,0.01486784368355039,1.1658253987930873,0.003254320767160734,0.00010899092594823325,0.0007219187816054456,5.5797544751723414e-05
0.01486784368355039,0.01486784368355039,1.1780972450961724,0.0032714266209062587,0.00011120043132474513,0.0007099486860447234,5.4819734484938694e-05
0.01486784368355039,0.01486784368355039,1.1903690913992575,0.0032878547526683376,0.00011332869329455058,0.0006967493987259255,5.376627382822893e-05
0.01486784368355039,0.01486784368355039,1.2026409377023426,0.003303968578583022,0.00011538457614697333,0.0006829800514613534,5.264574302675567e-05
0.01486784368355039,0.01486784368355039,1.214912784005428,0.0033199167207768115,0.00011737664103506082,0.0006689460697336542,5.1466041533879944e-05
0.01486784368355039,0.01486784368355039,1.227184630308513,0.0033349149429708013,0.00011931302895386306,0.0006533948504173611,5.0234261702930235e-05
0.01486784368355039,0.01486784368355039,1.239456476611598,0.0033499131651647915,0.00012120135075616585,0.0006378436311010678,4.895658449066101e-05
0.01486784368355039,0.01486784368355039,1.2517283229146832,0.003364160081796684,0.00012304858258033494,0.0006212198535455068,4.7638200328775677e-05
0.01486784368355039,0.01486784368355039,1.2640001692177683,0.003377934402994354,0.00012486096514062467,0.0006039214022587935,4.628325771334695e-05
0.01486784368355039,0.01486784368355039,1.2762720155208536,0.0033916047043555907,0.0001266439062315515,0.0005864887710913103,4.48948413839314e-05
0.01486784368355039,0.01486784368355039,1.2885438618239387,0.0034040657751182903,0.00012840188649122704,0.0005674962988098792,4.3474981120310365e-05
0.01486784368355039,0.01486784368355039,1.3008157081270237,0.0034165268458809894,0.00013013836948321938,0.0005485038265284481,4.2024691347549585e-05
0.01486784368355039,0.01486784368355039,1.3130875544301088,0.0034282361058427502,0.0001318557180075784,0.0005286288212277804,4.054404076421854e-05
0.01486784368355039,0.01486784368355039,1.325359400733194,0.003439316578589181,0.0001335551194658214,0.0005080156974019329,3.903225027838879e-05
0.01486784368355039,0.01486784368355039,1.337631247036279,0.003450382952481762,0.00013523652399452602,0.0004873874725158368,3.748781659328853e-05
0.01486784368355039,0.01486784368355039,1.3499030933393643,0.0034600394409893993,0.00013689859930964351,0.00046524914160488173,3.5908657888339064e-05
0.01486784368355039,0.01486784368355039,1.3621749396424494,0.0034696959294970367,0.00013853870673877146,0.00044311081069392706,3.4292277242380444e-05
0.01486784368355039,0.01486784368355039,1.3744467859455345,0.003478666593995159,0.00014015290268574453,0.0004203045147892455,3.263593875930306e-05
0.01486784368355039,0.01486784368355039,1.3867186322486196,0.003486879994482776,0.00014173596930129037,0.0003967606742039906,3.0936850833298005e-05
0.01486784368355039,0.01486784368355039,1.3989904785517047,0.0034950933949703927,0.00014328147764479293,0.0003732168336187357,2.9192350619013892e-05
0.01486784368355039,0.01486784368355039,1.41126232485479,0.003501952583426567,0.0001447818851587419,0.00034848842163076225,2.7400083638548824e-05
0.01486784368355039,0.01486784368355039,1.423534171157875,0.003508726242701808,0.00014622866834254587,0.00032368519460682804,2.5558172492941326e-05
0.01486784368355039,0.01486784368355039,1.4358060174609601,0.003514924176687767,0.00014761248976666967,0.00029844144417541616,2.366536893630478e-05
0.01486784368355039,0.01486784368355039,1.4480778637640452,0.003520279585860143,0.00014892339698185093,0.0002725530253428175,2.1721184048562727e-05
0.01486784368355039,0.01486784368355039,1.4603497100671303,0.0035256349950325188,0.00015015104929433476,0.00024666460651021885,1.972599193218411e-05
0.01486784368355039,0.01486784368355039,1.4726215563702154,0.003529783402187157,0.00015128496673701863,0.00022000721975037554,1.7681103232578365e-05
0.01486784368355039,0.01486784368355039,1.4848934026733007,0.0035337535022255387,0.000152314794246938,0.00019323623545582517,1.558880579642336e-05
0.01486784368355039,0.01486784368355039,1.4971652489763858,0.0035372693780439148,0.00015323057289772144,0.00016624533687621944,1.3452370921510604e-05
0.01486784368355039,0.01486784368355039,1.509437095279471,0.0035398901649581625,0.00015402300916635326,0.00013882107779370953,1.1276024860798233e-05
0.01486784368355039,0.01486784368355039,1.521708941582556,0.0035425109518724108,0.00015468373306471128,0.0001113968187111996,9.064886482911842e-06
0.01486784368355039,0.01486784368355039,1.533980787885641,0.0035440739119682704,0.00015520553566412759,8.365028266207987e-05,6.8248732082640785e-06
0.01486784368355039,0.01486784368355039,1.5462526341887264,0.0035453756802571205,0.00015558257733093867,5.58241720533029e-05,4.5625784961153e-06
0.01486784368355039,0.01486784368355039,1.5585244804918115,0.003546329451082615,0.00015581055870223816,2.7961790565107338e-05,2.285125200966194e-06
0.01486784368355039,0.01486784368355039,1.5707963267948966,0.0035463294510826157,0.0001558868478720672,-1.4629465157783876e-17,1.1408408765490554e-20
0.01486784368355039,0.01486784368355039,1.5830681730979816,0.0035463294510826165,0.00015581055870223816,-2.7961790565136594e-05,-2.285125200966194e-06
0.01486784368355039,0.01486784368355039,1.5953400194010667,0.003545375680257123,0.00015558257733093867,-5.5824172053330885e-05,-4.562578496109119e-06
0.01486784368355039,0.01486784368355039,1.607611865704152,0.003544073911968274,0.00015520553566412759,-8.365028266210612e-05,-6.8248732082837026e-06
0.01486784368355039,0.01486784368355039,1.6198837120072371,0.003542510951872415,0.00015468373306471128,-0.00011139681871122467,-9.064886482907358e-06
0.01486784368355039,0.01486784368355039,1.6321555583103222,0.0035398901649581673,0.00015402300916635326,-0.00013882107779373556,-1.127602486078038e-05
0.01486784368355039,0.01486784368355039,1.6444274046134073,0.003537269378043919,0.00015323057289772144,-0.00016624533687624647,-1.3452370921510604e-05
0.01486784368355039,0.01486784368355039,1.6566992509164924,0.003533753502225543,0.000152314794246938,-0.00019323623545585306,-1.558880579642336e-05
0.01486784368355039,0.01486784368355039,1.6689710972195777,0.0035297834021871615,0.00015128496673701863,-0.00022000721975040424,-1.7681103232595018e-05
0.01486784368355039,0.01486784368355039,1.6812429435226628,0.003525634995032523,0.00015015104929319217,-0.0002466646065102483,-1.9725991932236465e-05
0.01486784368355039,0.01486784368355039,1.6935147898257479,0.0035202795858601476,0.00014892339698185093,-0.0002725530253428473,-2.172118404857938e-05
0.01486784368355039,0.01486784368355039,1.705786636128833,0.0035149241766877716,0.00014761248976576883,-0.0002984414441754463,-2.366536893634758e-05
0.01486784368355039,0.01486784368355039,1.718058482431918,0.0035087262427018137,0.00014622866834254587,-0.0003236851946068578,-2.5558172492941326e-05
0.01486784368355039,0.01486784368355039,1.7303303287350031,0.0035019525834265753,0.0001447818851587419,-0.0003484884216307912,-2.740008363862732e-05
0.01486784368355039,0.01486784368355039,1.7426021750380885,0.003495093394970403,0.00014328147764389212,-0.00037321683361876386,-2.91923506190496e-05
0.01486784368355039,0.01486784368355039,1.7548740213411735,0.0034868799944827856,0.00014173596930129037,-0.00039676067420401875,-3.093685083345499e-05
0.01486784368355039,0.01486784368355039,1.7671458676442586,0.0034786665939951686,0.00014015290268574453,-0.0004203045147892736,-3.263593875930306e-05
0.01486784368355039,0.01486784368355039,1.7794177139473437,0.0034696959294970467,0.00013853870673798027,-0.0004431108106939558,-3.429227724243273e-05
0.01486784368355039,0.01486784368355039,1.7916895602504288,0.0034600394409894115,0.00013689859930850093,-0.00046524914160491176,-3.59086578883734e-05
0.01486784368355039,0.01486784368355039,1.8039614065535141,0.0034503829524817763,0.00013523652399452602,-0.0004873874725158681,-3.748781659341222e-05
0.01486784368355039,0.01486784368355039,1.8162332528565992,0.003439316578589198,0.0001335551194649849,-0.000508015697401964,-3.9032250278527844e-05
0.01486784368355039,0.01486784368355039,1.8285050991596843,0.0034282361058427697,0.0001318557180064358,-0.0005286288212278112,-4.0544040764252864e-05
0.01486784368355039,0.01486784368355039,1.8407769454627694,0.0034165268458810124,0.00013013836948207676,-0.0005485038265284791,-4.202469134742188e-05
0.01486784368355039,0.01486784368355039,1.8530487917658545,0.0034040657751183167,0.00012840188649122704,-0.0005674962988099111,-4.347498112023895e-05
0.01486784368355039,0.01486784368355039,1.8653206380689396,0.003391604704355621,0.00012664390623126452,-0.000586488771091343,-4.48948413839314e-05
0.01486784368355039,0.01486784368355039,1.8775924843720249,0.0033779344029943857,0.00012486096514062467,-0.0006039214022588272,-4.6283257713294685e-05
0.01486784368355039,0.01486784368355039,1.88986433067511,0.0033641600817967167,0.00012304858258033494,-0.0006212198535455412,-4.763820032866815e-05
0.01486784368355039,0.01486784368355039,1.902136176978195,0.003349913165164826,0.00012120135075526494,-0.000637843631101103,-4.89565844907617e-05
0.01486784368355039,0.01486784368355039,1.9144080232812801,0.0033349149429708386,0.00011931302895386306,-0.0006533948504173972,-5.023426170295218e-05
0.01486784368355039,0.01486784368355039,1.9266798695843652,0.0033199167207768514,0.00011737664103362714,-0.0006689460697336912,-5.146604153386862e-05
0.01486784368355039,0.01486784368355039,1.9389517158874505,0.003303968578583062,0.00011538457614529793,-0.0006829800514613912,-5.2645743026790006e-05
0.01486784368355039,0.01486784368355039,1.9512235621905356,0.0032878547526683775,0.00011332869329490197,-0.0006967493987259638,-5.376627382822893e-05
0.01486784368355039,0.01486784368355039,1.9634954084936207,0.0032714266209062978,0.00011120043132553636,-0.0007099486860447622,-5.4819734485061345e-05
0.01486784368355039,0.01486784368355039,1.9757672547967058,0.003254320767160773,0.00010899092594823325,-0.0007219187816054845,-5.5797544751723414e-05
0.01486784368355039,0.01486784368355039,1.9880391010997909,0.0032372149134152484,0.0001066911357890912,-0.000733888877166207,-5.6690588303541476e-05
0.01486784368355039,0.01486784368355039,2.000310947402876,0.0032194386703717796,0.00010429197923796703,-0.0007444506558335357,-5.7489371914839045e-05
0.01486784368355039,0.01486784368355039,2.012582793705961,0.0032014757366377444,0.00010178448320717661,-0.0007546202449862484,-5.8184194969547055e-05
0.01486784368355039,0.01486784368355039,2.024854640009046,0.0031833359143285072,9.915994441054952e-05,-0.0007643475810303787,-5.876532510874436e-05
0.01486784368355039,0.01486784368355039,2.0371264863121317,0.0031646583507506554,9.641010253984737e-05,-0.0007727304676244186,-5.922317584905307e-05
0.01486784368355039,0.01486784368355039,2.0493983326152168,0.003145980787172804,9.352732365784816e-05,-0.000781113354218458,-5.9548482211617526e-05
0.01486784368355039,0.01486784368355039,2.061670178918302,0.003126898081663567,9.05047909574873e-05,-0.0007882423555633574,-5.9732470585573e-05
0.01486784368355039,0.01486784368355039,2.073942025221387,0.0031076521939875216,8.733669848629095e-05,-0.0007948663197940199,-5.9767019436667186e-05
0.01486784368355039,0.01486784368355039,2.086213871524472,0.00308833119291338,8.4018442695989e-05,-0.0008011840489863233,-5.964480780773265e-05
0.01486784368355039,0.01486784368355039,2.098485717827557,0.0030686638356146826,8.054680541075968e-05,-0.0008060896943906379,-5.9359449022502345e-05
0.01486784368355039,0.01486784368355039,2.110757564130642,0.0030489964783159853,7.692012119720463e-05,-0.0008109953397949526,-5.890560741323438e-05
0.01486784368355039,0.01486784368355039,2.1230294104337273,0.003029150874608173,7.313842194730868e-05,-0.0008148287159836202,-5.827909640032844e-05
0.01486784368355039,0.01486784368355039,2.1353012567368124,0.003009206549812236,6.920355134273836e-05,-0.000818068219991314,-5.747695669975814e-05
0.01486784368355039,0.01486784368355039,2.1475731030398975,0.0029892472733672316,6.511924245899873e-05,-0.0008211330595211439,-5.649751386587295e-05
0.01486784368355039,0.01486784368355039,2.1598449493429825,0.0029691656652480417,6.089115275310198e-05,-0.000822768826050269,-5.534041488039434e-05
0.01486784368355039,0.01486784368355039,2.172116795646068,0.0029490840571288514,5.652685193114808e-05,-0.000824404592579394,-5.400664383854597e-05
0.01486784368355039,0.01486784368355039,2.184388641949153,0.002928999897684225,5.203575986278597e-05,-0.0008251602886453157,-5.2498517232663415e-05
0.01486784368355039,0.01486784368355039,2.1966604882522383,0.0029089138467397056,4.7429033768923465e-05,-0.0008252635186781728,-5.0819659658521305e-05
0.01486784368355039,0.01486784368355039,2.2089323345553233,0.0028888325464956595,4.2719405911890026e-05,-0.0008253091636425237,-4.897496111684512e-05
0.01486784368355039,0.01486784368355039,2.2212041808584084,0.002868866450738098,3.79209753409086e-05,-0.0008239583706955982,-4.6970517341502725e-05
0.01486784368355039,0.01486784368355039,2.2334760271614935,0.0028489003549805364,3.304895934248293e-05,-0.0008226075777486727,-4.48135548914385e-05
0.01486784368355039,0.01486784368355039,2.2457478734645786,0.0028290527782517216,2.811941219058371e-05,-0.0008205651520206469,-4.2512342904047024e-05
0.01486784368355039,0.01486784368355039,2.2580197197676637,0.00280932139664913,2.3148920572877923e-05,-0.0008178446549386012,-4.007609364650465e-05
0.01486784368355039,0.01486784368355039,2.270291566070749,0.0027895900150465376,1.8154286285009665e-05,-0.0008151241578565554,-3.7514854079836734e-05
0.01486784368355039,0.01486784368355039,2.282563412373834,0.0027701875713818922,1.3152207618651064e-05,-0.0008111606364261623,-3.4839390802311434e-05
0.01486784368355039,0.01486784368355039,2.2948352586769194,0.002750795197245959,8.158971196364828e-06,-0.0008071590632300033,-3.206107074393395e-05
0.01486784368355039,0.01486784368355039,2.3071071049800045,0.002731591169895878,3.190165575015965e-06,-0.0008026392519364696,-2.919174000799254e-05
0.01486784368355039,0.01486784368355039,2.3193789512830896,0.0027126311372456502,-1.7395727017399119e-06,-0.000797448086744064,-2.6243603190314448e-05
0.01486784368355039,0.01486784368355039,2.3316507975861747,0.002693671104595423,-6.616771592243346e-06,-0.0007922569215516585,-2.3229105418475233e-05
0.01486784368355039,0.01486784368355039,2.3439226438892597,0.0026751746458948127,-1.1429287184074326e-05,-0.0007860777004748022,-2.016081917791826e-05
0.01486784368355039,0.01486784368355039,2.356194490192345,0.0026567291293864677,-1.6166413607280147e-05,-0.000779789901828226,-1.705133778621757e-05
0.01486784368355039,0.01486784368355039,2.36846633649543,0.002638498134036633,-2.0818936620327513e-05,-0.0007731344890459311,-1.3913177141047364e-05
0.01486784368355039,0.01486784368355039,2.380738182798515,0.0026206382023123294,-2.53791311912145e-05,-0.0007658432031640146,-1.0758687037435187e-05
0.01486784368355039,0.01486784368355039,2.3930100291016,0.0026027782705880255,-2.9840705866662323e-05,-0.0007585519172820979,-7.599973030714402e-06
0.01486784368355039,0.01486784368355039,2.405281875404685,0.002585455452000683,-3.4198699467621424e-05,-0.0007505026961159228,-4.44882945237405e-06
0.01486784368355039,0.01486784368355039,2.4175537217077703,0.002568241334881535,-3.8449337505005284e-05,-0.0007423000832850763,-1.3166838209636029e-06
0.01486784368355039,0.01486784368355039,2.429825568010856,0.0025512338460713883,-4.258985814494245e-05,-0.0007338535496095964,1.7854475034042663e-06
0.01486784368355039,0.01486784368355039,2.442097414313941,0.0025347153775925474,-4.661831825632696e-05,-0.0007248297366018181,4.846992941111821e-06
0.01486784368355039,0.01486784368355039,2.454369260617026,0.0025181969091137065,-5.053339131143403e-05,-0.0007158059235940399,7.8578494232693e-06
0.01486784368355039,0.01486784368355039,2.466641106920111,0.002502239298024381,-5.43341686060923e-05,-0.0007062225107207299,1.0808397394526652e-05
0.01486784368355039,0.01486784368355039,2.478912953223196,0.0024864564996278913,-5.8019975164777224e-05,-0.0006964646771101113,1.368950847478527e-05
0.01486784368355039,0.01486784368355039,2.4911847995262812,0.0024708482665498264,-6.159021032524516e-05,-0.0006865586951156255,1.649254734795774e-05
0.01486784368355039,0.01486784368355039,2.5034566458293663,0.0024558320375951165,-6.504422123896077e-05,-0.0006761502968628075,1.920936955981437e-05
0.01486784368355039,0.01486784368355039,2.5157284921324514,0.002440815808640406,-6.838121577173686e-05,-0.0006657418986099896,2.1832316905609306e-05
0.01486784368355039,0.01486784368355039,2.5280003384355365,0.002426346490994894,-7.16002183627623e-05,-0.0006549374306950579,2.4354212051039516e-05
0.01486784368355039,0.01486784368355039,2.5402721847386216,0.002412119376929169,-7.47000702675885e-05,-0.0006439575605011901,2.6768353883927576e-05
0.01486784368355039,0.01486784368355039,2.552544031041707,0.002398019649153529,-7.767947219578363e-05,-0.0006328989181791577,2.9068514866166855e-05
0.01486784368355039,0.01486784368355039,2.564815877344792,0.002384596661043965,-8.05370657912715e-05,-0.0006214217989262543,3.1248941388414626e-05
0.01486784368355039,0.01486784368355039,2.5770877236478773,0.002371173672934401,-8.327154678729899e-05,-0.0006099446796733508,3.3304357787524256e-05
0.01486784368355039,0.01486784368355039,2.5893595699509624,0.002358257460967123,-8.588180202080118e-05,-0.0005982004181802544,3.5229974343299284e-05
0.01486784368355039,0.01486784368355039,2.6016314162540475,0.002345646923498366,-8.836705993824415e-05,-0.0005862950232724387,3.7021499139935686e-05
0.01486784368355039,0.01486784368355039,2.6139032625571326,0.002333109004966091,-9.072704419030391e-05,-0.0005743571203175441,3.86751533577341e-05
0.01486784368355039,0.01486784368355039,2.6261751088602177,0.002321313413340065,-9.296211902897824e-05,-0.0005620869128814002,4.0187689153309946e-05
0.01486784368355039,0.01486784368355039,2.6384469551633027,0.0023095178217140393,-9.507341618674287e-05,-0.0005498167054452562,4.1556409020242555e-05
0.01486784368355039,0.01486784368355039,2.650718801466388,0.0022981727035026314,-9.706293358036486e-05,-0.0005373762741266569,4.277918523203182e-05
0.01486784368355039,0.01486784368355039,2.662990647769473,0.0022871895728565415,-9.893359796285777e-05,-0.0005247990557596561,4.385447782868564e-05
0.01486784368355039,0.01486784368355039,2.675262494072558,0.002276222399132523,-0.00010068928567306163,-0.0005122167894197522,4.478134950661781e-05
0.01486784368355039,0.01486784368355039,2.6875343403756435,0.002266045093051063,-0.00010233479815171705,-0.0004993846484211547,4.555947579640998e-05
0.01486784368355039,0.01486784368355039,2.6998061866787286,0.0022558677869696027,-0.0001038757914373217,-0.00048655250742255765,4.6189149003706964e-05
0.01486784368355039,0.01486784368355039,2.7120780329818137,0.0022460765783171204,-0.00010531866170679366,-0.0004736192079611472,4.6671274607153356e-05
0.01486784368355039,0.01486784368355039,2.724349879284899,0.0022366951057117166,-0.00010667039133310007,-0.0004605785566616492,4.7007359075736395e-05
0.01486784368355039,0.01486784368355039,2.736621725587984,0.0022273136331063133,-0.00010793836260321156,-0.0004475379053621511,4.719948844013864e-05
0.01486784368355039,0.01486784368355039,2.748893571891069,0.002218676630653797,-0.00010913014801937504,-0.00043433789610174546,4.7250297358820425e-05
0.01486784368355039,0.01486784368355039,2.761165418194154,0.0022100784026884103,-0.00011025328746791947,-0.0004211295869475425,4.7162928863641195e-05
0.01486784368355039,0.01486784368355039,2.773437264497239,0.002201799860763831,-0.0001113150638869528,-0.00040786631165427574,4.69409854069602e-05
0.01486784368355039,0.01486784368355039,2.7857091108003242,0.0021939704016108617,-0.00011232228877212593,-0.00039452582202280026,4.6588472316720005e-05
0.01486784368355039,0.01486784368355039,2.7979809571034093,0.002186140942457893,-0.0001132811087783786,-0.0003811853323913248,4.610973511151385e-05
0.01486784368355039,0.01486784368355039,2.8102528034064944,0.0021789750762611433,-0.00011419684351592156,-0.000367755107752088,4.550939251711722e-05
0.01486784368355039,0.01486784368355039,2.82252464970958,0.0021718986832719735,-0.00011507386305323039,-0.00035431278401068067,4.4792267256541144e-05
0.01486784368355039,0.01486784368355039,2.834796496012665,0.0021650775973914038,-0.00011591551125448551,-0.0003408440112697914,4.3963316862524065e-05
0.01486784368355039,0.01486784368355039,2.84706834231575,0.0021587379477727656,-0.00011672407911424252,-0.0003273253632727353,4.302756682329609e-05
0.01486784368355039,0.01486784368355039,2.859340188618835,0.002152398298154127,-0.00011750082885640895,-0.0003138067152756792,4.199004831205339e-05
0.01486784368355039,0.01486784368355039,2.8716120349219203,0.0021466434887196196,-0.00011824606723436535,-0.000300243158879651,4.085574259073018e-05
0.01486784368355039,0.01486784368355039,2.8838838812250054,0.0021410241910350936,-0.00011895926372260689,-0.0002866691968789828,3.962953390583652e-05
0.01486784368355039,0.01486784368355039,2.8961557275280905,0.0021356001690849193,-0.00011963920645913676,-0.0002730845806775282,3.831617233698956e-05
0.01486784368355039,0.01486784368355039,2.9084275738311756,0.0021306852588707337,-0.00012028418733144203,-0.0002594721874525944,3.692024761689807e-05
0.01486784368355039,0.01486784368355039,2.9206994201342606,0.0021257703486565476,-0.00012089220532146332,-0.00024585979422766065,3.5446174445691696e-05
0.01486784368355039,0.01486784368355039,2.9329712664373457,0.002121367287254666,-0.00012146117687423212,-0.00023222863249493933,3.3898189315460586e-05
0.01486784368355039,0.01486784368355039,2.945243112740431,0.002117141666774383,-0.00012198914138623578,-0.00021859096434618502,3.2280358326106447e-05
0.01486784368355039,0.01486784368355039,2.9575149590435164,0.0021130564849727615,-0.00012247445028811462,-0.00020495008989693375,3.059659497025528e-05
0.01486784368355039,0.01486784368355039,2.9697868053466014,0.00210950630766128,-0.00012291592932924892,-0.00019129700096960116,2.885068643486175e-05
0.01486784368355039,0.01486784368355039,2.9820586516496865,0.002105956130349798,-0.00012331300528778722,-0.0001776439120422686,2.7046326571887904e-05
0.01486784368355039,0.01486784368355039,2.9943304979527716,0.002102852448983498,-0.0001236657900750738,-0.00016398515023539656,2.5187153419259764e-05
0.01486784368355039,0.01486784368355039,3.0066023442558567,0.002099965449472948,-0.0001239751183222241,-0.00015032363541345393,2.3276788977460925e-05
0.01486784368355039,0.01486784368355039,3.018874190558942,0.0020971689329762812,-0.00012424253650222393,-0.0001366615893042775,2.1318878894297836e-05
0.01486784368355039,0.01486784368355039,3.031146036862027,0.002094934703780174,-0.00012447024518103602,-0.00012299624162443376,1.9317129767301046e-05
0.01486784368355039,0.01486784368355039,3.043417883165112,0.0020927004745840663,-0.0001246609981344632,-0.00010933089394459005,1.727534197041034e-05
0.01486784368355039,0.01486784368355039,3.055689729468197,0.002090855464752952,-0.00012481796480459694,-9.566483772552054e-05,1.5197436185246237e-05
0.01486784368355039,0.01486784368355039,3.067961575771282,0.002089265680734947,-0.0001249445646653255,-8.199831689056526e-05,1.3087472213888933e-05
0.01486784368355039,0.01486784368355039,3.0802334220743677,0.002087720140578125,-0.0001250442836260238,-6.833179813091584e-05,1.0949659100293467e-05
0.01486784368355039,0.01486784368355039,3.0925052683774528,0.0020867687322714645,-0.00012512048360073842,-5.4665307239666637e-05,8.788356086373478e-06
0.01486784368355039,0.01486784368355039,3.104777114680538,0.0020858173239648044,-0.00012517621665738705,-4.099881634841742e-05,6.608064460104749e-06
0.01486784368355039,0.01486784368355039,3.117048960983623,0.0020852052521939204,-0.00012521405493891796,-2.7332463900797407e-05,4.413410863750659e-06
0.01486784368355039,0.01486784368355039,3.129320807286708,0.0020848885288893594,-0.00012523594658206757,-1.3666231950410214e-05,2.209123113067028e-06
0.01486784368355039,0.01486784368355039,0.0,0.002084571805584799,-0.0001252431062785296,-2.3026036890225672e-17,0.0
0.01486784368355039,0.01486784368355039,0.01227184630308513,0.0020848885288893624,-0.00012523594658206757,1.3666231950364451e-05,-2.2091231130761314e-06
0.01486784368355039,0.01486784368355039,0.02454369260617026,0.002085205252193926,-0.00012521405493891796,2.7332463900751928e-05,-4.4134108637534046e-06
0.01486784368355039,0.01486784368355039,0.03681553890925539,0.00208581732396481,-0.00012517621665738705,4.0998816348372225e-05,-6.608064460124877e-06
0.01486784368355039,0.01486784368355039,0.04908738521234052,0.0020867687322714667,-0.00012512048360073842,5.466530723962172e-05,-8.788356086373478e-06
0.01486784368355039,0.01486784368355039,0.06135923151542565,0.0020877201405781233,-0.0001250442836260238,6.833179813087121e-05,-1.0949659100333721e-05
0.01486784368355039,0.01486784368355039,0.07363107781851078,0.002089265680734948,-0.00012494456466425984,8.19983168905201e-05,-1.3087472213891767e-05
0.01486784368355039,0.01486784368355039,0.0859029241215959,0.002090855464752955,-0.00012481796480459694,9.566483772547534e-05,-1.5197436185246237e-05
0.01486784368355039,0.01486784368355039,0.09817477042468103,0.0020927004745840702,-0.0001246609981344632,0.00010933089394454478,-1.727534197041034e-05
0.01486784368355039,0.01486784368355039,0.11044661672776616,0.002094934703780175,-0.00012447024518103602,0.00012299624162438838,-1.9317129767284397e-05
0.01486784368355039,0.01486784368355039,0.1227184630308513,0.00209716893297628,-0.00012424253650222393,0.00013666158930423198,-2.1318878894350196e-05
0.01486784368355039,0.01486784368355039,0.1349903093339364,0.002099965449472947,-0.0001239751183222241,0.000150323635413408,-2.3276788977444265e-05
0.01486784368355039,0.01486784368355039,0.14726215563702155,0.0021028524489834976,-0.0001236657900750738,0.00016398515023535024,-2.5187153419302552e-05
0.01486784368355039,0.01486784368355039,0.1595340019401067,0.0021059561303497978,-0.00012331300528778722,0.00017764391204222197,-2.7046326571887904e-05
0.01486784368355039,0.01486784368355039,0.1718058482431918,0.002109506307661278,-0.00012291592932924892,0.00019129700096955448,-2.885068643489887e-05
0.01486784368355039,0.01486784368355039,0.18407769454627693,0.0021130564849727584,-0.00012247445028811462,0.00020495008989688702,-3.059659497023734e-05
0.01486784368355039,0.01486784368355039,0.19634954084936207,0.002117141666774378,-0.00012198914138623578,0.0002185909643461377,-3.2280358326162764e-05
0.01486784368355039,0.01486784368355039,0.2086213871524472,0.002121367287254659,-0.00012146117687365812,0.0002322286324948919,-3.3898189315460586e-05
0.01486784368355039,0.01486784368355039,0.22089323345553233,0.0021257703486565393,-0.00012089220532146332,0.00024585979422761295,-3.5446174445726025e-05
0.01486784368355039,0.01486784368355039,0.23316507975861744,0.002130685258870725,-0.00012028418732735515,0.0002594721874525462,-3.6920247616894056e-05
0.01486784368355039,0.01486784368355039,0.2454369260617026,0.0021356001690849107,-0.00011963920645913676,0.00027308458067747945,-3.831617233701152e-05
0.01486784368355039,0.01486784368355039,0.25770877236478773,0.0021410241910350845,-0.00011895926372705659,0.00028666919687893354,-3.962953390583652e-05
0.01486784368355039,0.01486784368355039,0.2699806186678728,0.00214664348871961,-0.00011824606723436535,0.0003002431588796011,-4.085574259072616e-05
0.01486784368355039,0.01486784368355039,0.28225246497095796,0.002152398298154117,-0.00011750082885640895,0.000313806715275629,-4.199004831198197e-05
0.01486784368355039,0.01486784368355039,0.2945243112740431,0.002158737947772755,-0.00011672407911424252,0.0003273253632726857,-4.302756682329609e-05
0.01486784368355039,0.01486784368355039,0.30679615757712825,0.002165077597391392,-0.00011591551125448551,0.0003408440112697424,-4.3963316862558414e-05
0.01486784368355039,0.01486784368355039,0.3190680038802134,0.0021718986832719627,-0.00011507386305323039,0.000354312784010632,-4.479226725659059e-05
0.01486784368355039,0.01486784368355039,0.3313398501832985,0.0021789750762611342,-0.00011419684351534755,0.00036775510775203895,-4.5509392517083914e-05
0.01486784368355039,0.01486784368355039,0.3436116964863836,0.002186140942457885,-0.0001132811087783786,0.0003811853323912759,-4.6109735111446225e-05
0.01486784368355039,0.01486784368355039,0.35588354278946877,0.0021939704016108535,-0.00011232228877714968,0.00039452582202275125,-4.658847231670867e-05
0.01486784368355039,0.01486784368355039,0.36815538909255385,0.002201799860763822,-0.0001113150638851511,0.0004078663116542266,-4.694098540711719e-05
0.01486784368355039,0.01486784368355039,0.380427235395639,0.0022100784026884007,-0.00011025328746791947,0.0004211295869474937,-4.716292886360684e-05
0.01486784368355039,0.01486784368355039,0.39269908169872414,0.0022186766306537867,-0.00010913014801937504,0.0004343378961016973,-4.7250297358820425e-05
0.01486784368355039,0.01486784368355039,0.4049709280018093,0.002227313633106302,-0.00010793836260391435,0.0004475379053621036,-4.7199488440237536e-05
0.01486784368355039,0.01486784368355039,0.4172427743048944,0.0022366951057117067,-0.00010667039133310007,0.00046057855666160137,-4.7007359075736395e-05
0.01486784368355039,0.01486784368355039,0.4295146206079795,0.002246076578317111,-0.00010531866170679366,0.0004736192079610991,-4.667127460721996e-05
0.01486784368355039,0.01486784368355039,0.44178646691106466,0.0022558677869695936,-0.00010387579143838735,0.0004865525074225095,-4.6189149003918465e-05
0.01486784368355039,0.01486784368355039,0.4540583132141498,0.0022660450930510534,-0.00010233479815278269,0.0004993846484211067,-4.555947579640998e-05
0.01486784368355039,0.01486784368355039,0.4663301595172349,0.002276222399132513,-0.00010068928567628365,0.0005122167894197039,-4.478134950661781e-05
0.01486784368355039,0.01486784368355039,0.47860200582032003,0.00228718957285653,-9.893359796285777e-05,0.0005247990557596081,-4.385447782836361e-05
0.01486784368355039,0.01486784368355039,0.4908738521234052,0.002298172703502619,-9.706293358106766e-05,0.0005373762741266095,-4.277918523192934e-05
0.01486784368355039,0.01486784368355039,0.5031456984264903,0.0023095178217140255,-9.507341618674287e-05,0.0005498167054452088,-4.155640902037732e-05
0.01486784368355039,0.01486784368355039,0.5154175447295755,0.00232131341334005,-9.296211902897824e-05,0.0005620869128813525,-4.0187689152995975e-05
0.01486784368355039,0.01486784368355039,0.5276893910326605,0.0023331090049660747,-9.072704419030391e-05,0.000574357120317496,-3.867515335751901e-05
0.01486784368355039,0.01486784368355039,0.5399612373357456,0.0023456469234983492,-8.836705993767013e-05,0.0005862950232723909,-3.702149914007046e-05
0.01486784368355039,0.01486784368355039,0.5522330836388308,0.002358257460967105,-8.588180202080118e-05,0.0005982004181802071,-3.5229974343299284e-05
0.01486784368355039,0.01486784368355039,0.5645049299419159,0.002371173672934383,-8.327154678501383e-05,0.0006099446796733035,-3.3304357787524256e-05
0.01486784368355039,0.01486784368355039,0.5767767762450011,0.002384596661043948,-8.05370657912715e-05,0.0006214217989262067,-3.1248941388414626e-05
0.01486784368355039,0.01486784368355039,0.5890486225480862,0.002398019649153513,-7.767947219578363e-05,0.0006328989181791099,-2.9068514866166855e-05
0.01486784368355039,0.01486784368355039,0.6013204688511713,0.002412119376929152,-7.470007026722566e-05,0.0006439575605011417,-2.6768353883762075e-05
0.01486784368355039,0.01486784368355039,0.6135923151542565,0.0024263464909948756,-7.160021836346509e-05,0.0006549374306950096,-2.4354212051039516e-05
0.01486784368355039,0.01486784368355039,0.6258641614573416,0.002440815808640387,-6.838121577137403e-05,0.0006657418986099413,-2.1832316905721913e-05
0.01486784368355039,0.01486784368355039,0.6381360077604268,0.002455832037595097,-6.504422123896077e-05,0.0006761502968627597,-1.920936955980632e-05
0.01486784368355039,0.01486784368355039,0.6504078540635119,0.0024708482665498064,-6.159021032524516e-05,0.0006865586951155779,-1.649254734764376e-05
0.01486784368355039,0.01486784368355039,0.662679700366597,0.0024864564996278714,-5.801997516249207e-05,0.0006964646771100637,-1.368950847478527e-05
0.01486784368355039,0.01486784368355039,0.6749515466696822,0.0025022392980243616,-5.43341686060923e-05,0.0007062225107206825,-1.0808397394526652e-05
0.01486784368355039,0.01486784368355039,0.6872233929727672,0.0025181969091136874,-5.053339131143403e-05,0.0007158059235939926,-7.8578494232693e-06
0.01486784368355039,0.01486784368355039,0.6994952392758523,0.002534715377592528,-4.661831825632696e-05,0.0007248297366017715,-4.846992941111821e-06
0.01486784368355039,0.01486784368355039,0.7117670855789375,0.0025512338460713683,-4.258985814902933e-05,0.0007338535496095506,-1.7854475036516482e-06
0.01486784368355039,0.01486784368355039,0.7240389318820226,0.0025682413348815138,-3.8449337507653285e-05,0.0007423000832850307,1.316683820864705e-06
0.01486784368355039,0.01486784368355039,0.7363107781851077,0.0025854554520006613,-3.419869946581971e-05,0.0007505026961158774,4.448829452330126e-06
0.01486784368355039,0.01486784368355039,0.7485826244881929,0.002602778270588003,-2.9840705865596675e-05,0.0007585519172820527,7.599973030714402e-06
0.01486784368355039,0.01486784368355039,0.760854470791278,0.002620638202312305,-2.53791311912145e-05,0.000765843203163969,1.0758687037435187e-05
0.01486784368355039,0.01486784368355039,0.7731263170943632,0.0026384981340366073,-2.0818936625351255e-05,0.0007731344890458855,1.3913177141047364e-05
0.01486784368355039,0.01486784368355039,0.7853981633974483,0.0026567291293864395,-1.6166413607280147e-05,0.0007797899018281794,1.705133778621757e-05
0.01486784368355039,0.01486784368355039,0.7976700097005334,0.0026751746458947815,-1.1429287184074326e-05,0.0007860777004747542,2.016081917791826e-05
0.01486784368355039,0.01486784368355039,0.8099418560036186,0.0026936711045953896,-6.616771592243346e-06,0.0007922569215516095,2.3229105418475233e-05
0.01486784368355039,0.01486784368355039,0.8222137023067037,0.0027126311372456164,-1.7395727017399119e-06,0.0007974480867440162,2.6243603190314448e-05
0.01486784368355039,0.01486784368355039,0.8344855486097889,0.0027315911698958433,3.190165575015965e-06,0.0008026392519364232,2.919174000799254e-05
0.01486784368355039,0.01486784368355039,0.8467573949128739,0.0027507951972459243,8.158971195222248e-06,0.0008071590632299574,3.206107074383504e-05
0.01486784368355039,0.01486784368355039,0.859029241215959,0.002770187571381857,1.31522076191195e-05,0.0008111606364261162,3.4839390802064046e-05
0.01486784368355039,0.01486784368355039,0.8713010875190442,0.002789590015046503,1.815428628418984e-05,0.0008151241578565094,3.751485407993564e-05
0.01486784368355039,0.01486784368355039,0.8835729338221293,0.0028093213966490943,2.3148920573059344e-05,0.0008178446549385555,4.0076093646617256e-05
0.01486784368355039,0.01486784368355039,0.8958447801252144,0.0028290527782516856,2.811941219058371e-05,0.0008205651520206016,4.251234290394245e-05
0.01486784368355039,0.01486784368355039,0.9081166264282996,0.002848900354980501,3.304895934213154e-05,0.0008226075777486275,4.48135548914385e-05
0.01486784368355039,0.01486784368355039,0.9203884727313847,0.002868866450738063,3.79209753409086e-05,0.0008239583706955529,4.6970517341502725e-05
0.01486784368355039,0.01486784368355039,0.9326603190344698,0.0028888325464956257,4.271940591279088e-05,0.0008253091636424782,4.897496111683707e-05
0.01486784368355039,0.01486784368355039,0.944932165337555,0.0029089138467396705,4.742903377006605e-05,0.0008252635186781277,5.0819659658521305e-05
0.01486784368355039,0.01486784368355039,0.9572040116406401,0.0029289998976841894,5.203575986278597e-05,0.0008251602886452709,5.2498517232663415e-05
0.01486784368355039,0.01486784368355039,0.9694758579437253,0.0029490840571288145,5.652685193365996e-05,0.0008244045925793496,5.4006643838859963e-05
0.01486784368355039,0.01486784368355039,0.9817477042468103,0.0029691656652480023,6.0891152754180165e-05,0.0008227688260502252,5.534041488070832e-05
0.01486784368355039,0.01486784368355039,0.9940195505498954,0.00298924727336719,6.511924245864731e-05,0.0008211330595211008,5.649751386587295e-05
0.01486784368355039,0.01486784368355039,1.0062913968529805,0.0030092065498121953,6.920355134273836e-05,0.000818068219991271,5.747695669975814e-05
0.01486784368355039,0.01486784368355039,1.0185632431560658,0.003029150874608134,7.313842194730868e-05,0.0008148287159835771,5.827909640068635e-05
0.01486784368355039,0.01486784368355039,1.030835089459151,0.003048996478315947,7.692012119685324e-05,0.0008109953397949099,5.890560741336915e-05
0.01486784368355039,0.01486784368355039,1.043106935762236,0.0030686638356146453,8.054680541040829e-05,0.0008060896943905961,5.935944902228726e-05
0.01486784368355039,0.01486784368355039,1.055378782065321,0.0030883311929133434,8.4018442695989e-05,0.0008011840489862824,5.964480780780133e-05
0.01486784368355039,0.01486784368355039,1.0676506283684062,0.0031076521939874843,8.733669848622656e-05,0.0007948663197939794,5.9767019436801966e-05
0.01486784368355039,0.01486784368355039,1.0799224746714913,0.003126898081663529,9.050479095838815e-05,0.0007882423555633172,5.973247058547053e-05
0.01486784368355039,0.01486784368355039,1.0921943209745766,0.0031459807871727662,9.352732365784816e-05,0.0007811133542184178,5.9548482211581646e-05
0.01486784368355039,0.01486784368355039,1.1044661672776617,0.0031646583507506194,9.641010253984737e-05,0.0007727304676243787,5.922317584901719e-05
0.01486784368355039,0.01486784368355039,1.1167380135807468,0.003183335914328472,9.915994441054952e-05,0.0007643475810303395,5.876532510885696e-05
0.01486784368355039,0.01486784368355039,1.1290098598838318,0.0032014757366377084,0.00010178448320836443,0.0007546202449862094,5.8184194969547055e-05
0.01486784368355039,0.01486784368355039,1.141281706186917,0.003219438670371742,0.00010429197923592358,0.0007444506558334967,5.7489371914525054e-05
0.01486784368355039,0.01486784368355039,1.1535535524900022,0.0032372149134152093,0.00010669113578937821,0.0007338888771661679,5.669058830337032e-05
0.01486784368355039,0.01486784368355039,1.1658253987930873,0.003254320767160734,0.00010899092594823325,0.0007219187816054456,5.5797544751723414e-05
0.01486784368355039,0.01486784368355039,1.1780972450961724,0.0032714266209062587,0.00011120043132474513,0.0007099486860447234,5.4819734484938694e-05
0.01486784368355039,0.01486784368355039,1.1903690913992575,0.0032878547526683376,0.00011332869329455058,0.0006967493987259255,5.376627382822893e-05
0.01486784368355039,0.01486784368355039,1.2026409377023426,0.003303968578583022,0.00011538457614697333,0.0006829800514613534,5.264574302675567e-05
0.01486784368355039,0.01486784368355039,1.214912784005428,0.0033199167207768115,0.00011737664103506082,0.0006689460697336542,5.1466041533879944e-05
0.01486784368355039,0.01486784368355039,1.227184630308513,0.0033349149429708013,0.00011931302895386306,0.0006533948504173611,5.0234261702930235e-05
0.01486784368355039,0.01486784368355039,1.239456476611598,0.0033499131651647915,0.00012120135075616585,0.0006378436311010678,4.895658449066101e-05
0.01486784368355039,0.01486784368355039,1.2517283229146832,0.003364160081796684,0.00012304858258033494,0.0006212198535455068,4.7638200328775677e-05
0.01486784368355039,0.01486784368355039,1.2640001692177683,0.003377934402994354,0.00012486096514062467,0.0006039214022587935,4.628325771334695e-05
0.01486784368355039,0.01486784368355039,1.2762720155208536,0.0033916047043555907,0.0001266439062315515,0.0005864887710913103,4.48948413839314e-05
0.01486784368355039,0.01486784368355039,1.2885438618239387,0.0034040657751182903,0.00012840188649122704,0.0005674962988098792,4.3474981120310365e-05
0.01486784368355039,0.01486784368355039,1.3008157081270237,0.0034165268458809894,0.00013013836948321938,0.0005485038265284481,4.2024691347549585e-05
0.01486784368355039,0.01486784368355039,1.3130875544301088,0.0034282361058427502,0.0001318557180075784,0.0005286288212277804,4.054404076421854e-05
0.01486784368355039,0.01486784368355039,1.325359400733194,0.003439316578589181,0.0001335551194658214,0.0005080156974019329,3.903225027838879e-05
0.01486784368355039,0.01486784368355039,1.337631247036279,0.003450382952481762,0.00013523652399452602,0.0004873874725158368,3.748781659328853e-05
0.01486784368355039,0.01486784368355039,1.3499030933393643,0.0034600394409893993,0.00013689859930964351,0.00046524914160488173,3.5908657888339064e-05
0.01486784368355039,0.01486784368355039,1.3621749396424494,0.0034696959294970367,0.00013853870673877146,0.00044311081069392706,3.4292277242380444e-05
0.01486784368355039,0.01486784368355039,1.3744467859455345,0.003478666593995159,0.00014015290268574453,0.0004203045147892455,3.263593875930306e-05
0.01486784368355039,0.01486784368355039,1.3867186322486196,0.003486879994482776,0.00014173596930129037,0.0003967606742039906,3.0936850833298005e-05
0.01486784368355039,0.01486784368355039,1.3989904785517047,0.0034950933949703927,0.00014328147764479293,0.0003732168336187357,2.9192350619013892e-05
0.01486784368355039,0.01486784368355039,1.41126232485479,0.003501952583426567,0.0001447818851587419,0.00034848842163076225,2.7400083638548824e-05
0.01486784368355039,0.01486784368355039,1.423534171157875,0.003508726242701808,0.00014622866834254587,0.00032368519460682804,2.5558172492941326e-05
0.01486784368355039,0.01486784368355039,1.4358060174609601,0.003514924176687767,0.00014761248976666967,0.00029844144417541616,2.366536893630478e-05
0.01486784368355039,0.01486784368355039,1.4480778637640452,0.003520279585860143,0.00014892339698185093,0.0002725530253428175,2.1721184048562727e-05
0.01486784368355039,0.01486784368355039,1.4603497100671303,0.0035256349950325188,0.00015015104929433476,0.00024666460651021885,1.972599193218411e-05
0.01486784368355039,0.01486784368355039,1.4726215563702154,0.003529783402187157,0.00015128496673701863,0.00022000721975037554,1.7681103232578365e-05
0.01486784368355039,0.01486784368355039,1.4848934026733007,0.0035337535022255387,0.000152314794246938,0.00019323623545582517,1.558880579642336e-05
0.01486784368355039,0.01486784368355039,1.4971652489763858,0.0035372693780439148,0.00015323057289772144,0.00016624533687621944,1.3452370921510604e-05
0.01486784368355039,0.01486784368355039,1.509437095279471,0.0035398901649581625,0.00015402300916635326,0.00013882107779370953,1.1276024860798233e-05
0.01486784368355039,0.01486784368355039,1.521708941582556,0.0035425109518724108,0.00015468373306471128,0.0001113968187111996,9.064886482911842e-06
0.01486784368355039,0.01486784368355039,1.533980787885641,0.0035440739119682704,0.00015520553566412759,8.365028266207987e-05,6.8248732082640785e-06
0.01486784368355039,0.01486784368355039,1.5462526341887264,0.0035453756802571205,0.00015558257733093867,5.58241720533029e-05,4.5625784961153e-06
0.01486784368355039,0.01486784368355039,1.5585244804918115,0.003546329451082615,0.00015581055870223816,2.7961790565107338e-05,2.285125200966194e-06
0.01486784368355039,0.01486784368355039,1.5707963267948966,0.0035463294510826157,0.0001558868478720672,-1.4629465157783876e-17,1.1408408765490554e-20
0.01486784368355039,0.01486784368355039,1.5830681730979816,0.0035463294510826165,0.00015581055870223816,-2.7961790565136594e-05,-2.285125200966194e-06
0.01486784368355039,0.01486784368355039,1.5953400194010667,0.003545375680257123,0.00015558257733093867,-5.5824172053330885e-05,-4.562578496109119e-06
0.01486784368355039,0.01486784368355039,1.607611865704152,0.003544073911968274,0.00015520553566412759,-8.365028266210612e-05,-6.8248732082837026e-06
0.01486784368355039,0.01486784368355039,1.6198837120072371,0.003542510951872415,0.00015468373306471128,-0.00011139681871122467,-9.064886482907358e-06
0.01486784368355039,0.01486784368355039,1.6321555583103222,0.0035398901649581673,0.00015402300916635326,-0.00013882107779373556,-1.127602486078038e-05
0.01486784368355039,0.01486784368355039,1.6444274046134073,0.003537269378043919,0.00015323057289772144,-0.00016624533687624647,-1.3452370921510604e-05
0.01486784368355039,0.01486784368355039,1.6566992509164924,0.003533753502225543,0.000152314794246938,-0.00019323623545585306,-1.558880579642336e-05
0.01486784368355039,0.01486784368355039,1.6689710972195777,0.0035297834021871615,0.00015128496673701863,-0.00022000721975040424,-1.7681103232595018e-05
0.01486784368355039,0.01486784368355039,1.6812429435226628,0.003525634995032523,0.00015015104929319217,-0.0002466646065102483,-1.9725991932236465e-05
0.01486784368355039,0.01486784368355039,1.6935147898257479,0.0035202795858601476,0.00014892339698185093,-0.0002725530253428473,-2.172118404857938e-05
0.01486784368355039,0.01486784368355039,1.705786636128833,0.0035149241766877716,0.00014761248976576883,-0.0002984414441754463,-2.366536893634758e-05
0.01486784368355039,0.01486784368355039,1.718058482431918,0.0035087262427018137,0.00014622866834254587,-0.0003236851946068578,-2.5558172492941326e-05
0.01486784368355039,0.01486784368355039,1.7303303287350031,0.0035019525834265753,0.0001447818851587419,-0.0003484884216307912,-2.740008363862732e-05
0.01486784368355039,0.01486784368355039,1.7426021750380885,0.003495093394970403,0.00014328147764389212,-0.00037321683361876386,-2.91923506190496e-05
0.01486784368355039,0.01486784368355039,1.7548740213411735,0.0034868799944827856,0.00014173596930129037,-0.00039676067420401875,-3.093685083345499e-05
0.01486784368355039,0.01486784368355039,1.7671458676442586,0.0034786665939951686,0.00014015290268574453,-0.0004203045147892736,-3.263593875930306e-05
0.01486784368355039,0.01486784368355039,1.7794177139473437,0.0034696959294970467,0.00013853870673798027,-0.0004431108106939558,-3.429227724243273e-05
0.01486784368355039,0.01486784368355039,1.7916895602504288,0.0034600394409894115,0.00013689859930850093,-0.00046524914160491176,-3.59086578883734e-05
0.01486784368355039,0.01486784368355039,1.8039614065535141,0.0034503829524817763,0.00013523652399452602,-0.0004873874725158681,-3.748781659341222e-05
0.01486784368355039,0.01486784368355039,1.8162332528565992,0.003439316578589198,0.0001335551194649849,-0.000508015697401964,-3.9032250278527844e-05
0.01486784368355039,0.01486784368355039,1.8285050991596843,0.0034282361058427697,0.0001318557180064358,-0.0005286288212278112,-4.0544040764252864e-05
0.01486784368355039,0.01486784368355039,1.8407769454627694,0.0034165268458810124,0.00013013836948207676,-0.0005485038265284791,-4.202469134742188e-05
0.01486784368355039,0.01486784368355039,1.8530487917658545,0.0034040657751183167,0.00012840188649122704,-0.0005674962988099111,-4.347498112023895e-05
0.01486784368355039,0.01486784368355039,1.8653206380689396,0.003391604704355621,0.00012664390623126452,-0.000586488771091343,-4.48948413839314e-05
0.01486784368355039,0.01486784368355039,1.8775924843720249,0.0033779344029943857,0.00012486096514062467,-0.0006039214022588272,-4.6283257713294685e-05
0.01486784368355039,0.01486784368355039,1.88986433067511,0.0033641600817967167,0.00012304858258033494,-0.0006212198535455412,-4.763820032866815e-05
0.01486784368355039,0.01486784368355039,1.902136176978195,0.003349913165164826,0.00012120135075526494,-0.000637843631101103,-4.89565844907617e-05
0.01486784368355039,0.01486784368355039,1.9144080232812801,0.0033349149429708386,0.00011931302895386306,-0.0006533948504173972,-5.023426170295218e-05
0.01486784368355039,0.01486784368355039,1.9266798695843652,0.0033199167207768514,0.00011737664103362714,-0.0006689460697336912,-5.146604153386862e-05
0.01486784368355039,0.01486784368355039,1.9389517158874505,0.003303968578583062,0.00011538457614529793,-0.0006829800514613912,-5.2645743026790006e-05
0.01486784368355039,0.01486784368355039,1.9512235621905356,0.0032878547526683775,0.00011332869329490197,-0.0006967493987259638,-5.376627382822893e-05
0.01486784368355039,0.01486784368355039,1.9634954084936207,0.0032714266209062978,0.00011120043132553636,-0.0007099486860447622,-5.4819734485061345e-05
0.01486784368355039,0.01486784368355039,1.9757672547967058,0.003254320767160773,0.00010899092594823325,-0.0007219187816054845,-5.5797544751723414e-05
0.01486784368355039,0.01486784368355039,1.9880391010997909,0.0032372149134152484,0.0001066911357890912,-0.000733888877166207,-5.6690588303541476e-05
0.01486784368355039,0.01486784368355039,2.000310947402876,0.0032194386703717796,0.00010429197923796703,-0.0007444506558335357,-5.7489371914839045e-05
0.01486784368355039,0.01486784368355039,2.012582793705961,0.0032014757366377444,0.00010178448320717661,-0.0007546202449862484,-5.8184194969547055e-05
0.01486784368355039,0.01486784368355039,2.024854640009046,0.0031833359143285072,9.915994441054952e-05,-0.0007643475810303787,-5.876532510874436e-05
0.01486784368355039,0.01486784368355039,2.0371264863121317,0.0031646583507506554,9.641010253984737e-05,-0.0007727304676244186,-5.922317584905307e-05
0.01486784368355039,0.01486784368355039,2.0493983326152168,0.003145980787172804,9.352732365784816e-05,-0.000781113354218458,-5.9548482211617526e-05
0.01486784368355039,0.01486784368355039,2.061670178918302,0.003126898081663567,9.05047909574873e-05,-0.0007882423555633574,-5.9732470585573e-05
0.01486784368355039,0.01486784368355039,2.073942025221387,0.0031076521939875216,8.733669848629095e-05,-0.0007948663197940199,-5.9767019436667186e-05
0.01486784368355039,0.01486784368355039,2.086213871524472,0.00308833119291338,8.4018442695989e-05,-0.0008011840489863233,-5.964480780773265e-05
0.01486784368355039,0.01486784368355039,2.098485717827557,0.0030686638356146826,8.054680541075968e-05,-0.0008060896943906379,-5.9359449022502345e-05
0.01486784368355039,0.01486784368355039,2.110757564130642,0.0030489964783159853,7.692012119720463e-05,-0.0008109953397949526,-5.890560741323438e-05
0.01486784368355039,0.01486784368355039,2.1230294104337273,0.003029150874608173,7.313842194730868e-05,-0.0008148287159836202,-5.827909640032844e-05
0.01486784368355039,0.01486784368355039,2.1353012567368124,0.003009206549812236,6.920355134273836e-05,-0.000818068219991314,-5.747695669975814e-05
0.01486784368355039,0.01486784368355039,2.1475731030398975,0.0029892472733672316,6.511924245899873e-05,-0.0008211330595211439,-5.649751386587295e-05
0.01486784368355039,0.01486784368355039,2.1598449493429825,0.0029691656652480417,6.089115275310198e-05,-0.000822768826050269,-5.534041488039434e-05
0.01486784368355039,0.01486784368355039,2.172116795646068,0.0029490840571288514,5.652685193114808e-05,-0.000824404592579394,-5.400664383854597e-05
0.01486784368355039,0.01486784368355039,2.184388641949153,0.002928999897684225,5.203575986278597e-05,-0.0008251602886453157,-5.2498517232663415e-05
0.01486784368355039,0.01486784368355039,2.1966604882522383,0.0029089138467397056,4.7429033768923465e-05,-0.0008252635186781728,-5.0819659658521305e-05
0.01486784368355039,0.01486784368355039,2.2089323345553233,0.0028888325464956595,4.2719405911890026e-05,-0.0008253091636425237,-4.897496111684512e-05
0.01486784368355039,0.01486784368355039,2.2212041808584084,0.002868866450738098,3.79209753409086e-05,-0.0008239583706955982,-4.6970517341502725e-05
0.01486784368355039,0.01486784368355039,2.2334760271614935,0.0028489003549805364,3.304895934248293e-05,-0.0008226075777486727,-4.48135548914385e-05
0.01486784368355039,0.01486784368355039,2.2457478734645786,0.0028290527782517216,2.811941219058371e-05,-0.0008205651520206469,-4.2512342904047024e-05
0.01486784368355039,0.01486784368355039,2.2580197197676637,0.00280932139664913,2.3148920572877923e-05,-0.0008178446549386012,-4.007609364650465e-05
0.01486784368355039,0.01486784368355039,2.270291566070749,0.0027895900150465376,1.8154286285009665e-05,-0.0008151241578565554,-3.7514854079836734e-05
0.01486784368355039,0.01486784368355039,2.282563412373834,0.0027701875713818922,1.3152207618651064e-05,-0.0008111606364261623,-3.4839390802311434e-05
0.01486784368355039,0.01486784368355039,2.2948352586769194,0.002750795197245959,8.158971196364828e-06,-0.0008071590632300033,-3.206107074393395e-05
0.01486784368355039,0.01486784368355039,2.3071071049800045,0.002731591169895878,3.190165575015965e-06,-0.0008026392519364696,-2.919174000799254e-05
0.01486784368355039,0.01486784368355039,2.3193789512830896,0.0027126311372456502,-1.7395727017399119e-06,-0.000797448086744064,-2.6243603190314448e-05
0.01486784368355039,0.01486784368355039,2.3316507975861747,0.002693671104595423,-6.616771592243346e-06,-0.0007922569215516585,-2.3229105418475233e-05
0.01486784368355039,0.01486784368355039,2.3439226438892597,0.0026751746458948127,-1.1429287184074326e-05,-0.0007860777004748022,-2.016081917791826e-05
0.01486784368355039,0.01486784368355039,2.356194490192345,0.0026567291293864677,-1.6166413607280147e-05,-0.000779789901828226,-1.705133778621757e-05
0.01486784368355039,0.01486784368355039,2.36846633649543,0.002638498134036633,-2.0818936620327513e-05,-0.0007731344890459311,-1.3913177141047364e-05
0.01486784368355039,0.01486784368355039,2.380738182798515,0.0026206382023123294,-2.53791311912145e-05,-0.0007658432031640146,-1.0758687037435187e-05
0.01486784368355039,0.01486784368355039,2.3930100291016,0.0026027782705880255,-2.9840705866662323e-05,-0.0007585519172820979,-7.599973030714402e-06
0.01486784368355039,0.01486784368355039,2.405281875404685,0.002585455452000683,-3.4198699467621424e-05,-0.0007505026961159228,-4.44882945237405e-06
0.01486784368355039,0.01486784368355039,2.4175537217077703,0.002568241334881535,-3.8449337505005284e-05,-0.0007423000832850763,-1.3166838209636029e-06
0.01486784368355039,0.01486784368355039,2.429825568010856,0.0025512338460713883,-4.258985814494245e-05,-0.0007338535496095964,1.7854475034042663e-06
0.01486784368355039,0.01486784368355039,2.442097414313941,0.0025347153775925474,-4.661831825632696e-05,-0.0007248297366018181,4.846992941111821e-06
0.01486784368355039,0.01486784368355039,2.454369260617026,0.0025181969091137065,-5.053339131143403e-05,-0.0007158059235940399,7.8578494232693e-06
0.01486784368355039,0.01486784368355039,2.466641106920111,0.002502239298024381,-5.43341686060923e-05,-0.0007062225107207299,1.0808397394526652e-05
0.01486784368355039,0.01486784368355039,2.478912953223196,0.0024864564996278913,-5.8019975164777224e-05,-0.0006964646771101113,1.368950847478527e-05
0.01486784368355039,0.01486784368355039,2.4911847995262812,0.0024708482665498264,-6.159021032524516e-05,-0.0006865586951156255,1.649254734795774e-05
0.01486784368355039,0.01486784368355039,2.5034566458293663,0.0024558320375951165,-6.504422123896077e-05,-0.0006761502968628075,1.920936955981437e-05
0.01486784368355039,0.01486784368355039,2.5157284921324514,0.002440815808640406,-6.838121577173686e-05,-0.0006657418986099896,2.1832316905609306e-05
0.01486784368355039,0.01486784368355039,2.5280003384355365,0.002426346490994894,-7.16002183627623e-05,-0.0006549374306950579,2.4354212051039516e-05
0.01486784368355039,0.01486784368355039,2.5402721847386216,0.002412119376929169,-7.47000702675885e-05,-0.0006439575605011901,2.6768353883927576e-05
0.01486784368355039,0.01486784368355039,2.552544031041707,0.002398019649153529,-7.767947219578363e-05,-0.0006328989181791577,2.9068514866166855e-05
0.01486784368355039,0.01486784368355039,2.564815877344792,0.002384596661043965,-8.05370657912715e-05,-0.0006214217989262543,3.1248941388414626e-05
0.01486784368355039,0.01486784368355039,2.5770877236478773,0.002371173672934401,-8.327154678729899e-05,-0.0006099446796733508,3.3304357787524256e-05
0.01486784368355039,0.01486784368355039,2.5893595699509624,0.002358257460967123,-8.588180202080118e-05,-0.0005982004181802544,3.5229974343299284e-05
0.01486784368355039,0.01486784368355039,2.6016314162540475,0.002345646923498366,-8.836705993824415e-05,-0.0005862950232724387,3.7021499139935686e-05
0.01486784368355039,0.01486784368355039,2.6139032625571326,0.002333109004966091,-9.072704419030391e-05,-0.0005743571203175441,3.86751533577341e-05
0.01486784368355039,0.01486784368355039,2.6261751088602177,0.002321313413340065,-9.296211902897824e-05,-0.0005620869128814002,4.0187689153309946e-05
0.01486784368355039,0.01486784368355039,2.6384469551633027,0.0023095178217140393,-9.507341618674287e-05,-0.0005498167054452562,4.1556409020242555e-05
0.01486784368355039,0.01486784368355039,2.650718801466388,0.0022981727035026314,-9.706293358036486e-05,-0.0005373762741266569,4.277918523203182e-05
0.01486784368355039,0.01486784368355039,2.662990647769473,0.0022871895728565415,-9.893359796285777e-05,-0.0005247990557596561,4.385447782868564e-05
0.01486784368355039,0.01486784368355039,2.675262494072558,0.002276222399132523,-0.00010068928567306163,-0.0005122167894197522,4.478134950661781e-05
0.01486784368355039,0.01486784368355039,2.6875343403756435,0.002266045093051063,-0.00010233479815171705,-0.0004993846484211547,4.555947579640998e-05
0.01486784368355039,0.01486784368355039,2.6998061866787286,0.0022558677869696027,-0.0001038757914373217,-0.00048655250742255765,4.6189149003706964e-05
0.01486784368355039,0.01486784368355039,2.7120780329818137,0.0022460765783171204,-0.00010531866170679366,-0.0004736192079611472,4.6671274607153356e-05
0.01486784368355039,0.01486784368355039,2.724349879284899,0.0022366951057117166,-0.00010667039133310007,-0.0004605785566616492,4.7007359075736395e-05
0.01486784368355039,0.01486784368355039,2.736621725587984,0.0022273136331063133,-0.00010793836260321156,-0.0004475379053621511,4.719948844013864e-05
0.01486784368355039,0.01486784368355039,2.748893571891069,0.002218676630653797,-0.00010913014801937504,-0.00043433789610174546,4.7250297358820425e-05
0.01486784368355039,0.01486784368355039,2.761165418194154,0.0022100784026884103,-0.00011025328746791947,-0.0004211295869475425,4.7162928863641195e-05
0.01486784368355039,0.01486784368355039,2.773437264497239,0.002201799860763831,-0.0001113150638869528,-0.00040786631165427574,4.69409854069602e-05
0.01486784368355039,0.01486784368355039,2.7857091108003242,0.0021939704016108617,-0.00011232228877212593,-0.00039452582202280026,4.6588472316720005e-05
0.01486784368355039,0.01486784368355039,2.7979809571034093,0.002186140942457893,-0.0001132811087783786,-0.0003811853323913248,4.610973511151385e-05
0.01486784368355039,0.01486784368355039,2.8102528034064944,0.0021789750762611433,-0.00011419684351592156,-0.000367755107752088,4.550939251711722e-05
0.01486784368355039,0.01486784368355039,2.82252464970958,0.0021718986832719735,-0.00011507386305323039,-0.00035431278401068067,4.4792267256541144e-05
0.01486784368355039,0.01486784368355039,2.834796496012665,0.0021650775973914038,-0.00011591551125448551,-0.0003408440112697914,4.3963316862524065e-05
0.01486784368355039,0.01486784368355039,2.84706834231575,0.0021587379477727656,-0.00011672407911424252,-0.0003273253632727353,4.302756682329609e-05
0.01486784368355039,0.01486784368355039,2.859340188618835,0.002152398298154127,-0.00011750082885640895,-0.0003138067152756792,4.199004831205339e-05
0.01486784368355039,0.01486784368355039,2.8716120349219203,0.0021466434887196196,-0.00011824606723436535,-0.000300243158879651,4.085574259073018e-05
0.01486784368355039,0.01486784368355039,2.8838838812250054,0.0021410241910350936,-0.00011895926372260689,-0.0002866691968789828,3.962953390583652e-05
0.01486784368355039,0.01486784368355039,2.8961557275280905,0.0021356001690849193,-0.00011963920645913676,-0.0002730845806775282,3.831617233698956e-05
0.01486784368355039,0.01486784368355039,2.9084275738311756,0.0021306852588707337,-0.00012028418733144203,-0.0002594721874525944,3.692024761689807e-05
0.01486784368355039,0.01486784368355039,2.9206994201342606,0.0021257703486565476,-0.00012089220532146332,-0.00024585979422766065,3.5446174445691696e-05
0.01486784368355039,0.01486784368355039,2.9329712664373457,0.002121367287254666,-0.00012146117687423212,-0.00023222863249493933,3.3898189315460586e-05
0.01486784368355039,0.01486784368355039,2.945243112740431,0.002117141666774383,-0.00012198914138623578,-0.00021859096434618502,3.2280358326106447e-05
0.01486784368355039,0.01486784368355039,2.9575149590435164,0.0021130564849727615,-0.00012247445028811462,-0.00020495008989693375,3.059659497025528e-05
0.01486784368355039,0.01486784368355039,2.9697868053466014,0.00210950630766128,-0.00012291592932924892,-0.00019129700096960116,2.885068643486175e-05
0.01486784368355039,0.01486784368355039,2.9820586516496865,0.002105956130349798,-0.00012331300528778722,-0.0001776439120422686,2.7046326571887904e-05
0.01486784368355039,0.01486784368355039,2.9943304979527716,0.002102852448983498,-0.0001236657900750738,-0.00016398515023539656,2.5187153419259764e-05
0.01486784368355039,0.01486784368355039,3.0066023442558567,0.002099965449472948,-0.0001239751183222241,-0.00015032363541345393,2.3276788977460925e-05
0.01486784368355039,0.01486784368355039,3.018874190558942,0.0020971689329762812,-0.00012424253650222393,-0.0001366615893042775,2.1318878894297836e-05
0.01486784368355039,0.01486784368355039,3.031146036862027,0.002094934703780174,-0.00012447024518103602,-0.00012299624162443376,1.9317129767301046e-05
0.01486784368355039,0.01486784368355039,3.043417883165112,0.0020927004745840663,-0.0001246609981344632,-0.00010933089394459005,1.727534197041034e-05
0.01486784368355039,0.01486784368355039,3.055689729468197,0.002090855464752952,-0.00012481796480459694,-9.566483772552054e-05,1.5197436185246237e-05
0.01486784368355039,0.01486784368355039,3.067961575771282,0.002089265680734947,-0.0001249445646653255,-8.199831689056526e-05,1.3087472213888933e-05
0.01486784368355039,0.01486784368355039,3.0802334220743677,0.002087720140578125,-0.0001250442836260238,-6.833179813091584e-05,1.0949659100293467e-05
0.01486784368355039,0.01486784368355039,3.0925052683774528,0.0020867687322714645,-0.00012512048360073842,-5.4665307239666637e-05,8.788356086373478e-06
0.01486784368355039,0.01486784368355039,3.104777114680538,0.0020858173239648044,-0.00012517621665738705,-4.099881634841742e-05,6.608064460104749e-06
0.01486784368355039,0.01486784368355039,3.117048960983623,0.0020852052521939204,-0.00012521405493891796,-2.7332463900797407e-05,4.413410863750659e-06
0.01486784368355039,0.01486784368355039,3.129320807286708,0.0020848885288893594,-0.00012523594658206757,-1.3666231950410214e-05,2.209123113067028e-06
0.01486784368355039,0.01486784368355039,0.0,0.002084571805584799,-0.0001252431062785296,-2.3026036890225672e-17,0.0
0.01486784368355039,0.01486784368355039,0.01227184630308513,0.0020848885288893624,-0.00012523594658206757,1.3666231950364451e-05,-2.2091231130761314e-06
0.01486784368355039,0.01486784368355039,0.02454369260617026,0.002085205252193926,-0.00012521405493891796,2.7332463900751928e-05,-4.4134108637534046e-06
0.01486784368355039,0.01486784368355039,0.03681553890925539,0.00208581732396481,-0.00012517621665738705,4.0998816348372225e-05,-6.608064460124877e-06
0.01486784368355039,0.01486784368355039,0.04908738521234052,0.0020867687322714667,-0.00012512048360073842,5.466530723962172e-05,-8.788356086373478e-06
0.01486784368355039,0.01486784368355039,0.06135923151542565,0.0020877201405781233,-0.0001250442836260238,6.833179813087121e-05,-1.0949659100333721e-05
0.01486784368355039,0.01486784368355039,0.07363107781851078,0.002089265680734948,-0.00012494456466425984,8.19983168905201e-05,-1.3087472213891767e-05
0.01486784368355039,0.01486784368355039,0.0859029241215959,0.002090855464752955,-0.00012481796480459694,9.566483772547534e-05,-1.5197436185246237e-05
0.01486784368355039,0.01486784368355039,0.09817477042468103,0.0020927004745840702,-0.0001246609981344632,0.00010933089394454478,-1.727534197041034e-05
0.01486784368355039,0.01486784368355039,0.11044661672776616,0.002094934703780175,-0.00012447024518103602,0.00012299624162438838,-1.9317129767284397e-05
0.01486784368355039,0.01486784368355039,0.1227184630308513,0.00209716893297628,-0.00012424253650222393,0.00013666158930423198,-2.1318878894350196e-05
0.01486784368355039,0.01486784368355039,0.1349903093339364,0.002099965449472947,-0.0001239751183222241,0.000150323635413408,-2.3276788977444265e-05
0.01486784368355039,0.01486784368355039,0.14726215563702155,0.0021028524489834976,-0.0001236657900750738,0.00016398515023535024,-2.5187153419302552e-05
0.01486784368355039,0.01486784368355039,0.1595340019401067,0.0021059561303497978,-0.00012331300528778722,0.00017764391204222197,-2.7046326571887904e-05
0.01486784368355039,0.01486784368355039,0.1718058482431918,0.002109506307661278,-0.00012291592932924892,0.00019129700096955448,-2.885068643489887e-05
0.01486784368355039,0.01486784368355039,0.18407769454627693,0.0021130564849727584,-0.00012247445028811462,0.00020495008989688702,-3.059659497023734e-05
0.01486784368355039,0.01486784368355039,0.19634954084936207,0.002117141666774378,-0.00012198914138623578,0.0002185909643461377,-3.2280358326162764e-05
0.01486784368355039,0.01486784368355039,0.2086213871524472,0.002121367287254659,-0.00012146117687365812,0.0002322286324948919,-3.3898189315460586e-05
0.01486784368355039,0.01486784368355039,0.22089323345553233,0.0021257703486565393,-0.00012089220532146332,0.00024585979422761295,-3.5446174445726025e-05
0.01486784368355039,0.01486784368355039,0.23316507975861744,0.002130685258870725,-0.00012028418732735515,0.0002594721874525462,-3.6920247616894056e-05
0.01486784368355039,0.01486784368355039,0.2454369260617026,0.0021356001690849107,-0.00011963920645913676,0.00027308458067747945,-3.831617233701152e-05
0.01486784368355039,0.01486784368355039,0.25770877236478773,0.0021410241910350845,-0.00011895926372705659,0.00028666919687893354,-3.962953390583652e-05
0.01486784368355039,0.01486784368355039,0.2699806186678728,0.00214664348871961,-0.00011824606723436535,0.0003002431588796011,-4.085574259072616e-05
0.01486784368355039,0.01486784368355039,0.28225246497095796,0.002152398298154117,-0.00011750082885640895,0.000313806715275629,-4.199004831198197e-05
0.01486784368355039,0.01486784368355039,0.2945243112740431,0.002158737947772755,-0.00011672407911424252,0.0003273253632726857,-4.302756682329609e-05
0.01486784368355039,0.01486784368355039,0.30679615757712825,0.002165077597391392,-0.00011591551125448551,0.0003408440112697424,-4.3963316862558414e-05
0.01486784368355039,0.01486784368355039,0.3190680038802134,0.0021718986832719627,-0.00011507386305323039,0.000354312784010632,-4.479226725659059e-05
0.01486784368355039,0.01486784368355039,0.3313398501832985,0.0021789750762611342,-0.00011419684351534755,0.00036775510775203895,-4.5509392517083914e-05
0.01486784368355039,0.01486784368355039,0.3436116964863836,0.002186140942457885,-0.0001132811087783786,0.0003811853323912759,-4.6109735111446225e-05
0.01486784368355039,0.01486784368355039,0.35588354278946877,0.0021939704016108535,-0.00011232228877714968,0.00039452582202275125,-4.658847231670867e-05
0.01486784368355039,0.01486784368355039,0.36815538909255385,0.002201799860763822,-0.0001113150638851511,0.0004078663116542266,-4.694098540711719e-05
0.01486784368355039,0.01486784368355039,0.380427235395639,0.0022100784026884007,-0.00011025328746791947,0.0004211295869474937,-4.716292886360684e-05
0.01486784368355039,0.01486784368355039,0.39269908169872414,0.0022186766306537867,-0.00010913014801937504,0.0004343378961016973,-4.7250297358820425e-05
0.01486784368355039,0.01486784368355039,0.4049709280018093,0.002227313633106302,-0.00010793836260391435,0.0004475379053621036,-4.7199488440237536e-05
0.01486784368355039,0.01486784368355039,0.4172427743048944,0.0022366951057117067,-0.00010667039133310007,0.00046057855666160137,-4.7007359075736395e-05
0.01486784368355039,0.01486784368355039,0.4295146206079795,0.002246076578317111,-0.00010531866170679366,0.0004736192079610991,-4.667127460721996e-05
0.01486784368355039,0.01486784368355039,0.44178646691106466,0.0022558677869695936,-0.00010387579143838735,0.0004865525074225095,-4.6189149003918465e-05
0.01486784368355039,0.01486784368355039,0.4540583132141498,0.0022660450930510534,-0.00010233479815278269,0.0004993846484211067,-4.555947579640998e-05
0.01486784368355039,0.01486784368355039,0.4663301595172349,0.002276222399132513,-0.00010068928567628365,0.0005122167894197039,-4.478134950661781e-05
0.01486784368355039,0.01486784368355039,0.47860200582032003,0.00228718957285653,-9.893359796285777e-05,0.0005247990557596081,-4.385447782836361e-05
0.01486784368355039,0.01486784368355039,0.4908738521234052,0.002298172703502619,-9.706293358106766e-05,0.0005373762741266095,-4.277918523192934e-05
0.01486784368355039,0.01486784368355039,0.5031456984264903,0.0023095178217140255,-9.507341618674287e-05,0.0005498167054452088,-4.155640902037732e-05
0.01486784368355039,0.01486784368355039,0.5154175447295755,0.00232131341334005,-9.296211902897824e-05,0.0005620869128813525,-4.0187689152995975e-05
0.01486784368355039,0.01486784368355039,0.5276893910326605,0.0023331090049660747,-9.072704419030391e-05,0.000574357120317496,-3.867515335751901e-05
0.01486784368355039,0.01486784368355039,0.5399612373357456,0.0023456469234983492,-8.836705993767013e-05,0.0005862950232723909,-3.702149914007046e-05
0.01486784368355039,0.01486784368355039,0.5522330836388308,0.002358257460967105,-8.588180202080118e-05,0.0005982004181802071,-3.5229974343299284e-05
0.01486784368355039,0.01486784368355039,0.5645049299419159,0.002371173672934383,-8.327154678501383e-05,0.0006099446796733035,-3.3304357787524256e-05
0.01486784368355039,0.01486784368355039,0.5767767762450011,0.002384596661043948,-8.05370657912715e-05,0.0006214217989262067,-3.1248941388414626e-05
0.01486784368355039,0.01486784368355039,0.5890486225480862,0.002398019649153513,-7.767947219578363e-05,0.0006328989181791099,-2.9068514866166855e-05
0.01486784368355039,0.01486784368355039,0.6013204688511713,0.002412119376929152,-7.470007026722566e-05,0.0006439575605011417,-2.6768353883762075e-05
0.01486784368355039,0.01486784368355039,0.6135923151542565,0.0024263464909948756,-7.160021836346509e-05,0.0006549374306950096,-2.4354212051039516e-05
0.01486784368355039,0.01486784368355039,0.6258641614573416,0.002440815808640387,-6.838121577137403e-05,0.0006657418986099413,-2.1832316905721913e-05
0.01486784368355039,0.01486784368355039,0.6381360077604268,0.002455832037595097,-6.504422123896077e-05,0.0006761502968627597,-1.920936955980632e-05
0.01486784368355039,0.01486784368355039,0.6504078540635119,0.0024708482665498064,-6.159021032524516e-05,0.0006865586951155779,-1.649254734764376e-05
0.01486784368355039,0.01486784368355039,0.662679700366597,0.0024864564996278714,-5.801997516249207e-05,0.0006964646771100637,-1.368950847478527e-05
0.01486784368355039,0.01486784368355039,0.6749515466696822,0.0025022392980243616,-5.43341686060923e-05,0.0007062225107206825,-1.0808397394526652e-05
0.01486784368355039,0.01486784368355039,0.6872233929727672,0.0025181969091136874,-5.053339131143403e-05,0.0007158059235939926,-7.8578494232693e-06
0.01486784368355039,0.01486784368355039,0.6994952392758523,0.002534715377592528,-4.661831825632696e-05,0.0007248297366017715,-4.846992941111821e-06
0.01486784368355039,0.01486784368355039,0.7117670855789375,0.0025512338460713683,-4.258985814902933e-05,0.0007338535496095506,-1.7854475036516482e-06
0.01486784368355039,0.01486784368355039,0.7240389318820226,0.0025682413348815138,-3.8449337507653285e-05,0.0007423000832850307,1.316683820864705e-06
0.01486784368355039,0.01486784368355039,0.7363107781851077,0.0025854554520006613,-3.419869946581971e-05,0.0007505026961158774,4.448829452330126e-06
0.01486784368355039,0.01486784368355039,0.7485826244881929,0.002602778270588003,-2.9840705865596675e-05,0.0007585519172820527,7.599973030714402e-06
0.01486784368355039,0.01486784368355039,0.760854470791278,0.002620638202312305,-2.53791311912145e-05,0.000765843203163969,1.0758687037435187e-05
0.01486784368355039,0.01486784368355039,0.7731263170943632,0.0026384981340366073,-2.0818936625351255e-05,0.0007731344890458855,1.3913177141047364e-05
0.01486784368355039,0.01486784368355039,0.7853981633974483,0.0026567291293864395,-1.6166413607280147e-05,0.0007797899018281794,1.705133778621757e-05
0.01486784368355039,0.01486784368355039,0.7976700097005334,0.0026751746458947815,-1.1429287184074326e-05,0.0007860777004747542,2.016081917791826e-05
0.01486784368355039,0.01486784368355039,0.8099418560036186,0.0026936711045953896,-6.616771592243346e-06,0.0007922569215516095,2.3229105418475233e-05
0.01486784368355039,0.01486784368355039,0.8222137023067037,0.0027126311372456164,-1.7395727017399119e-06,0.0007974480867440162,2.6243603190314448e-05
0.01486784368355039,0.01486784368355039,0.8344855486097889,0.0027315911698958433,3.190165575015965e-06,0.0008026392519364232,2.919174000799254e-05
0.01486784368355039,0.01486784368355039,0.8467573949128739,0.0027507951972459243,8.158971195222248e-06,0.0008071590632299574,3.206107074383504e-05
0.01486784368355039,0.01486784368355039,0.859029241215959,0.002770187571381857,1.31522076191195e-05,0.0008111606364261162,3.4839390802064046e-05
0.01486784368355039,0.01486784368355039,0.8713010875190442,0.002789590015046503,1.815428628418984e-05,0.0008151241578565094,3.751485407993564e-05
0.01486784368355039,0.01486784368355039,0.8835729338221293,0.0028093213966490943,2.3148920573059344e-05,0.0008178446549385555,4.0076093646617256e-05
0.01486784368355039,0.01486784368355039,0.8958447801252144,0.0028290527782516856,2.811941219058371e-05,0.0008205651520206016,4.251234290394245e-05
0.01486784368355039,0.01486784368355039,0.9081166264282996,0.002848900354980501,3.304895934213154e-05,0.0008226075777486275,4.48135548914385e-05
0.01486784368355039,0.01486784368355039,0.9203884727313847,0.002868866450738063,3.79209753409086e-05,0.0008239583706955529,4.6970517341502725e-05
0.01486784368355039,0.01486784368355039,0.9326603190344698,0.0028888325464956257,4.271940591279088e-05,0.0008253091636424782,4.897496111683707e-05
0.01486784368355039,0.01486784368355039,0.944932165337555,0.0029089138467396705,4.742903377006605e-05,0.0008252635186781277,5.0819659658521305e-05
0.01486784368355039,0.01486784368355039,0.9572040116406401,0.0029289998976841894,5.203575986278597e-05,0.0008251602886452709,5.2498517232663415e-05
0.01486784368355039,0.01486784368355039,0.9694758579437253,0.0029490840571288145,5.652685193365996e-05,0.0008244045925793496,5.4006643838859963e-05
0.01486784368355039,0.01486784368355039,0.9817477042468103,0.0029691656652480023,6.0891152754180165e-05,0.0008227688260502252,5.534041488070832e-05
0.01486784368355039,0.01486784368355039,0.9940195505498954,0.00298924727336719,6.511924245864731e-05,0.0008211330595211008,5.649751386587295e-05
0.01486784368355039,0.01486784368355039,1.0062913968529805,0.0030092065498121953,6.920355134273836e-05,0.000818068219991271,5.747695669975814e-05
0.01486784368355039,0.01486784368355039,1.0185632431560658,0.003029150874608134,7.313842194730868e-05,0.0008148287159835771,5.827909640068635e-05
0.01486784368355039,0.01486784368355039,1.030835089459151,0.003048996478315947,7.692012119685324e-05,0.0008109953397949099,5.890560741336915e-05
0.01486784368355039,0.01486784368355039,1.043106935762236,0.0030686638356146453,8.054680541040829e-05,0.0008060896943905961,5.935944902228726e-05
0.01486784368355039,0.01486784368355039,1.055378782065321,0.0030883311929133434,8.4018442695989e-05,0.0008011840489862824,5.964480780780133e-05
0.01486784368355039,0.01486784368355039,1.0676506283684062,0.0031076521939874843,8.733669848622656e-05,0.0007948663197939794,5.9767019436801966e-05
0.01486784368355039,0.01486784368355039,1.0799224746714913,0.003126898081663529,9.050479095838815e-05,0.0007882423555633172,5.973247058547053e-05
0.01486784368355039,0.01486784368355039,1.0921943209745766,0.0031459807871727662,9.352732365784816e-05,0.0007811133542184178,5.9548482211581646e-05
0.01486784368355039,0.01486784368355039,1.1044661672776617,0.0031646583507506194,9.641010253984737e-05,0.0007727304676243787,5.922317584901719e-05
0.01486784368355039,0.01486784368355039,1.1167380135807468,0.003183335914328472,9.915994441054952e-05,0.0007643475810303395,5.876532510885696e-05
0.01486784368355039,0.01486784368355039,1.1290098598838318,0.0032014757366377084,0.00010178448320836443,0.0007546202449862094,5.8184194969547055e-05
0.01486784368355039,0.01486784368355039,1.141281706186917,0.003219438670371742,0.00010429197923592358,0.0007444506558334967,5.7489371914525054e-05
0.01486784368355039,0.01486784368355039,1.1535535524900022,0.0032372149134152093,0.00010669113578937821,0.0007338888771661679,5.669058830337032e-05
0.01486784368355039,0.01486784368355039,1.1658253987930873,0.003254320767160734,0.00010899092594823325,0.0007219187816054456,5.5797544751723414e-05
0.01486784368355039,0.01486784368355039,1.1780972450961724,0.0032714266209062587,0.00011120043132474513,0.0007099486860447234,5.4819734484938694e-05
0.01486784368355039,0.01486784368355039,1.1903690913992575,0.0032878547526683376,0.00011332869329455058,0.0006967493987259255,5.376627382822893e-05
0.01486784368355039,0.01486784368355039,1.2026409377023426,0.003303968578583022,0.00011538457614697333,0.0006829800514613534,5.264574302675567e-05
0.01486784368355039,0.01486784368355039,1.214912784005428,0.0033199167207768115,0.00011737664103506082,0.0006689460697336542,5.1466041533879944e-05
0.01486784368355039,0.01486784368355039,1.227184630308513,0.0033349149429708013,0.00011931302895386306,0.0006533948504173611,5.0234261702930235e-05
0.01486784368355039,0.01486784368355039,1.239456476611598,0.0033499131651647915,0.00012120135075616585,0.0006378436311010678,4.895658449066101e-05
0.01486784368355039,0.01486784368355039,1.2517283229146832,0.003364160081796684,0.00012304858258033494,0.0006212198535455068,4.7638200328775677e-05
0.01486784368355039,0.01486784368355039,1.2640001692177683,0.003377934402994354,0.00012486096514062467,0.0006039214022587935,4.628325771334695e-05
0.01486784368355039,0.01486784368355039,1.2762720155208536,0.0033916047043555907,0.0001266439062315515,0.0005864887710913103,4.48948413839314e-05
0.01486784368355039,0.01486784368355039,1.2885438618239387,0.0034040657751182903,0.00012840188649122704,0.0005674962988098792,4.3474981120310365e-05
0.01486784368355039,0.01486784368355039,1.3008157081270237,0.0034165268458809894,0.00013013836948321938,0.0005485038265284481,4.2024691347549585e-05
0.01486784368355039,0.01486784368355039,1.3130875544301088,0.0034282361058427502,0.0001318557180075784,0.0005286288212277804,4.054404076421854e-05
0.01486784368355039,0.01486784368355039,1.325359400733194,0.003439316578589181,0.0001335551194658214,0.0005080156974019329,3.903225027838879e-05
0.01486784368355039,0.01486784368355039,1.337631247036279,0.003450382952481762,0.00013523652399452602,0.0004873874725158368,3.748781659328853e-05
0.01486784368355039,0.01486784368355039,1.3499030933393643,0.0034600394409893993,0.00013689859930964351,0.00046524914160488173,3.5908657888339064e-05
0.01486784368355039,0.01486784368355039,1.3621749396424494,0.0034696959294970367,0.00013853870673877146,0.00044311081069392706,3.4292277242380444e-05
0.01486784368355039,0.01486784368355039,1.3744467859455345,0.003478666593995159,0.00014015290268574453,0.0004203045147892455,3.263593875930306e-05
0.01486784368355039,0.01486784368355039,1.3867186322486196,0.003486879994482776,0.00014173596930129037,0.0003967606742039906,3.0936850833298005e-05
0.01486784368355039,0.01486784368355039,1.3989904785517047,0.0034950933949703927,0.00014328147764479293,0.0003732168336187357,2.9192350619013892e-05
0.01486784368355039,0.01486784368355039,1.41126232485479,0.003501952583426567,0.0001447818851587419,0.00034848842163076225,2.7400083638548824e-05
0.01486784368355039,0.01486784368355039,1.423534171157875,0.003508726242701808,0.00014622866834254587,0.00032368519460682804,2.5558172492941326e-05
0.01486784368355039,0.01486784368355039,1.4358060174609601,0.003514924176687767,0.00014761248976666967,0.00029844144417541616,2.366536893630478e-05
0.01486784368355039,0.01486784368355039,1.4480778637640452,0.003520279585860143,0.00014892339698185093,0.0002725530253428175,2.1721184048562727e-05
0.01486784368355039,0.01486784368355039,1.4603497100671303,0.0035256349950325188,0.00015015104929433476,0.00024666460651021885,1.972599193218411e-05
0.01486784368355039,0.01486784368355039,1.4726215563702154,0.003529783402187157,0.00015128496673701863,0.00022000721975037554,1.7681103232578365e-05
0.01486784368355039,0.01486784368355039,1.4848934026733007,0.0035337535022255387,0.000152314794246938,0.00019323623545582517,1.558880579642336e-05
0.01486784368355039,0.01486784368355039,1.4971652489763858,0.0035372693780439148,0.00015323057289772144,0.00016624533687621944,1.3452370921510604e-05
0.01486784368355039,0.01486784368355039,1.509437095279471,0.0035398901649581625,0.00015402300916635326,0.00013882107779370953,1.1276024860798233e-05
0.01486784368355039,0.01486784368355039,1.521708941582556,0.0035425109518724108,0.00015468373306471128,0.0001113968187111996,9.064886482911842e-06
0.01486784368355039,0.01486784368355039,1.533980787885641,0.0035440739119682704,0.00015520553566412759,8.365028266207987e-05,6.8248732082640785e-06
0.01486784368355039,0.01486784368355039,1.5462526341887264,0.0035453756802571205,0.00015558257733093867,5.58241720533029e-05,4.5625784961153e-06
0.01486784368355039,0.01486784368355039,1.5585244804918115,0.003546329451082615,0.00015581055870223816,2.7961790565107338e-05,2.285125200966194e-06
0.01486784368355039,0.01486784368355039,1.5707963267948966,0.0035463294510826157,0.0001558868478720672,-1.4629465157783876e-17,1.1408408765490554e-20
0.01486784368355039,0.01486784368355039,1.5830681730979816,0.0035463294510826165,0.00015581055870223816,-2.7961790565136594e-05,-2.285125200966194e-06
0.01486784368355039,0.01486784368355039,1.5953400194010667,0.003545375680257123,0.00015558257733093867,-5.5824172053330885e-05,-4.562578496109119e-06
0.01486784368355039,0.01486784368355039,1.607611865704152,0.003544073911968274,0.00015520553566412759,-8.365028266210612e-05,-6.8248732082837026e-06
0.01486784368355039,0.01486784368355039,1.6198837120072371,0.003542510951872415,0.00015468373306471128,-0.00011139681871122467,-9.064886482907358e-06
0.01486784368355039,0.01486784368355039,1.6321555583103222,0.0035398901649581673,0.00015402300916635326,-0.00013882107779373556,-1.127602486078038e-05
0.01486784368355039,0.01486784368355039,1.6444274046134073,0.003537269378043919,0.00015323057289772144,-0.00016624533687624647,-1.3452370921510604e-05
0.01486784368355039,0.01486784368355039,1.6566992509164924,0.003533753502225543,0.000152314794246938,-0.00019323623545585306,-1.558880579642336e-05
0.01486784368355039,0.01486784368355039,1.6689710972195777,0.0035297834021871615,0.00015128496673701863,-0.00022000721975040424,-1.7681103232595018e-05
0.01486784368355039,0.01486784368355039,1.6812429435226628,0.003525634995032523,0.00015015104929319217,-0.0002466646065102483,-1.9725991932236465e-05
0.01486784368355039,0.01486784368355039,1.6935147898257479,0.0035202795858601476,0.00014892339698185093,-0.0002725530253428473,-2.172118404857938e-05
0.01486784368355039,0.01486784368355039,1.705786636128833,0.0035149241766877716,0.00014761248976576883,-0.0002984414441754463,-2.366536893634758e-05
0.01486784368355039,0.01486784368355039,1.718058482431918,0.0035087262427018137,0.00014622866834254587,-0.0003236851946068578,-2.5558172492941326e-05
0.01486784368355039,0.01486784368355039,1.7303303287350031,0.0035019525834265753,0.0001447818851587419,-0.0003484884216307912,-2.740008363862732e-05
0.01486784368355039,0.01486784368355039,1.7426021750380885,0.003495093394970403,0.00014328147764389212,-0.00037321683361876386,-2.91923506190496e-05
0.01486784368355039,0.01486784368355039,1.7548740213411735,0.0034868799944827856,0.00014173596930129037,-0.00039676067420401875,-3.093685083345499e-05
0.01486784368355039,0.01486784368355039,1.7671458676442586,0.0034786665939951686,0.00014015290268574453,-0.0004203045147892736,-3.263593875930306e-05
0.01486784368355039,0.01486784368355039,1.7794177139473437,0.0034696959294970467,0.00013853870673798027,-0.0004431108106939558,-3.429227724243273e-05
0.01486784368355039,0.01486784368355039,1.7916895602504288,0.0034600394409894115,0.00013689859930850093,-0.00046524914160491176,-3.59086578883734e-05
0.01486784368355039,0.01486784368355039,1.8039614065535141,0.0034503829524817763,0.00013523652399452602,-0.0004873874725158681,-3.748781659341222e-05
0.01486784368355039,0.01486784368355039,1.8162332528565992,0.003439316578589198,0.0001335551194649849,-0.000508015697401964,-3.9032250278527844e-05
0.01486784368355039,0.01486784368355039,1.8285050991596843,0.0034282361058427697,0.0001318557180064358,-0.0005286288212278112,-4.0544040764252864e-05
0.01486784368355039,0.01486784368355039,1.8407769454627694,0.0034165268458810124,0.00013013836948207676,-0.0005485038265284791,-4.202469134742188e-05
0.01486784368355039,0.01486784368355039,1.8530487917658545,0.0034040657751183167,0.00012840188649122704,-0.0005674962988099111,-4.347498112023895e-05
0.01486784368355039,0.01486784368355039,1.8653206380689396,0.003391604704355621,0.00012664390623126452,-0.000586488771091343,-4.48948413839314e-05
0.01486784368355039,0.01486784368355039,1.8775924843720249,0.0033779344029943857,0.00012486096514062467,-0.0006039214022588272,-4.6283257713294685e-05
0.01486784368355039,0.01486784368355039,1.88986433067511,0.0033641600817967167,0.00012304858258033494,-0.0006212198535455412,-4.763820032866815e-05
0.01486784368355039,0.01486784368355039,1.902136176978195,0.003349913165164826,0.00012120135075526494,-0.000637843631101103,-4.89565844907617e-05
0.01486784368355039,0.01486784368355039,1.9144080232812801,0.0033349149429708386,0.00011931302895386306,-0.0006533948504173972,-5.023426170295218e-05
0.01486784368355039,0.01486784368355039,1.9266798695843652,0.0033199167207768514,0.00011737664103362714,-0.0006689460697336912,-5.146604153386862e-05
0.01486784368355039,0.01486784368355039,1.9389517158874505,0.003303968578583062,0.00011538457614529793,-0.0006829800514613912,-5.2645743026790006e-05
0.01486784368355039,0.01486784368355039,1.9512235621905356,0.0032878547526683775,0.00011332869329490197,-0.0006967493987259638,-5.376627382822893e-05
0.01486784368355039,0.01486784368355039,1.9634954084936207,0.0032714266209062978,0.00011120043132553636,-0.0007099486860447622,-5.4819734485061345e-05
0.01486784368355039,0.01486784368355039,1.9757672547967058,0.003254320767160773,0.00010899092594823325,-0.0007219187816054845,-5.5797544751723414e-05
0.01486784368355039,0.01486784368355039,1.9880391010997909,0.0032372149134152484,0.0001066911357890912,-0.000733888877166207,-5.6690588303541476e-05
0.01486784368355039,0.01486784368355039,2.000310947402876,0.0032194386703717796,0.00010429197923796703,-0.0007444506558335357,-5.7489371914839045e-05
0.01486784368355039,0.01486784368355039,2.012582793705961,0.0032014757366377444,0.00010178448320717661,-0.0007546202449862484,-5.8184194969547055e-05
0.01486784368355039,0.01486784368355039,2.024854640009046,0.0031833359143285072,9.915994441054952e-05,-0.0007643475810303787,-5.876532510874436e-05
0.01486784368355039,0.01486784368355039,2.0371264863121317,0.0031646583507506554,9.641010253984737e-05,-0.0007727304676244186,-5.922317584905307e-05
0.01486784368355039,0.01486784368355039,2.0493983326152168,0.003145980787172804,9.352732365784816e-05,-0.000781113354218458,-5.9548482211617526e-05
0.01486784368355039,0.01486784368355039,2.061670178918302,0.003126898081663567,9.05047909574873e-05,-0.0007882423555633574,-5.9732470585573e-05
0.01486784368355039,0.01486784368355039,2.073942025221387,0.0031076521939875216,8.733669848629095e-05,-0.0007948663197940199,-5.9767019436667186e-05
0.01486784368355039,0.01486784368355039,2.086213871524472,0.00308833119291338,8.4018442695989e-05,-0.0008011840489863233,-5.964480780773265e-05
0.01486784368355039,0.01486784368355039,2.098485717827557,0.0030686638356146826,8.054680541075968e-05,-0.0008060896943906379,-5.9359449022502345e-05
0.01486784368355039,0.01486784368355039,2.110757564130642,0.0030489964783159853,7.692012119720463e-05,-0.0008109953397949526,-5.890560741323438e-05
0.01486784368355039,0.01486784368355039,2.1230294104337273,0.003029150874608173,7.313842194730868e-05,-0.0008148287159836202,-5.827909640032844e-05
0.01486784368355039,0.01486784368355039,2.1353012567368124,0.003009206549812236,6.920355134273836e-05,-0.000818068219991314,-5.747695669975814e-05
0.01486784368355039,0.01486784368355039,2.1475731030398975,0.0029892472733672316,6.511924245899873e-05,-0.0008211330595211439,-5.649751386587295e-05
0.01486784368355039,0.01486784368355039,2.1598449493429825,0.0029691656652480417,6.089115275310198e-05,-0.000822768826050269,-5.534041488039434e-05
0.01486784368355039,0.01486784368355039,2.172116795646068,0.0029490840571288514,5.652685193114808e-05,-0.000824404592579394,-5.400664383854597e-05
0.01486784368355039,0.01486784368355039,2.184388641949153,0.002928999897684225,5.203575986278597e-05,-0.0008251602886453157,-5.2498517232663415e-05
0.01486784368355039,0.01486784368355039,2.1966604882522383,0.0029089138467397056,4.7429033768923465e-05,-0.0008252635186781728,-5.0819659658521305e-05
0.01486784368355039,0.01486784368355039,2.2089323345553233,0.0028888325464956595,4.2719405911890026e-05,-0.0008253091636425237,-4.897496111684512e-05
0.01486784368355039,0.01486784368355039,2.2212041808584084,0.002868866450738098,3.79209753409086e-05,-0.0008239583706955982,-4.6970517341502725e-05
0.01486784368355039,0.01486784368355039,2.2334760271614935,0.0028489003549805364,3.304895934248293e-05,-0.0008226075777486727,-4.48135548914385e-05
0.01486784368355039,0.01486784368355039,2.2457478734645786,0.0028290527782517216,2.811941219058371e-05,-0.0008205651520206469,-4.2512342904047024e-05
0.01486784368355039,0.01486784368355039,2.2580197197676637,0.00280932139664913,2.3148920572877923e-05,-0.0008178446549386012,-4.007609364650465e-05
0.01486784368355039,0.01486784368355039,2.270291566070749,0.0027895900150465376,1.8154286285009665e-05,-0.0008151241578565554,-3.7514854079836734e-05
0.01486784368355039,0.01486784368355039,2.282563412373834,0.0027701875713818922,1.3152207618651064e-05,-0.0008111606364261623,-3.4839390802311434e-05
0.01486784368355039,0.01486784368355039,2.2948352586769194,0.002750795197245959,8.158971196364828e-06,-0.0008071590632300033,-3.206107074393395e-05
0.01486784368355039,0.01486784368355039,2.3071071049800045,0.002731591169895878,3.190165575015965e-06,-0.0008026392519364696,-2.919174000799254e-05
0.01486784368355039,0.01486784368355039,2.3193789512830896,0.0027126311372456502,-1.7395727017399119e-06,-0.000797448086744064,-2.6243603190314448e-05
0.01486784368355039,0.01486784368355039,2.3316507975861747,0.002693671104595423,-6.616771592243346e-06,-0.0007922569215516585,-2.3229105418475233e-05
0.01486784368355039,0.01486784368355039,2.3439226438892597,0.0026751746458948127,-1.1429287184074326e-05,-0.0007860777004748022,-2.016081917791826e-05
0.01486784368355039,0.01486784368355039,2.356194490192345,0.0026567291293864677,-1.6166413607280147e-05,-0.000779789901828226,-1.705133778621757e-05
0.01486784368355039,0.01486784368355039,2.36846633649543,0.002638498134036633,-2.0818936620327513e-05,-0.0007731344890459311,-1.3913177141047364e-05
0.01486784368355039,0.01486784368355039,2.380738182798515,0.0026206382023123294,-2.53791311912145e-05,-0.0007658432031640146,-1.0758687037435187e-05
0.01486784368355039,0.01486784368355039,2.3930100291016,0.0026027782705880255,-2.9840705866662323e-05,-0.0007585519172820979,-7.599973030714402e-06
0.01486784368355039,0.01486784368355039,2.405281875404685,0.002585455452000683,-3.4198699467621424e-05,-0.0007505026961159228,-4.44882945237405e-06
0.01486784368355039,0.01486784368355039,2.4175537217077703,0.002568241334881535,-3.8449337505005284e-05,-0.0007423000832850763,-1.3166838209636029e-06
0.01486784368355039,0.01486784368355039,2.429825568010856,0.0025512338460713883,-4.258985814494245e-05,-0.0007338535496095964,1.7854475034042663e-06
0.01486784368355039,0.01486784368355039,2.442097414313941,0.0025347153775925474,-4.661831825632696e-05,-0.0007248297366018181,4.846992941111821e-06
0.01486784368355039,0.01486784368355039,2.454369260617026,0.0025181969091137065,-5.053339131143403e-05,-0.0007158059235940399,7.8578494232693e-06
0.01486784368355039,0.01486784368355039,2.466641106920111,0.002502239298024381,-5.43341686060923e-05,-0.0007062225107207299,1.0808397394526652e-05
0.01486784368355039,0.01486784368355039,2.478912953223196,0.0024864564996278913,-5.8019975164777224e-05,-0.0006964646771101113,1.368950847478527e-05
0.01486784368355039,0.01486784368355039,2.4911847995262812,0.0024708482665498264,-6.159021032524516e-05,-0.0006865586951156255,1.649254734795774e-05
0.01486784368355039,0.01486784368355039,2.5034566458293663,0.0024558320375951165,-6.504422123896077e-05,-0.0006761502968628075,1.920936955981437e-05
0.01486784368355039,0.01486784368355039,2.5157284921324514,0.002440815808640406,-6.838121577173686e-05,-0.0006657418986099896,2.1832316905609306e-05
0.01486784368355039,0.01486784368355039,2.5280003384355365,0.002426346490994894,-7.16002183627623e-05,-0.0006549374306950579,2.4354212051039516e-05
0.01486784368355039,0.01486784368355039,2.5402721847386216,0.002412119376929169,-7.47000702675885e-05,-0.0006439575605011901,2.6768353883927576e-05
0.01486784368355039,0.01486784368355039,2.552544031041707,0.002398019649153529,-7.767947219578363e-05,-0.0006328989181791577,2.9068514866166855e-05
0.01486784368355039,0.01486784368355039,2.564815877344792,0.002384596661043965,-8.05370657912715e-05,-0.0006214217989262543,3.1248941388414626e-05
0.01486784368355039,0.01486784368355039,2.5770877236478773,0.002371173672934401,-8.327154678729899e-05,-0.0006099446796733508,3.3304357787524256e-05
0.01486784368355039,0.01486784368355039,2.5893595699509624,0.002358257460967123,-8.588180202080118e-05,-0.0005982004181802544,3.5229974343299284e-05
0.01486784368355039,0.01486784368355039,2.6016314162540475,0.002345646923498366,-8.836705993824415e-05,-0.0005862950232724387,3.7021499139935686e-05
0.01486784368355039,0.01486784368355039,2.6139032625571326,0.002333109004966091,-9.072704419030391e-05,-0.0005743571203175441,3.86751533577341e-05
0.01486784368355039,0.01486784368355039,2.6261751088602177,0.002321313413340065,-9.296211902897824e-05,-0.0005620869128814002,4.0187689153309946e-05
0.01486784368355039,0.01486784368355039,2.6384469551633027,0.0023095178217140393,-9.507341618674287e-05,-0.0005498167054452562,4.1556409020242555e-05
0.01486784368355039,0.01486784368355039,2.650718801466388,0.0022981727035026314,-9.706293358036486e-05,-0.0005373762741266569,4.277918523203182e-05
0.01486784368355039,0.01486784368355039,2.662990647769473,0.0022871895728565415,-9.893359796285777e-05,-0.0005247990557596561,4.385447782868564e-05
0.01486784368355039,0.01486784368355039,2.675262494072558,0.002276222399132523,-0.00010068928567306163,-0.0005122167894197522,4.478134950661781e-05
0.01486784368355039,0.01486784368355039,2.6875343403756435,0.002266045093051063,-0.00010233479815171705,-0.0004993846484211547,4.555947579640998e-05
0.01486784368355039,0.01486784368355039,2.6998061866787286,0.0022558677869696027,-0.0001038757914373217,-0.00048655250742255765,4.6189149003706964e-05
0.01486784368355039,0.01486784368355039,2.7120780329818137,0.0022460765783171204,-0.00010531866170679366,-0.0004736192079611472,4.6671274607153356e-05
0.01486784368355039,0.01486784368355039,2.724349879284899,0.0022366951057117166,-0.00010667039133310007,-0.0004605785566616492,4.7007359075736395e-05
0.01486784368355039,0.01486784368355039,2.736621725587984,0.0022273136331063133,-0.00010793836260321156,-0.0004475379053621511,4.719948844013864e-05
0.01486784368355039,0.01486784368355039,2.748893571891069,0.002218676630653797,-0.00010913014801937504,-0.00043433789610174546,4.7250297358820425e-05
0.01486784368355039,0.01486784368355039,2.761165418194154,0.0022100784026884103,-0.00011025328746791947,-0.0004211295869475425,4.7162928863641195e-05
0.01486784368355039,0.01486784368355039,2.773437264497239,0.002201799860763831,-0.0001113150638869528,-0.00040786631165427574,4.69409854069602e-05
0.01486784368355039,0.01486784368355039,2.7857091108003242,0.0021939704016108617,-0.00011232228877212593,-0.00039452582202280026,4.6588472316720005e-05
0.01486784368355039,0.01486784368355039,2.7979809571034093,0.002186140942457893,-0.0001132811087783786,-0.0003811853323913248,4.610973511151385e-05
0.01486784368355039,0.01486784368355039,2.8102528034064944,0.0021789750762611433,-0.00011419684351592156,-0.000367755107752088,4.550939251711722e-05
0.01486784368355039,0.01486784368355039,2.82252464970958,0.0021718986832719735,-0.00011507386305323039,-0.00035431278401068067,4.4792267256541144e-05
0.01486784368355039,0.01486784368355039,2.834796496012665,0.0021650775973914038,-0.00011591551125448551,-0.0003408440112697914,4.3963316862524065e-05
0.01486784368355039,0.01486784368355039,2.84706834231575,0.0021587379477727656,-0.00011672407911424252,-0.0003273253632727353,4.302756682329609e-05
0.01486784368355039,0.01486784368355039,2.859340188618835,0.002152398298154127,-0.00011750082885640895,-0.0003138067152756792,4.199004831205339e-05
0.01486784368355039,0.01486784368355039,2.8716120349219203,0.0021466434887196196,-0.00011824606723436535,-0.000300243158879651,4.085574259073018e-05
0.01486784368355039,0.01486784368355039,2.8838838812250054,0.0021410241910350936,-0.00011895926372260689,-0.0002866691968789828,3.962953390583652e-05
0.01486784368355039,0.01486784368355039,2.8961557275280905,0.0021356001690849193,-0.00011963920645913676,-0.0002730845806775282,3.831617233698956e-05
0.01486784368355039,0.01486784368355039,2.9084275738311756,0.0021306852588707337,-0.00012028418733144203,-0.0002594721874525944,3.692024761689807e-05
0.01486784368355039,0.01486784368355039,2.9206994201342606,0.0021257703486565476,-0.00012089220532146332,-0.00024585979422766065,3.5446174445691696e-05
0.01486784368355039,0.01486784368355039,2.9329712664373457,0.002121367287254666,-0.00012146117687423212,-0.00023222863249493933,3.3898189315460586e-05
0.01486784368355039,0.01486784368355039,2.945243112740431,0.002117141666774383,-0.00012198914138623578,-0.00021859096434618502,3.2280358326106447e-05
0.01486784368355039,0.01486784368355039,2.9575149590435164,0.0021130564849727615,-0.00012247445028811462,-0.00020495008989693375,3.059659497025528e-05
0.01486784368355039,0.01486784368355039,2.9697868053466014,0.00210950630766128,-0.00012291592932924892,-0.00019129700096960116,2.885068643486175e-05
0.01486784368355039,0.01486784368355039,2.9820586516496865,0.002105956130349798,-0.00012331300528778722,-0.0001776439120422686,2.7046326571887904e-05
0.01486784368355039,0.01486784368355039,2.9943304979527716,0.002102852448983498,-0.0001236657900750738,-0.00016398515023539656,2.5187153419259764e-05
0.01486784368355039,0.01486784368355039,3.0066023442558567,0.002099965449472948,-0.0001239751183222241,-0.00015032363541345393,2.3276788977460925e-05
0.01486784368355039,0.01486784368355039,3.018874190558942,0.0020971689329762812,-0.00012424253650222393,-0.0001366615893042775,2.1318878894297836e-05
0.01486784368355039,0.01486784368355039,3.031146036862027,0.002094934703780174,-0.00012447024518103602,-0.00012299624162443376,1.9317129767301046e-05
0.01486784368355039,0.01486784368355039,3.043417883165112,0.0020927004745840663,-0.0001246609981344632,-0.00010933089394459005,1.727534197041034e-05
0.01486784368355039,0.01486784368355039,3.055689729468197,0.002090855464752952,-0.00012481796480459694,-9.566483772552054e-05,1.5197436185246237e-05
0.01486784368355039,0.01486784368355039,3.067961575771282,0.002089265680734947,-0.0001249445646653255,-8.199831689056526e-05,1.3087472213888933e-05
0.01486784368355039,0.01486784368355039,3.0802334220743677,0.002087720140578125,-0.0001250442836260238,-6.833179813091584e-05,1.0949659100293467e-05
0.01486784368355039,0.01486784368355039,3.0925052683774528,0.0020867687322714645,-0.00012512048360073842,-5.4665307239666637e-05,8.788356086373478e-06
0.01486784368355039,0.01486784368355039,3.104777114680538,0.0020858173239648044,-0.00012517621665738705,-4.099881634841742e-05,6.608064460104749e-06
0.01486784368355039,0.01486784368355039,3.117048960983623,0.0020852052521939204,-0.00012521405493891796,-2.7332463900797407e-05,4.413410863750659e-06
0.01486784368355039,0.01486784368355039,3.129320807286708,0.0020848885288893594,-0.00012523594658206757,-1.3666231950410214e-05,2.209123113067028e-06
0.01486784368355039,0.01486784368355039,0.0,0.002084571805584799,-0.0001252431062785296,-2.3026036890225672e-17,0.0
0.01486784368355039,0.01486784368355039,0.01227184630308513,0.0020848885288893624,-0.00012523594658206757,1.3666231950364451e-05,-2.2091231130761314e-06
0.01486784368355039,0.01486784368355039,0.02454369260617026,0.002085205252193926,-0.00012521405493891796,2.7332463900751928e-05,-4.4134108637534046e-06
0.01486784368355039,0.01486784368355039,0.03681553890925539,0.00208581732396481,-0.00012517621665738705,4.0998816348372225e-05,-6.608064460124877e-06
0.01486784368355039,0.01486784368355039,0.04908738521234052,0.0020867687322714667,-0.00012512048360073842,5.466530723962172e-05,-8.788356086373478e-06
0.01486784368355039,0.01486784368355039,0.06135923151542565,0.0020877201405781233,-0.0001250442836260238,6.833179813087121e-05,-1.0949659100333721e-05
0.01486784368355039,0.01486784368355039,0.07363107781851078,0.002089265680734948,-0.00012494456466425984,8.19983168905201e-05,-1.3087472213891767e-05
0.01486784368355039,0.01486784368355039,0.0859029241215959,0.002090855464752955,-0.00012481796480459694,9.566483772547534e-05,-1.5197436185246237e-05
0.01486784368355039,0.01486784368355039,0.09817477042468103,0.0020927004745840702,-0.0001246609981344632,0.00010933089394454478,-1.727534197041034e-05
0.01486784368355039,0.01486784368355039,0.11044661672776616,0.002094934703780175,-0.00012447024518103602,0.00012299624162438838,-1.9317129767284397e-05
0.01486784368355039,0.01486784368355039,0.1227184630308513,0.00209716893297628,-0.00012424253650222393,0.00013666158930423198,-2.1318878894350196e-05
0.01486784368355039,0.01486784368355039,0.1349903093339364,0.002099965449472947,-0.0001239751183222241,0.000150323635413408,-2.3276788977444265e-05
0.01486784368355039,0.01486784368355039,0.14726215563702155,0.0021028524489834976,-0.0001236657900750738,0.00016398515023535024,-2.5187153419302552e-05
0.01486784368355039,0.01486784368355039,0.1595340019401067,0.0021059561303497978,-0.00012331300528778722,0.00017764391204222197,-2.7046326571887904e-05
0.01486784368355039,0.01486784368355039,0.1718058482431918,0.002109506307661278,-0.00012291592932924892,0.00019129700096955448,-2.885068643489887e-05
0.01486784368355039,0.01486784368355039,0.18407769454627693,0.0021130564849727584,-0.00012247445028811462,0.00020495008989688702,-3.059659497023734e-05
0.01486784368355039,0.01486784368355039,0.19634954084936207,0.002117141666774378,-0.00012198914138623578,0.0002185909643461377,-3.2280358326162764e-05
0.01486784368355039,0.01486784368355039,0.2086213871524472,0.002121367287254659,-0.00012146117687365812,0.0002322286324948919,-3.3898189315460586e-05
0.01486784368355039,0.01486784368355039,0.22089323345553233,0.0021257703486565393,-0.00012089220532146332,0.00024585979422761295,-3.5446174445726025e-05
0.01486784368355039,0.01486784368355039,0.23316507975861744,0.002130685258870725,-0.00012028418732735515,0.0002594721874525462,-3.6920247616894056e-05
0.01486784368355039,0.01486784368355039,0.2454369260617026,0.0021356001690849107,-0.00011963920645913676,0.00027308458067747945,-3.831617233701152e-05
0.01486784368355039,0.01486784368355039,0.25770877236478773,0.0021410241910350845,-0.00011895926372705659,0.00028666919687893354,-3.962953390583652e-05
0.01486784368355039,0.01486784368355039,0.2699806186678728,0.00214664348871961,-0.00011824606723436535,0.0003002431588796011,-4.085574259072616e-05
0.01486784368355039,0.01486784368355039,0.28225246497095796,0.002152398298154117,-0.00011750082885640895,0.000313806715275629,-4.199004831198197e-05
0.01486784368355039,0.01486784368355039,0.2945243112740431,0.002158737947772755,-0.00011672407911424252,0.0003273253632726857,-4.302756682329609e-05
0.01486784368355039,0.01486784368355039,0.30679615757712825,0.002165077597391392,-0.00011591551125448551,0.0003408440112697424,-4.3963316862558414e-05
0.01486784368355039,0.01486784368355039,0.3190680038802134,0.0021718986832719627,-0.00011507386305323039,0.000354312784010632,-4.479226725659059e-05
0.01486784368355039,0.01486784368355039,0.3313398501832985,0.0021789750762611342,-0.00011419684351534755,0.00036775510775203895,-4.5509392517083914e-05
0.01486784368355039,0.01486784368355039,0.3436116964863836,0.002186140942457885,-0.0001132811087783786,0.0003811853323912759,-4.6109735111446225e-05
0.01486784368355039,0.01486784368355039,0.35588354278946877,0.0021939704016108535,-0.00011232228877714968,0.00039452582202275125,-4.658847231670867e-05
0.01486784368355039,0.01486784368355039,0.36815538909255385,0.002201799860763822,-0.0001113150638851511,0.0004078663116542266,-4.694098540711719e-05
0.01486784368355039,0.01486784368355039,0.380427235395639,0.0022100784026884007,-0.00011025328746791947,0.0004211295869474937,-4.716292886360684e-05
0.01486784368355039,0.01486784368355039,0.39269908169872414,0.0022186766306537867,-0.00010913014801937504,0.0004343378961016973,-4.7250297358820425e-05
0.01486784368355039,0.01486784368355039,0.4049709280018093,0.002227313633106302,-0.00010793836260391435,0.0004475379053621036,-4.7199488440237536e-05
0.01486784368355039,0.01486784368355039,0.4172427743048944,0.0022366951057117067,-0.00010667039133310007,0.00046057855666160137,-4.7007359075736395e-05
0.01486784368355039,0.01486784368355039,0.4295146206079795,0.002246076578317111,-0.00010531866170679366,0.0004736192079610991,-4.667127460721996e-05
0.01486784368355039,0.01486784368355039,0.44178646691106466,0.0022558677869695936,-0.00010387579143838735,0.0004865525074225095,-4.6189149003918465e-05
0.01486784368355039,0.01486784368355039,0.4540583132141498,0.0022660450930510534,-0.00010233479815278269,0.0004993846484211067,-4.555947579640998e-05
0.01486784368355039,0.01486784368355039,0.4663301595172349,0.002276222399132513,-0.00010068928567628365,0.0005122167894197039,-4.478134950661781e-05
0.01486784368355039,0.01486784368355039,0.47860200582032003,0.00228718957285653,-9.893359796285777e-05,0.0005247990557596081,-4.385447782836361e-05
0.01486784368355039,0.01486784368355039,0.4908738521234052,0.002298172703502619,-9.706293358106766e-05,0.0005373762741266095,-4.277918523192934e-05
0.01486784368355039,0.01486784368355039,0.5031456984264903,0.0023095178217140255,-9.507341618674287e-05,0.0005498167054452088,-4.155640902037732e-05
0.01486784368355039,0.01486784368355039,0.5154175447295755,0.00232131341334005,-9.296211902897824e-05,0.0005620869128813525,-4.0187689152995975e-05
0.01486784368355039,0.01486784368355039,0.5276893910326605,0.0023331090049660747,-9.072704419030391e-05,0.000574357120317496,-3.867515335751901e-05
0.01486784368355039,0.01486784368355039,0.5399612373357456,0.0023456469234983492,-8.836705993767013e-05,0.0005862950232723909,-3.702149914007046e-05
0.01486784368355039,0.01486784368355039,0.5522330836388308,0.002358257460967105,-8.588180202080118e-05,0.0005982004181802071,-3.5229974343299284e-05
0.01486784368355039,0.01486784368355039,0.5645049299419159,0.002371173672934383,-8.327154678501383e-05,0.0006099446796733035,-3.3304357787524256e-05
0.01486784368355039,0.01486784368355039,0.5767767762450011,0.002384596661043948,-8.05370657912715e-05,0.0006214217989262067,-3.1248941388414626e-05
0.01486784368355039,0.01486784368355039,0.5890486225480862,0.002398019649153513,-7.767947219578363e-05,0.0006328989181791099,-2.9068514866166855e-05
0.01486784368355039,0.01486784368355039,0.6013204688511713,0.002412119376929152,-7.470007026722566e-05,0.0006439575605011417,-2.6768353883762075e-05
0.01486784368355039,0.01486784368355039,0.6135923151542565,0.0024263464909948756,-7.160021836346509e-05,0.0006549374306950096,-2.4354212051039516e-05
0.01486784368355039,0.01486784368355039,0.6258641614573416,0.002440815808640387,-6.838121577137403e-05,0.0006657418986099413,-2.1832316905721913e-05
0.01486784368355039,0.01486784368355039,0.6381360077604268,0.002455832037595097,-6.504422123896077e-05,0.0006761502968627597,-1.920936955980632e-05
0.01486784368355039,0.01486784368355039,0.6504078540635119,0.0024708482665498064,-6.159021032524516e-05,0.0006865586951155779,-1.649254734764376e-05
0.01486784368355039,0.01486784368355039,0.662679700366597,0.0024864564996278714,-5.801997516249207e-05,0.0006964646771100637,-1.368950847478527e-05
0.01486784368355039,0.01486784368355039,0.6749515466696822,0.0025022392980243616,-5.43341686060923e-05,0.0007062225107206825,-1.0808397394526652e-05
0.01486784368355039,0.01486784368355039,0.6872233929727672,0.0025181969091136874,-5.053339131143403e-05,0.0007158059235939926,-7.8578494232693e-06
0.01486784368355039,0.01486784368355039,0.6994952392758523,0.002534715377592528,-4.661831825632696e-05,0.0007248297366017715,-4.846992941111821e-06
0.01486784368355039,0.01486784368355039,0.7117670855789375,0.0025512338460713683,-4.258985814902933e-05,0.0007338535496095506,-1.7854475036516482e-06
0.01486784368355039,0.01486784368355039,0.7240389318820226,0.0025682413348815138,-3.8449337507653285e-05,0.0007423000832850307,1.316683820864705e-06
0.01486784368355039,0.01486784368355039,0.7363107781851077,0.0025854554520006613,-3.419869946581971e-05,0.0007505026961158774,4.448829452330126e-06
0.01486784368355039,0.01486784368355039,0.7485826244881929,0.002602778270588003,-2.9840705865596675e-05,0.0007585519172820527,7.599973030714402e-06
0.01486784368355039,0.01486784368355039,0.760854470791278,0.002620638202312305,-2.53791311912145e-05,0.000765843203163969,1.0758687037435187e-05
0.01486784368355039,0.01486784368355039,0.7731263170943632,0.0026384981340366073,-2.0818936625351255e-05,0.0007731344890458855,1.3913177141047364e-05
0.01486784368355039,0.01486784368355039,0.7853981633974483,0.0026567291293864395,-1.6166413607280147e-05,0.0007797899018281794,1.705133778621757e-05
0.01486784368355039,0.01486784368355039,0.7976700097005334,0.0026751746458947815,-1.1429287184074326e-05,0.0007860777004747542,2.016081917791826e-05
0.01486784368355039,0.01486784368355039,0.8099418560036186,0.0026936711045953896,-6.616771592243346e-06,0.0007922569215516095,2.3229105418475233e-05
0.01486784368355039,0.01486784368355039,0.8222137023067037,0.0027126311372456164,-1.7395727017399119e-06,0.0007974480867440162,2.6243603190314448e-05
0.01486784368355039,0.01486784368355039,0.8344855486097889,0.0027315911698958433,3.190165575015965e-06,0.0008026392519364232,2.919174000799254e-05
0.01486784368355039,0.01486784368355039,0.8467573949128739,0.0027507951972459243,8.158971195222248e-06,0.0008071590632299574,3.206107074383504e-05
0.01486784368355039,0.01486784368355039,0.859029241215959,0.002770187571381857,1.31522076191195e-05,0.0008111606364261162,3.4839390802064046e-05
0.01486784368355039,0.01486784368355039,0.8713010875190442,0.002789590015046503,1.815428628418984e-05,0.0008151241578565094,3.751485407993564e-05
0.01486784368355039,0.01486784368355039,0.8835729338221293,0.0028093213966490943,2.3148920573059344e-05,0.0008178446549385555,4.0076093646617256e-05
0.01486784368355039,0.01486784368355039,0.8958447801252144,0.0028290527782516856,2.811941219058371e-05,0.0008205651520206016,4.251234290394245e-05
0.01486784368355039,0.01486784368355039,0.9081166264282996,0.002848900354980501,3.304895934213154e-05,0.0008226075777486275,4.48135548914385e-05
0.01486784368355039,0.01486784368355039,0.9203884727313847,0.002868866450738063,3.79209753409086e-05,0.0008239583706955529,4.6970517341502725e-05
0.01486784368355039,0.01486784368355039,0.9326603190344698,0.0028888325464956257,4.271940591279088e-05,0.0008253091636424782,4.897496111683707e-05
0.01486784368355039,0.01486784368355039,0.944932165337555,0.0029089138467396705,4.742903377006605e-05,0.0008252635186781277,5.0819659658521305e-05
0.01486784368355039,0.01486784368355039,0.9572040116406401,0.0029289998976841894,5.203575986278597e-05,0.0008251602886452709,5.2498517232663415e-05
0.01486784368355039,0.01486784368355039,0.9694758579437253,0.0029490840571288145,5.652685193365996e-05,0.0008244045925793496,5.4006643838859963e-05
0.01486784368355039,0.01486784368355039,0.9817477042468103,0.0029691656652480023,6.0891152754180165e-05,0.0008227688260502252,5.534041488070832e-05
0.01486784368355039,0.01486784368355039,0.9940195505498954,0.00298924727336719,6.511924245864731e-05,0.0008211330595211008,5.649751386587295e-05
0.01486784368355039,0.01486784368355039,1.0062913968529805,0.0030092065498121953,6.920355134273836e-05,0.000818068219991271,5.747695669975814e-05
0.01486784368355039,0.01486784368355039,1.0185632431560658,0.003029150874608134,7.313842194730868e-05,0.0008148287159835771,5.827909640068635e-05
0.01486784368355039,0.01486784368355039,1.030835089459151,0.003048996478315947,7.692012119685324e-05,0.0008109953397949099,5.890560741336915e-05
0.01486784368355039,0.01486784368355039,1.043106935762236,0.0030686638356146453,8.054680541040829e-05,0.0008060896943905961,5.935944902228726e-05
0.01486784368355039,0.01486784368355039,1.055378782065321,0.0030883311929133434,8.4018442695989e-05,0.0008011840489862824,5.964480780780133e-05
0.01486784368355039,0.01486784368355039,1.0676506283684062,0.0031076521939874843,8.733669848622656e-05,0.0007948663197939794,5.9767019436801966e-05
0.01486784368355039,0.01486784368355039,1.0799224746714913,0.003126898081663529,9.050479095838815e-05,0.0007882423555633172,5.973247058547053e-05
0.01486784368355039,0.01486784368355039,1.0921943209745766,0.0031459807871727662,9.352732365784816e-05,0.0007811133542184178,5.9548482211581646e-05
0.01486784368355039,0.01486784368355039,1.1044661672776617,0.0031646583507506194,9.641010253984737e-05,0.0007727304676243787,5.922317584901719e-05
0.01486784368355039,0.01486784368355039,1.1167380135807468,0.003183335914328472,9.915994441054952e-05,0.0007643475810303395,5.876532510885696e-05
0.01486784368355039,0.01486784368355039,1.1290098598838318,0.0032014757366377084,0.00010178448320836443,0.0007546202449862094,5.8184194969547055e-05
0.01486784368355039,0.01486784368355039,1.141281706186917,0.003219438670371742,0.00010429197923592358,0.0007444506558334967,5.7489371914525054e-05
0.01486784368355039,0.01486784368355039,1.1535535524900022,0.0032372149134152093,0.00010669113578937821,0.0007338888771661679,5.669058830337032e-05
0.01486784368355039,0.01486784368355039,1.1658253987930873,0.003254320767160734,0.00010899092594823325,0.0007219187816054456,5.5797544751723414e-05
0.01486784368355039,0.01486784368355039,1.1780972450961724,0.0032714266209062587,0.00011120043132474513,0.0007099486860447234,5.4819734484938694e-05
0.01486784368355039,0.01486784368355039,1.1903690913992575,0.0032878547526683376,0.00011332869329455058,0.0006967493987259255,5.376627382822893e-05
0.01486784368355039,0.01486784368355039,1.2026409377023426,0.003303968578583022,0.00011538457614697333,0.0006829800514613534,5.264574302675567e-05
0.01486784368355039,0.01486784368355039,1.214912784005428,0.0033199167207768115,0.00011737664103506082,0.0006689460697336542,5.1466041533879944e-05
0.01486784368355039,0.01486784368355039,1.227184630308513,0.0033349149429708013,0.00011931302895386306,0.0006533948504173611,5.0234261702930235e-05
0.01486784368355039,0.01486784368355039,1.239456476611598,0.0033499131651647915,0.00012120135075616585,0.0006378436311010678,4.895658449066101e-05
0.01486784368355039,0.01486784368355039,1.2517283229146832,0.003364160081796684,0.00012304858258033494,0.0006212198535455068,4.7638200328775677e-05
0.01486784368355039,0.01486784368355039,1.2640001692177683,0.003377934402994354,0.00012486096514062467,0.0006039214022587935,4.628325771334695e-05
0.01486784368355039,0.01486784368355039,1.2762720155208536,0.0033916047043555907,0.0001266439062315515,0.0005864887710913103,4.48948413839314e-05
0.01486784368355039,0.01486784368355039,1.2885438618239387,0.0034040657751182903,0.00012840188649122704,0.0005674962988098792,4.3474981120310365e-05
0.01486784368355039,0.01486784368355039,1.3008157081270237,0.0034165268458809894,0.00013013836948321938,0.0005485038265284481,4.2024691347549585e-05
0.01486784368355039,0.01486784368355039,1.3130875544301088,0.0034282361058427502,0.0001318557180075784,0.0005286288212277804,4.054404076421854e-05
0.01486784368355039,0.01486784368355039,1.325359400733194,0.003439316578589181,0.0001335551194658214,0.0005080156974019329,3.903225027838879e-05
0.01486784368355039,0.01486784368355039,1.337631247036279,0.003450382952481762,0.00013523652399452602,0.0004873874725158368,3.748781659328853e-05
0.01486784368355039,0.01486784368355039,1.3499030933393643,0.0034600394409893993,0.00013689859930964351,0.00046524914160488173,3.5908657888339064e-05
0.01486784368355039,0.01486784368355039,1.3621749396424494,0.0034696959294970367,0.00013853870673877146,0.00044311081069392706,3.4292277242380444e-05
0.01486784368355039,0.01486784368355039,1.3744467859455345,0.003478666593995159,0.00014015290268574453,0.0004203045147892455,3.263593875930306e-05
0.01486784368355039,0.01486784368355039,1.3867186322486196,0.003486879994482776,0.00014173596930129037,0.0003967606742039906,3.0936850833298005e-05
0.01486784368355039,0.01486784368355039,1.3989904785517047,0.0034950933949703927,0.00014328147764479293,0.0003732168336187357,2.9192350619013892e-05
0.01486784368355039,0.01486784368355039,1.41126232485479,0.003501952583426567,0.0001447818851587419,0.00034848842163076225,2.7400083638548824e-05
0.01486784368355039,0.01486784368355039,1.423534171157875,0.003508726242701808,0.00014622866834254587,0.00032368519460682804,2.5558172492941326e-05
0.01486784368355039,0.01486784368355039,1.4358060174609601,0.003514924176687767,0.00014761248976666967,0.00029844144417541616,2.366536893630478e-05
0.01486784368355039,0.01486784368355039,1.4480778637640452,0.003520279585860143,0.00014892339698185093,0.0002725530253428175,2.1721184048562727e-05
0.01486784368355039,0.01486784368355039,1.4603497100671303,0.0035256349950325188,0.00015015104929433476,0.00024666460651021885,1.972599193218411e-05
0.01486784368355039,0.01486784368355039,1.4726215563702154,0.003529783402187157,0.00015128496673701863,0.00022000721975037554,1.7681103232578365e-05
0.01486784368355039,0.01486784368355039,1.4848934026733007,0.0035337535022255387,0.000152314794246938,0.00019323623545582517,1.558880579642336e-05
0.01486784368355039,0.01486784368355039,1.4971652489763858,0.0035372693780439148,0.00015323057289772144,0.00016624533687621944,1.3452370921510604e-05
0.01486784368355039,0.01486784368355039,1.509437095279471,0.0035398901649581625,0.00015402300916635326,0.00013882107779370953,1.1276024860798233e-05
0.01486784368355039,0.01486784368355039,1.521708941582556,0.0035425109518724108,0.00015468373306471128,0.0001113968187111996,9.064886482911842e-06
0.01486784368355039,0.01486784368355039,1.533980787885641,0.0035440739119682704,0.00015520553566412759,8.365028266207987e-05,6.8248732082640785e-06
0.01486784368355039,0.01486784368355039,1.5462526341887264,0.0035453756802571205,0.00015558257733093867,5.58241720533029e-05,4.5625784961153e-06
0.01486784368355039,0.01486784368355039,1.5585244804918115,0.003546329451082615,0.00015581055870223816,2.7961790565107338e-05,2.285125200966194e-06
0.01486784368355039,0.01486784368355039,1.5707963267948966,0.0035463294510826157,0.0001558868478720672,-1.4629465157783876e-17,1.1408408765490554e-20
0.01486784368355039,0.01486784368355039,1.5830681730979816,0.0035463294510826165,0.00015581055870223816,-2.7961790565136594e-05,-2.285125200966194e-06
0.01486784368355039,0.01486784368355039,1.5953400194010667,0.003545375680257123,0.00015558257733093867,-5.5824172053330885e-05,-4.562578496109119e-06
0.01486784368355039,0.01486784368355039,1.607611865704152,0.003544073911968274,0.00015520553566412759,-8.365028266210612e-05,-6.8248732082837026e-06
0.01486784368355039,0.01486784368355039,1.6198837120072371,0.003542510951872415,0.00015468373306471128,-0.00011139681871122467,-9.064886482907358e-06
0.01486784368355039,0.01486784368355039,1.6321555583103222,0.0035398901649581673,0.00015402300916635326,-0.00013882107779373556,-1.127602486078038e-05
0.01486784368355039,0.01486784368355039,1.6444274046134073,0.003537269378043919,0.00015323057289772144,-0.00016624533687624647,-1.3452370921510604e-05
0.01486784368355039,0.01486784368355039,1.6566992509164924,0.003533753502225543,0.000152314794246938,-0.00019323623545585306,-1.558880579642336e-05
0.01486784368355039,0.01486784368355039,1.6689710972195777,0.0035297834021871615,0.00015128496673701863,-0.00022000721975040424,-1.7681103232595018e-05
0.01486784368355039,0.01486784368355039,1.6812429435226628,0.003525634995032523,0.00015015104929319217,-0.0002466646065102483,-1.9725991932236465e-05
0.01486784368355039,0.01486784368355039,1.6935147898257479,0.0035202795858601476,0.00014892339698185093,-0.0002725530253428473,-2.172118404857938e-05
0.01486784368355039,0.01486784368355039,1.705786636128833,0.0035149241766877716,0.00014761248976576883,-0.0002984414441754463,-2.366536893634758e-05
0.01486784368355039,0.01486784368355039,1.718058482431918,0.0035087262427018137,0.00014622866834254587,-0.0003236851946068578,-2.5558172492941326e-05
0.01486784368355039,0.01486784368355039,1.7303303287350031,0.0035019525834265753,0.0001447818851587419,-0.0003484884216307912,-2.740008363862732e-05
0.01486784368355039,0.01486784368355039,1.7426021750380885,0.003495093394970403,0.00014328147764389212,-0.00037321683361876386,-2.91923506190496e-05
0.01486784368355039,0.01486784368355039,1.7548740213411735,0.0034868799944827856,0.00014173596930129037,-0.00039676067420401875,-3.093685083345499e-05
0.01486784368355039,0.01486784368355039,1.7671458676442586,0.0034786665939951686,0.00014015290268574453,-0.0004203045147892736,-3.263593875930306e-05
0.01486784368355039,0.01486784368355039,1.7794177139473437,0.0034696959294970467,0.00013853870673798027,-0.0004431108106939558,-3.429227724243273e-05
0.01486784368355039,0.01486784368355039,1.7916895602504288,0.0034600394409894115,0.00013689859930850093,-0.00046524914160491176,-3.59086578883734e-05
0.01486784368355039,0.01486784368355039,1.8039614065535141,0.0034503829524817763,0.00013523652399452602,-0.0004873874725158681,-3.748781659341222e-05
0.01486784368355039,0.01486784368355039,1.8162332528565992,0.003439316578589198,0.0001335551194649849,-0.000508015697401964,-3.9032250278527844e-05
0.01486784368355039,0.01486784368355039,1.8285050991596843,0.0034282361058427697,0.0001318557180064358,-0.0005286288212278112,-4.0544040764252864e-05
0.01486784368355039,0.01486784368355039,1.8407769454627694,0.0034165268458810124,0.00013013836948207676,-0.0005485038265284791,-4.202469134742188e-05
0.01486784368355039,0.01486784368355039,1.8530487917658545,0.0034040657751183167,0.00012840188649122704,-0.0005674962988099111,-4.347498112023895e-05
0.01486784368355039,0.01486784368355039,1.8653206380689396,0.003391604704355621,0.00012664390623126452,-0.000586488771091343,-4.48948413839314e-05
0.01486784368355039,0.01486784368355039,1.8775924843720249,0.0033779344029943857,0.00012486096514062467,-0.0006039214022588272,-4.6283257713294685e-05
0.01486784368355039,0.01486784368355039,1.88986433067511,0.0033641600817967167,0.00012304858258033494,-0.0006212198535455412,-4.763820032866815e-05
0.01486784368355039,0.01486784368355039,1.902136176978195,0.003349913165164826,0.00012120135075526494,-0.000637843631101103,-4.89565844907617e-05
0.01486784368355039,0.01486784368355039,1.9144080232812801,0.0033349149429708386,0.00011931302895386306,-0.0006533948504173972,-5.023426170295218e-05
0.01486784368355039,0.01486784368355039,1.9266798695843652,0.0033199167207768514,0.00011737664103362714,-0.0006689460697336912,-5.146604153386862e-05
0.01486784368355039,0.01486784368355039,1.9389517158874505,0.003303968578583062,0.00011538457614529793,-0.0006829800514613912,-5.2645743026790006e-05
0.01486784368355039,0.01486784368355039,1.9512235621905356,0.0032878547526683775,0.00011332869329490197,-0.0006967493987259638,-5.376627382822893e-05
0.01486784368355039,0.01486784368355039,1.9634954084936207,0.0032714266209062978,0.00011120043132553636,-0.0007099486860447622,-5.4819734485061345e-05
0.01486784368355039,0.01486784368355039,1.9757672547967058,0.003254320767160773,0.00010899092594823325,-0.0007219187816054845,-5.5797544751723414e-05
0.01486784368355039,0.01486784368355039,1.9880391010997909,0.0032372149134152484,0.0001066911357890912,-0.000733888877166207,-5.6690588303541476e-05
0.01486784368355039,0.01486784368355039,2.000310947402876,0.0032194386703717796,0.00010429197923796703,-0.0007444506558335357,-5.7489371914839045e-05
0.01486784368355039,0.01486784368355039,2.012582793705961,0.0032014757366377444,0.00010178448320717661,-0.0007546202449862484,-5.8184194969547055e-05
0.01486784368355039,0.01486784368355039,2.024854640009046,0.0031833359143285072,9.915994441054952e-05,-0.0007643475810303787,-5.876532510874436e-05
0.01486784368355039,0.01486784368355039,2.0371264863121317,0.0031646583507506554,9.641010253984737e-05,-0.0007727304676244186,-5.922317584905307e-05
0.01486784368355039,0.01486784368355039,2.0493983326152168,0.003145980787172804,9.352732365784816e-05,-0.000781113354218458,-5.9548482211617526e-05
0.01486784368355039,0.01486784368355039,2.061670178918302,0.003126898081663567,9.05047909574873e-05,-0.0007882423555633574,-5.9732470585573e-05
0.01486784368355039,0.01486784368355039,2.073942025221387,0.0031076521939875216,8.733669848629095e-05,-0.0007948663197940199,-5.9767019436667186e-05
0.01486784368355039,0.01486784368355039,2.086213871524472,0.00308833119291338,8.4018442695989e-05,-0.0008011840489863233,-5.964480780773265e-05
0.01486784368355039,0.01486784368355039,2.098485717827557,0.0030686638356146826,8.054680541075968e-05,-0.0008060896943906379,-5.9359449022502345e-05
0.01486784368355039,0.01486784368355039,2.110757564130642,0.0030489964783159853,7.692012119720463e-05,-0.0008109953397949526,-5.890560741323438e-05
0.01486784368355039,0.01486784368355039,2.1230294104337273,0.003029150874608173,7.313842194730868e-05,-0.0008148287159836202,-5.827909640032844e-05
0.01486784368355039,0.01486784368355039,2.1353012567368124,0.003009206549812236,6.920355134273836e-05,-0.000818068219991314,-5.747695669975814e-05
0.01486784368355039,0.01486784368355039,2.1475731030398975,0.0029892472733672316,6.511924245899873e-05,-0.0008211330595211439,-5.649751386587295e-05
0.01486784368355039,0.01486784368355039,2.1598449493429825,0.0029691656652480417,6.089115275310198e-05,-0.000822768826050269,-5.534041488039434e-05
0.01486784368355039,0.01486784368355039,2.172116795646068,0.0029490840571288514,5.652685193114808e-05,-0.000824404592579394,-5.400664383854597e-05
0.01486784368355039,0.01486784368355039,2.184388641949153,0.002928999897684225,5.203575986278597e-05,-0.0008251602886453157,-5.2498517232663415e-05
0.01486784368355039,0.01486784368355039,2.1966604882522383,0.0029089138467397056,4.7429033768923465e-05,-0.0008252635186781728,-5.0819659658521305e-05
0.01486784368355039,0.01486784368355039,2.2089323345553233,0.0028888325464956595,4.2719405911890026e-05,-0.0008253091636425237,-4.897496111684512e-05
0.01486784368355039,0.01486784368355039,2.2212041808584084,0.002868866450738098,3.79209753409086e-05,-0.0008239583706955982,-4.6970517341502725e-05
0.01486784368355039,0.01486784368355039,2.2334760271614935,0.0028489003549805364,3.304895934248293e-05,-0.0008226075777486727,-4.48135548914385e-05
0.01486784368355039,0.01486784368355039,2.2457478734645786,0.0028290527782517216,2.811941219058371e-05,-0.0008205651520206469,-4.2512342904047024e-05
0.01486784368355039,0.01486784368355039,2.2580197197676637,0.00280932139664913,2.3148920572877923e-05,-0.0008178446549386012,-4.007609364650465e-05
0.01486784368355039,0.01486784368355039,2.270291566070749,0.0027895900150465376,1.8154286285009665e-05,-0.0008151241578565554,-3.7514854079836734e-05
0.01486784368355039,0.01486784368355039,2.282563412373834,0.0027701875713818922,1.3152207618651064e-05,-0.0008111606364261623,-3.4839390802311434e-05
0.01486784368355039,0.01486784368355039,2.2948352586769194,0.002750795197245959,8.158971196364828e-06,-0.0008071590632300033,-3.206107074393395e-05
0.01486784368355039,0.01486784368355039,2.3071071049800045,0.002731591169895878,3.190165575015965e-06,-0.0008026392519364696,-2.919174000799254e-05
0.01486784368355039,0.01486784368355039,2.3193789512830896,0.0027126311372456502,-1.7395727017399119e-06,-0.000797448086744064,-2.6243603190314448e-05
0.01486784368355039,0.01486784368355039,2.3316507975861747,0.002693671104595423,-6.616771592243346e-06,-0.0007922569215516585,-2.3229105418475233e-05
0.01486784368355039,0.01486784368355039,2.3439226438892597,0.0026751746458948127,-1.1429287184074326e-05,-0.0007860777004748022,-2.016081917791826e-05
0.01486784368355039,0.01486784368355039,2.356194490192345,0.0026567291293864677,-1.6166413607280147e-05,-0.000779789901828226,-1.705133778621757e-05
0.01486784368355039,0.01486784368355039,2.36846633649543,0.002638498134036633,-2.0818936620327513e-05,-0.0007731344890459311,-1.3913177141047364e-05
0.01486784368355039,0.01486784368355039,2.380738182798515,0.0026206382023123294,-2.53791311912145e-05,-0.0007658432031640146,-1.0758687037435187e-05
0.01486784368355039,0.01486784368355039,2.3930100291016,0.0026027782705880255,-2.9840705866662323e-05,-0.0007585519172820979,-7.599973030714402e-06
0.01486784368355039,0.01486784368355039,2.405281875404685,0.002585455452000683,-3.4198699467621424e-05,-0.0007505026961159228,-4.44882945237405e-06
0.01486784368355039,0.01486784368355039,2.4175537217077703,0.002568241334881535,-3.8449337505005284e-05,-0.0007423000832850763,-1.3166838209636029e-06
0.01486784368355039,0.01486784368355039,2.429825568010856,0.0025512338460713883,-4.258985814494245e-05,-0.0007338535496095964,1.7854475034042663e-06
0.01486784368355039,0.01486784368355039,2.442097414313941,0.0025347153775925474,-4.661831825632696e-05,-0.0007248297366018181,4.846992941111821e-06
0.01486784368355039,0.01486784368355039,2.454369260617026,0.0025181969091137065,-5.053339131143403e-05,-0.0007158059235940399,7.8578494232693e-06
0.01486784368355039,0.01486784368355039,2.466641106920111,0.002502239298024381,-5.43341686060923e-05,-0.0007062225107207299,1.0808397394526652e-05
0.01486784368355039,0.01486784368355039,2.478912953223196,0.0024864564996278913,-5.8019975164777224e-05,-0.0006964646771101113,1.368950847478527e-05
0.01486784368355039,0.01486784368355039,2.4911847995262812,0.0024708482665498264,-6.159021032524516e-05,-0.0006865586951156255,1.649254734795774e-05
0.01486784368355039,0.01486784368355039,2.5034566458293663,0.0024558320375951165,-6.504422123896077e-05,-0.0006761502968628075,1.920936955981437e-05
0.01486784368355039,0.01486784368355039,2.5157284921324514,0.002440815808640406,-6.838121577173686e-05,-0.0006657418986099896,2.1832316905609306e-05
0.01486784368355039,0.01486784368355039,2.5280003384355365,0.002426346490994894,-7.16002183627623e-05,-0.0006549374306950579,2.4354212051039516e-05
0.01486784368355039,0.01486784368355039,2.5402721847386216,0.002412119376929169,-7.47000702675885e-05,-0.0006439575605011901,2.6768353883927576e-05
0.01486784368355039,0.01486784368355039,2.552544031041707,0.002398019649153529,-7.767947219578363e-05,-0.0006328989181791577,2.9068514866166855e-05
0.01486784368355039,0.01486784368355039,2.564815877344792,0.002384596661043965,-8.05370657912715e-05,-0.0006214217989262543,3.1248941388414626e-05
0.01486784368355039,0.01486784368355039,2.5770877236478773,0.002371173672934401,-8.327154678729899e-05,-0.0006099446796733508,3.3304357787524256e-05
0.01486784368355039,0.01486784368355039,2.5893595699509624,0.002358257460967123,-8.588180202080118e-05,-0.0005982004181802544,3.5229974343299284e-05
0.01486784368355039,0.01486784368355039,2.6016314162540475,0.002345646923498366,-8.836705993824415e-05,-0.0005862950232724387,3.7021499139935686e-05
0.01486784368355039,0.01486784368355039,2.6139032625571326,0.002333109004966091,-9.072704419030391e-05,-0.0005743571203175441,3.86751533577341e-05
0.01486784368355039,0.01486784368355039,2.6261751088602177,0.002321313413340065,-9.296211902897824e-05,-0.0005620869128814002,4.0187689153309946e-05
0.01486784368355039,0.01486784368355039,2.6384469551633027,0.0023095178217140393,-9.507341618674287e-05,-0.0005498167054452562,4.1556409020242555e-05
0.01486784368355039,0.01486784368355039,2.650718801466388,0.0022981727035026314,-9.706293358036486e-05,-0.0005373762741266569,4.277918523203182e-05
0.01486784368355039,0.01486784368355039,2.662990647769473,0.0022871895728565415,-9.893359796285777e-05,-0.0005247990557596561,4.385447782868564e-05
0.01486784368355039,0.01486784368355039,2.675262494072558,0.002276222399132523,-0.00010068928567306163,-0.0005122167894197522,4.478134950661781e-05
0.01486784368355039,0.01486784368355039,2.6875343403756435,0.002266045093051063,-0.00010233479815171705,-0.0004993846484211547,4.555947579640998e-05
0.01486784368355039,0.01486784368355039,2.6998061866787286,0.0022558677869696027,-0.0001038757914373217,-0.00048655250742255765,4.6189149003706964e-05
0.01486784368355039,0.01486784368355039,2.7120780329818137,0.0022460765783171204,-0.00010531866170679366,-0.0004736192079611472,4.6671274607153356e-05
0.01486784368355039,0.01486784368355039,2.724349879284899,0.0022366951057117166,-0.00010667039133310007,-0.0004605785566616492,4.7007359075736395e-05
0.01486784368355039,0.01486784368355039,2.736621725587984,0.0022273136331063133,-0.00010793836260321156,-0.0004475379053621511,4.719948844013864e-05
0.01486784368355039,0.01486784368355039,2.748893571891069,0.002218676630653797,-0.00010913014801937504,-0.00043433789610174546,4.7250297358820425e-05
0.01486784368355039,0.01486784368355039,2.761165418194154,0.0022100784026884103,-0.00011025328746791947,-0.0004211295869475425,4.7162928863641195e-05
0.01486784368355039,0.01486784368355039,2.773437264497239,0.002201799860763831,-0.0001113150638869528,-0.00040786631165427574,4.69409854069602e-05
0.01486784368355039,0.01486784368355039,2.7857091108003242,0.0021939704016108617,-0.00011232228877212593,-0.00039452582202280026,4.6588472316720005e-05
0.01486784368355039,0.01486784368355039,2.7979809571034093,0.002186140942457893,-0.0001132811087783786,-0.0003811853323913248,4.610973511151385e-05
0.01486784368355039,0.01486784368355039,2.8102528034064944,0.0021789750762611433,-0.00011419684351592156,-0.000367755107752088,4.550939251711722e-05
0.01486784368355039,0.01486784368355039,2.82252464970958,0.0021718986832719735,-0.00011507386305323039,-0.00035431278401068067,4.4792267256541144e-05
0.01486784368355039,0.01486784368355039,2.834796496012665,0.0021650775973914038,-0.00011591551125448551,-0.0003408440112697914,4.3963316862524065e-05
0.01486784368355039,0.01486784368355039,2.84706834231575,0.0021587379477727656,-0.00011672407911424252,-0.0003273253632727353,4.302756682329609e-05
0.01486784368355039,0.01486784368355039,2.859340188618835,0.002152398298154127,-0.00011750082885640895,-0.0003138067152756792,4.199004831205339e-05
0.01486784368355039,0.01486784368355039,2.8716120349219203,0.0021466434887196196,-0.00011824606723436535,-0.000300243158879651,4.085574259073018e-05
0.01486784368355039,0.01486784368355039,2.8838838812250054,0.0021410241910350936,-0.00011895926372260689,-0.0002866691968789828,3.962953390583652e-05
0.01486784368355039,0.01486784368355039,2.8961557275280905,0.0021356001690849193,-0.00011963920645913676,-0.0002730845806775282,3.831617233698956e-05
0.01486784368355039,0.01486784368355039,2.9084275738311756,0.0021306852588707337,-0.00012028418733144203,-0.0002594721874525944,3.692024761689807e-05
0.01486784368355039,0.01486784368355039,2.9206994201342606,0.0021257703486565476,-0.00012089220532146332,-0.00024585979422766065,3.5446174445691696e-05
0.01486784368355039,0.01486784368355039,2.9329712664373457,0.002121367287254666,-0.00012146117687423212,-0.00023222863249493933,3.3898189315460586e-05
0.01486784368355039,0.01486784368355039,2.945243112740431,0.002117141666774383,-0.00012198914138623578,-0.00021859096434618502,3.2280358326106447e-05
0.01486784368355039,0.01486784368355039,2.9575149590435164,0.0021130564849727615,-0.00012247445028811462,-0.00020495008989693375,3.059659497025528e-05
0.01486784368355039,0.01486784368355039,2.9697868053466014,0.00210950630766128,-0.00012291592932924892,-0.00019129700096960116,2.885068643486175e-05
0.01486784368355039,0.01486784368355039,2.9820586516496865,0.002105956130349798,-0.00012331300528778722,-0.0001776439120422686,2.7046326571887904e-05
0.01486784368355039,0.01486784368355039,2.9943304979527716,0.002102852448983498,-0.0001236657900750738,-0.00016398515023539656,2.5187153419259764e-05
0.01486784368355039,0.01486784368355039,3.0066023442558567,0.002099965449472948,-0.0001239751183222241,-0.00015032363541345393,2.3276788977460925e-05
0.01486784368355039,0.01486784368355039,3.018874190558942,0.0020971689329762812,-0.00012424253650222393,-0.0001366615893042775,2.1318878894297836e-05
0.01486784368355039,0.01486784368355039,3.031146036862027,0.002094934703780174,-0.00012447024518103602,-0.00012299624162443376,1.9317129767301046e-05
0.01486784368355039,0.01486784368355039,3.043417883165112,0.0020927004745840663,-0.0001246609981344632,-0.00010933089394459005,1.727534197041034e-05
0.01486784368355039,0.01486784368355039,3.055689729468197,0.002090855464752952,-0.00012481796480459694,-9.566483772552054e-05,1.5197436185246237e-05
0.01486784368355039,0.01486784368355039,3.067961575771282,0.002089265680734947,-0.0001249445646653255,-8.199831689056526e-05,1.3087472213888933e-05
0.01486784368355039,0.01486784368355039,3.0802334220743677,0.002087720140578125,-0.0001250442836260238,-6.833179813091584e-05,1.0949659100293467e-05
0.01486784368355039,0.01486784368355039,3.0925052683774528,0.0020867687322714645,-0.00012512048360073842,-5.4665307239666637e-05,8.788356086373478e-06
0.01486784368355039,0.01486784368355039,3.104777114680538,0.0020858173239648044,-0.00012517621665738705,-4.099881634841742e-05,6.608064460104749e-06
0.01486784368355039,0.01486784368355039,3.117048960983623,0.0020852052521939204,-0.00012521405493891796,-2.7332463900797407e-05,4.413410863750659e-06
0.01486784368355039,0.01486784368355039,3.129320807286708,0.0020848885288893594,-0.00012523594658206757,-1.3666231950410214e-05,2.209123113067028e-06
0.01781148964129694,0.01781148964129694,0.0,0.0029917229433145216,-0.00023037348617413928,-3.4717316315965895e-17,0.0
0.01781148964129694,0.01781148964129694,0.01227184630308513,0.0029921774963188397,-0.00023036485174532837,1.961341871986509e-05,-3.1507086637260664e-06
0.01781148964129694,0.01781148964129694,0.02454369260617026,0.002992632049323158,-0.00023033813724244957,3.92268374397649e-05,-6.285998725261631e-06
0.01781148964129694,0.01781148964129694,0.03681553890925539,0.0029935104787229046,-0.0002302909408222568,5.884042909414221e-05,-9.390563548969543e-06
0.01781148964129694,0.01781148964129694,0.04908738521234052,0.002994875915045059,-0.00023021936338117897,7.84542194391958e-05,-1.2449316583414185e-05
0.01781148964129694,0.01781148964129694,0.06135923151542565,0.0029962413513672133,-0.00023011815820435751,9.806800978424938e-05,-1.5447491982342896e-05
0.01781148964129694,0.01781148964129694,0.07363107781851078,0.002998459470184036,-0.00022998092861956613,0.00011768184012530095,-1.8370734470571468e-05
0.01781148964129694,0.01781148964129694,0.0859029241215959,0.003000741086633441,-0.00022980036259941466,0.00013729567344477792,-2.1205175761821612e-05
0.01781148964129694,0.01781148964129694,0.09817477042468103,0.0030033889964956,-0.00022956849104874974,0.00015690883995968542,-2.39374955283391e-05
0.01781148964129694,0.01781148964129694,0.11044661672776616,0.0030065955038122115,-0.0002292769554731376,0.00017652098959762446,-2.6554965734554653e-05
0.01781148964129694,0.01781148964129694,0.1227184630308513,0.003009802011128823,-0.00022891727045793887,0.0001961331392355635,-2.9045477997367667e-05
0.01781148964129694,0.01781148964129694,0.1349903093339364,0.003013815498475251,-0.00022848106643637037,0.00021574055054561744,-3.1397554528108874e-05
0.01781148964129694,0.01781148964129694,0.14726215563702155,0.003017958844677052,-0.00022796030001369637,0.00023534719936612667,-3.3600344039691596e-05
0.01781148964129694,0.01781148964129694,0.1595340019401067,0.0030224131670119414,-0.00022734742091522932,0.00025494989713139877,-3.5643604780408036e-05
0.01781148964129694,0.01781148964129694,0.1718058482431918,0.003027508288651376,-0.0002266354872257879,0.0002745444533283033,-3.751767750079876e-05
0.01781148964129694,0.01781148964129694,0.18407769454627693,0.003032603410290811,-0.00022581822428110156,0.0002941390095252078,-3.921345165876472e-05
0.01781148964129694,0.01781148964129694,0.19634954084936207,0.0030384663563839966,-0.00022489002536560455,0.00031371603582258087,-4.0722328486070024e-05
0.01781148964129694,0.01781148964129694,0.2086213871524472,0.0030445308563962913,-0.00022384589675456443,0.0003332884605213269,-4.2036184663094734e-05
0.01781148964129694,0.01781148964129694,0.22089323345553233,0.0030508500149791415,-0.00022268135221352933,0.0003528515473819266,-4.314734026946428e-05
0.01781148964129694,0.01781148964129694,0.23316507975861744,0.0030579037655924404,-0.00022139226598997822,0.0003723876981709505,-4.404853441527345e-05
0.01781148964129694,0.01781148964129694,0.2454369260617026,0.0030649575162057393,-0.00021997469531219655,0.00039192384895997434,-4.4732911466885574e-05
0.01781148964129694,0.01781148964129694,0.25770877236478773,0.003072741930669133,-0.000218424685882752,0.0004114201348912767,-4.5194020216236144e-05
0.01781148964129694,0.01781148964129694,0.2699806186678728,0.0030808065997599606,-0.00021673807457710858,0.0004309011301922201,-4.542582754781479e-05
0.01781148964129694,0.01781148964129694,0.28225246497095796,0.003089065751770696,-0.00021491030396672634,0.00045036719164149376,-4.542274736685016e-05
0.01781148964129694,0.01781148964129694,0.2945243112740431,0.0030981642511199816,-0.00021293626304387712,0.00046976880173092944,-4.5179684658842345e-05
0.01781148964129694,0.01781148964129694,0.30679615757712825,0.003107262750469267,-0.00021081016653306059,0.0004891704118203652,-4.4692093691612714e-05
0.01781148964129694,0.01781148964129694,0.3190680038802134,0.0031170521945520033,-0.00020852548341750805,0.0005085004422463999,-4.395604854187834e-05
0.01781148964129694,0.01781148964129694,0.3313398501832985,0.00312720804872066,-0.00020607492238441987,0.000527792513760025,-4.296832341020997e-05
0.01781148964129694,0.01781148964129694,0.3436116964863836,0.00313749231249709,-0.00020345047841766007,0.0005470672209586102,-4.172647956217524e-05
0.01781148964129694,0.01781148964129694,0.35588354278946877,0.0031487289475311646,-0.00020064354161675936,0.0005662131428206483,-4.022895531668655e-05
0.01781148964129694,0.01781148964129694,0.36815538909255385,0.0031599655825652394,-0.00019764506490876763,0.0005853590646826863,-3.847515522159374e-05
0.01781148964129694,0.01781148964129694,0.380427235395639,0.003171846729449506,-0.0001944457847968717,0.0006043941705457019,-3.64655344926244e-05
0.01781148964129694,0.01781148964129694,0.39269908169872414,0.0031841866813796717,-0.0001910364851883609,0.0006233503904433114,-3.4201674934440815e-05
0.01781148964129694,0.01781148964129694,0.4049709280018093,0.003196582281439803,-0.0001874082923208589,0.0006422946985503873,-3.168634885137008e-05
0.01781148964129694,0.01781148964129694,0.4172427743048944,0.003210046325595284,-0.00018355298651065883,0.0006610103002792168,-2.8923567980242433e-05
0.01781148964129694,0.01781148964129694,0.4295146206079795,0.003223510369750765,-0.00017946331533636998,0.0006797259020080463,-2.591861506384954e-05
0.01781148964129694,0.01781148964129694,0.44178646691106466,0.0032375624563663148,-0.00017513329288181164,0.0006982874351861294,-2.2678056495316782e-05
0.01781148964129694,0.01781148964129694,0.4540583132141498,0.003252168659915392,-0.0001705584697451105,0.0007167037883837015,-1.9209735186616177e-05
0.01781148964129694,0.01781148964129694,0.4663301595172349,0.0032667748634644693,-0.00016573616020813914,0.0007351201415812734,-1.5522743745483567e-05
0.01781148964129694,0.01781148964129694,0.47860200582032003,0.003282514664398913,-0.000160665615527689,0.0007531778812029726,-1.1627378807024984e-05
0.01781148964129694,0.01781148964129694,0.4908738521234052,0.0032982773662906363,-0.00015534813448026365,0.0007712283761059672,-7.535078150099423e-06
0.01781148964129694,0.01781148964129694,0.5031456984264903,0.003314559583270041,-0.0001497871061134745,0.00078908255781411,-3.2583429200769543e-06
0.01781148964129694,0.01781148964129694,0.5154175447295755,0.0033314883079141157,-0.0001439879833969564,0.0008066924386575485,1.1893522352782605e-06
0.01781148964129694,0.01781148964129694,0.5276893910326605,0.00334841703255819,-0.00013795818966918914,0.0008243023195009868,5.7936578966833225e-06
0.01781148964129694,0.01781148964129694,0.5399612373357456,0.0033664111253660844,-0.0001317069638808666,0.0008414352856427796,1.05394540669743e-05
0.01781148964129694,0.01781148964129694,0.5522330836388308,0.0033845094389726134,-0.00012524515359081767,0.0008585215970854986,1.5410956413863925e-05
0.01781148964129694,0.01781148964129694,0.5645049299419159,0.003403046448625959,-0.00011858496735052511,0.0008753766540650898,2.0391821314342205e-05
0.01781148964129694,0.01781148964129694,0.5767767762450011,0.003422310770146396,-0.0001117397006233392,0.000891848315487391,2.546524680597028e-05
0.01781148964129694,0.01781148964129694,0.5890486225480862,0.0034415750916668326,-0.00010472344974764407,0.000908319976909692,3.061406701920498e-05
0.01781148964129694,0.01781148964129694,0.6013204688511713,0.0034618106522591122,-9.755082969779914e-05,0.0009241910511840802,3.58208383156263e-05
0.01781148964129694,0.01781148964129694,0.6135923151542565,0.003482229034323739,-9.023671027020078e-05,0.0009399490737600378,4.1067916044323056e-05
0.01781148964129694,0.01781148964129694,0.6258641614573416,0.0035029950206323943,-8.279598445102181e-05,0.0009554553635720787,4.63375215531863e-05
0.01781148964129694,0.01781148964129694,0.6381360077604268,0.0035245459197501467,-7.524337970914993e-05,0.0009703932245623726,5.161179989866796e-05
0.01781148964129694,0.01781148964129694,0.6504078540635119,0.003546096818867899,-6.759332131839817e-05,0.0009853310855526662,5.687286937421842e-05
0.01781148964129694,0.01781148964129694,0.662679700366597,0.0035684973468224383,-5.985985245805975e-05,0.0009995478918673089,6.210286462101061e-05
0.01781148964129694,0.01781148964129694,0.6749515466696822,0.0035911484063570562,-5.205661268927184e-05,0.0010135520794955417,6.728397563311351e-05
0.01781148964129694,0.01781148964129694,0.6872233929727672,0.0036140503524970374,-4.41968728232228e-05,0.0010273059430427342,7.239848531120769e-05
0.01781148964129694,0.01781148964129694,0.6994952392758523,0.003637757226495893,-3.6293620266468416e-05,0.001040256683496589,7.742880846971345e-05
0.01781148964129694,0.01781148964129694,0.7117670855789375,0.003661464100494749,-2.8359685982665532e-05,0.0010532074239504438,8.235753519002523e-05
0.01781148964129694,0.01781148964129694,0.7240389318820226,0.003685872803685092,-2.0407901378216377e-05,0.0010653296682025784,8.716748130026935e-05
0.01781148964129694,0.01781148964129694,0.7363107781851077,0.0037105780544211342,-1.2451271256937888e-05,0.0010771018436370847,9.184174838375718e-05
0.01781148964129694,0.01781148964129694,0.7485826244881929,0.003735439310661759,-4.503148090355891e-06,0.001088653875365684,9.63637952345478e-05
0.01781148964129694,0.01781148964129694,0.760854470791278,0.003761071417630909,3.4226080745267104e-06,0.0010991181381945073,0.0001007175220443469
0.01781148964129694,0.01781148964129694,0.7731263170943632,0.0037867035246000593,1.1311498578092981e-05,0.0011095824010233309,0.00010488736781589748
0.01781148964129694,0.01781148964129694,0.7853981633974483,0.003812868172381167,1.914829758905747e-05,0.001119134075407813,0.00010885842068633933
0.01781148964129694,0.01781148964129694,0.7976700097005334,0.003839340695319188,2.6917017236338045e-05,0.0011281581595979104,0.0001126165399808467
0.01781148964129694,0.01781148964129694,0.8099418560036186,0.0038658863291593983,3.46009346765033e-05,0.0011370264160992763,0.00011614848793772808
0.01781148964129694,0.01781148964129694,0.8222137023067037,0.0038930972722095287,4.218268615728116e-05,0.0011444766406331838,0.00011944206826322095
0.01781148964129694,0.01781148964129694,0.8344855486097889,0.003920308215259659,4.964442916451045e-05,0.0011519268651670913,0.00012248626795204114
0.01781148964129694,0.01781148964129694,0.8467573949128739,0.0039478693331225,5.696807005037779e-05,0.0011584135801414044,0.00012527139822890335
0.01781148964129694,0.01781148964129694,0.859029241215959,0.00397570076136708,6.413555069407913e-05,0.001164156533350417,0.00012778923003872714
0.01781148964129694,0.01781148964129694,0.8713010875190442,0.004003546641135948,7.112918416130733e-05,0.0011698448756602654,0.00013003311929829552
0.01781148964129694,0.01781148964129694,0.8835729338221293,0.004031864604031549,7.793202650415216e-05,0.0011737492619307557,0.00013199811705888828
0.01781148964129694,0.01781148964129694,0.8958447801252144,0.00406018256692715,8.452826930499705e-05,0.0011776536482012462,0.00013368105991396582
0.01781148964129694,0.01781148964129694,0.9081166264282996,0.004088667290029376,9.090363603467929e-05,0.0011805848841961787,0.0001350806363664177
0.01781148964129694,0.01781148964129694,0.9203884727313847,0.00411732210854236,9.704576458181685e-05,0.0011825235069100415,0.0001361974254032843
0.01781148964129694,0.01781148964129694,0.9326603190344698,0.004145976927055342,0.00010294455844994851,0.0011844621296239046,0.00013703390429728113
0.01781148964129694,0.01781148964129694,0.944932165337555,0.004174797084034701,0.00010859249013318476,0.0011843966211646955,0.0001375944234867804
0.01781148964129694,0.01781148964129694,0.9572040116406401,0.004203624059095147,0.00011398484217533653,0.0011842484681210302,0.00013788514740741475
0.01781148964129694,0.01781148964129694,0.9694758579437253,0.004232448319524409,0.00011911987382818515,0.0011831639128888562,0.00013791396116758783
0.01781148964129694,0.01781148964129694,0.9817477042468103,0.004261268918358121,0.0001239989046106689,0.00118081630354195,0.00013769034403736508
0.01781148964129694,0.01781148964129694,0.9940195505498954,0.004290089517191833,0.000128626309639063,0.0011784686941950437,0.00013722521182504702
0.01781148964129694,0.01781148964129694,1.0062913968529805,0.0043187345488057615,0.000133009425312813,0.0011740701166481331,0.0001365307311418909
0.01781148964129694,0.01781148964129694,1.0185632431560658,0.004347358122203939,0.00013715836795749796,0.001169420865210111,0.00013562010954435311
0.01781148964129694,0.01781148964129694,1.030835089459151,0.0043758400136780186,0.00014108577177744316,0.0011639193039478578,0.0001345073662819601
0.01781148964129694,0.01781148964129694,1.043106935762236,0.004404066090566923,0.00014480645558090217,0.0011568788499474096,0.00013320708900142354
0.01781148964129694,0.01781148964129694,1.055378782065321,0.004432292167455826,0.00014833703086264625,0.0011498383959469612,0.00013173418223654201
0.01781148964129694,0.01781148964129694,1.0676506283684062,0.004460021162948546,0.0001516954659253406,0.0011407713562203256,0.00013010361371727555
0.01781148964129694,0.01781148964129694,1.0799224746714913,0.00448764235765655,0.00015490062217109145,0.001131264815974758,0.00012833016464390283
0.01781148964129694,0.01781148964129694,1.0921943209745766,0.004515029357586008,0.0001579717792734996,0.0011210334596696808,0.00012642818987657398
0.01781148964129694,0.01781148964129694,1.1044661672776617,0.004541834908410104,0.00016092816619411968,0.0011090025600444435,0.00012441139369700197
0.01781148964129694,0.01781148964129694,1.1167380135807468,0.004568640459234199,0.00016378851353080506,0.0010969716604192065,0.00012229262627623186
0.01781148964129694,0.01781148964129694,1.1290098598838318,0.004594674257851641,0.0001665706417119769,0.0010830112421008795,0.0001200837053533665
0.01781148964129694,0.01781148964129694,1.141281706186917,0.004620454190611631,0.00016929109691625897,0.0010684161136861414,0.00011779526683181084
0.01781148964129694,0.01781148964129694,1.1535535524900022,0.004645966189774528,0.00017196484415236531,0.0010532581251358776,0.00011543664714889218
0.01781148964129694,0.01781148964129694,1.1658253987930873,0.00467051606374786,0.000174605024210682,0.0010360789570080455,0.00011301579934628376
0.01781148964129694,0.01781148964129694,1.1780972450961724,0.004695065937721191,0.00017722277766024525,0.0010188997888802133,0.0001105392438227861
0.01781148964129694,0.01781148964129694,1.1903690913992575,0.004718643162826477,0.0001798271365541657,0.0009999565168848548,0.00010801205378167419
0.01781148964129694,0.01781148964129694,1.2026409377023426,0.004741769304398758,0.00018242498135441894,0.0009801951097625275,0.00010543787450815316
0.01781148964129694,0.01781148964129694,1.214912784005428,0.004764657661027479,0.00018502105809790065,0.000960053906178976,0.00010281897474705441
0.01781148964129694,0.01781148964129694,1.227184630308513,0.004786182717313127,0.0001876180489840196,0.0009377352028844076,0.00010015632768743183
0.01781148964129694,0.01781148964129694,1.239456476611598,0.004807707773598776,0.00019021668754986684,0.0009154164995898392,9.744971844407647e-05
0.01781148964129694,0.01781148964129694,1.2517283229146832,0.004828154575788526,0.00019281590915733683,0.0008915584887579328,9.469787435899817e-05
0.01781148964129694,0.01781148964129694,1.2640001692177683,0.004847923121369565,0.00019541302656778876,0.0008667322038299589,9.189861408198523e-05
0.01781148964129694,0.01781148964129694,1.2762720155208536,0.004867542380401499,0.00019800392098292665,0.0008417133474459405,8.904901110786526e-05
0.01781148964129694,0.01781148964129694,1.2885438618239387,0.004885426183300088,0.00020058323924665786,0.0008144558478854096,8.614556733565206e-05
0.01781148964129694,0.01781148964129694,1.3008157081270237,0.004903309986198676,0.00020314458917880827,0.0007871983483248787,8.31843922050531e-05
0.01781148964129694,0.01781148964129694,1.3130875544301088,0.004920114809895793,0.00020568072653446778,0.000758674260453593,8.016138308083342e-05
0.01781148964129694,0.01781148964129694,1.325359400733194,0.004936017214624407,0.00020818372829196837,0.0007290908441769487,7.707240279788924e-05
0.01781148964129694,0.01781148964129694,1.337631247036279,0.004951899385046665,0.00021064514931894694,0.0006994857552535319,7.391345056767533e-05
0.01781148964129694,0.01781148964129694,1.3499030933393643,0.004965758124833298,0.00021305616077579813,0.0006677134016528783,7.068082285528882e-05
0.01781148964129694,0.01781148964129694,1.3621749396424494,0.00497961686461993,0.00021540767025838984,0.0006359410480522252,6.737126125511813e-05
0.01781148964129694,0.01781148964129694,1.3744467859455345,0.004992491327722573,0.00021769042520236188,0.0006032100485600227,6.398208489267859e-05
0.01781148964129694,0.01781148964129694,1.3867186322486196,0.005004278985319977,0.00021989510203932023,0.0005694205442292344,6.051130535731101e-05
0.01781148964129694,0.01781148964129694,1.3989904785517047,0.0050160666429173795,0.00022201238437042002,0.0005356310398984463,5.695772267457117e-05
0.01781148964129694,0.01781148964129694,1.41126232485479,0.005025910770820231,0.00022403303366940827,0.0005001414696673074,5.3321001326194634e-05
0.01781148964129694,0.01781148964129694,1.423534171157875,0.005035632149479216,0.00022594795615473899,0.00046454452685298924,4.960172576807199e-05
0.01781148964129694,0.01781148964129694,1.4358060174609601,0.005044527262258381,0.00022774826908680956,0.00042831535636405347,4.580143534949057e-05
0.01781148964129694,0.01781148964129694,1.4480778637640452,0.00505221320545732,0.00022942536904133805,0.00039116097464396985,4.192263891325834e-05
0.01781148964129694,0.01781148964129694,1.4603497100671303,0.0050598991486562606,0.0002309710038993643,0.00035400659292388623,3.796880970446682e-05
0.01781148964129694,0.01781148964129694,1.4726215563702154,0.005065852834122738,0.00023237734945069196,0.0003157486085433203,3.3944361517252304e-05
0.01781148964129694,0.01781148964129694,1.4848934026733007,0.005071550617878739,0.00023363709022450837,0.00027732759195154606,2.9854607249427398e-05
0.01781148964129694,0.01781148964129694,1.4971652489763858,0.005076596510912262,0.00023474350336786864,0.00023859096012867243,2.5705701250060006e-05
0.01781148964129694,0.01781148964129694,1.509437095279471,0.005080357795757375,0.00023569054349115883,0.00019923238064451315,2.1504566994062625e-05
0.01781148964129694,0.01781148964129694,1.521708941582556,0.005084119080602487,0.00023647292577076497,0.0001598738011603539,1.7258811746284035e-05
0.01781148964129694,0.01781148964129694,1.533980787885641,0.005086362200060278,0.00023708620397457599,0.00012005269820133753,1.2976629969280152e-05
0.01781148964129694,0.01781148964129694,1.5462526341887264,0.005088230463866878,0.00023752684025300867,8.011739191519522e-05,8.666697283958717e-06
0.01781148964129694,0.01781148964129694,1.5585244804918115,0.005089599290814288,0.00023779226327358985,4.01300306114036e-05,4.338056843804149e-06
0.01781148964129694,0.01781148964129694,1.5707963267948966,0.0050895992908142895,0.00023788091208837994,-2.1387667782938293e-17,2.1653280117739648e-20
0.01781148964129694,0.01781148964129694,1.5830681730979816,0.005089599290814291,0.00023779226327358985,-4.013003061144638e-05,-4.338056843804149e-06
0.01781148964129694,0.01781148964129694,1.5953400194010667,0.005088230463866882,0.00023752684025300867,-8.011739191523629e-05,-8.66669728396639e-06
0.01781148964129694,0.01781148964129694,1.607611865704152,0.005086362200060283,0.00023708620397457599,-0.00012005269820137627,-1.2976629969269457e-05
0.01781148964129694,0.01781148964129694,1.6198837120072371,0.005084119080602493,0.00023647292576968581,-0.00015987380116039092,-1.725881174627866e-05
0.01781148964129694,0.01781148964129694,1.6321555583103222,0.005080357795757381,0.00023569054349115883,-0.000199232380644551,-2.150456699403126e-05
0.01781148964129694,0.01781148964129694,1.6444274046134073,0.005076596510912268,0.00023474350336786864,-0.00023859096012871105,-2.570570125002833e-05
0.01781148964129694,0.01781148964129694,1.6566992509164924,0.005071550617878744,0.00023363709022492928,-0.0002773275919515861,-2.9854607249422024e-05
0.01781148964129694,0.01781148964129694,1.6689710972195777,0.005065852834122743,0.00023237734945069196,-0.00031574860854336205,-3.394436151714512e-05
0.01781148964129694,0.01781148964129694,1.6812429435226628,0.005059899148656265,0.000230971003898726,-0.0003540065929239295,-3.796880970446682e-05
0.01781148964129694,0.01781148964129694,1.6935147898257479,0.0050522132054573255,0.00022942536904133805,-0.00039116097464401365,-4.192263891317504e-05
0.01781148964129694,0.01781148964129694,1.705786636128833,0.005044527262258386,0.00022774826908723055,-0.0004283153563640978,-4.5801435349447793e-05
0.01781148964129694,0.01781148964129694,1.718058482431918,0.005035632149479224,0.00022594795615473899,-0.00046454452685303315,-4.960172576807199e-05
0.01781148964129694,0.01781148964129694,1.7303303287350031,0.005025910770820243,0.00022403303366940827,-0.0005001414696673502,-5.332100132625494e-05
0.01781148964129694,0.01781148964129694,1.7426021750380885,0.005016066642917396,0.00022201238437042002,-0.0005356310398984879,-5.695772267459112e-05
0.01781148964129694,0.01781148964129694,1.7548740213411735,0.005004278985319992,0.00021989510203932023,-0.0005694205442292762,-6.0511305357271116e-05
0.01781148964129694,0.01781148964129694,1.7671458676442586,0.004992491327722589,0.00021769042520473268,-0.0006032100485600644,-6.398208489286667e-05
0.01781148964129694,0.01781148964129694,1.7794177139473437,0.004979616864619947,0.00021540767025731065,-0.0006359410480522678,-6.7371261255077e-05
0.01781148964129694,0.01781148964129694,1.7916895602504288,0.004965758124833317,0.00021305616077880725,-0.000667713401652923,-7.068082285528882e-05
0.01781148964129694,0.01781148964129694,1.8039614065535141,0.0049518993850466856,0.00021064514931894694,-0.0006994857552535788,-7.391345056767533e-05
0.01781148964129694,0.01781148964129694,1.8162332528565992,0.004936017214624433,0.00020818372829162454,-0.0007290908441769951,-7.707240279782177e-05
0.01781148964129694,0.01781148964129694,1.8285050991596843,0.004920114809895823,0.00020568072653446778,-0.000758674260453639,-8.016138308083342e-05
0.01781148964129694,0.01781148964129694,1.8407769454627694,0.004903309986198711,0.00020314458917846444,-0.0007871983483249251,-8.318439220494578e-05
0.01781148964129694,0.01781148964129694,1.8530487917658545,0.004885426183300128,0.00020058323924665786,-0.0008144558478854574,-8.614556733561216e-05
0.01781148964129694,0.01781148964129694,1.8653206380689396,0.004867542380401544,0.00019800392098258288,-0.0008417133474459897,-8.904901110784374e-05
0.01781148964129694,0.01781148964129694,1.8775924843720249,0.004847923121369612,0.00019541302656820973,-0.0008667322038300088,-9.189861408202513e-05
0.01781148964129694,0.01781148964129694,1.88986433067511,0.004828154575788574,0.00019281590915733683,-0.0008915584887579832,-9.469787435899817e-05
0.01781148964129694,0.01781148964129694,1.902136176978195,0.004807707773598827,0.0001902166875481493,-0.0009154164995898906,-9.74497184441572e-05
0.01781148964129694,0.01781148964129694,1.9144080232812801,0.004786182717313182,0.00018761804898367575,-0.0009377352028844605,-0.00010015632768743183
0.01781148964129694,0.01781148964129694,1.9266798695843652,0.004764657661027537,0.00018502105810133082,-0.0009600539061790305,-0.00010281897474690136
0.01781148964129694,0.01781148964129694,1.9389517158874505,0.004741769304398816,0.00018242498135378061,-0.0009801951097625824,-0.00010543787450814838
0.01781148964129694,0.01781148964129694,1.9512235621905356,0.004718643162826535,0.00017982713655717488,-0.00099995651688491,-0.00010801205378167419
0.01781148964129694,0.01781148964129694,1.9634954084936207,0.004695065937721248,0.00017722277765887644,-0.0010188997888802686,-0.00011053924382279966
0.01781148964129694,0.01781148964129694,1.9757672547967058,0.004670516063747915,0.000174605024210682,-0.0010360789570081003,-0.00011301579934620398
0.01781148964129694,0.01781148964129694,1.9880391010997909,0.004645966189774584,0.00017196484415236531,-0.0010532581251359323,-0.00011543664714884922
0.01781148964129694,0.01781148964129694,2.000310947402876,0.004620454190611685,0.00016929109691667997,-0.001068416113686196,-0.00011779526683186346
0.01781148964129694,0.01781148964129694,2.012582793705961,0.004594674257851691,0.0001665706417136173,-0.0010830112421009348,-0.00012008370535341914
0.01781148964129694,0.01781148964129694,2.024854640009046,0.0045686404592342475,0.00016378851352972582,-0.0010969716604192624,-0.00012229262627618884
0.01781148964129694,0.01781148964129694,2.0371264863121317,0.004541834908410154,0.00016092816619317182,-0.0011090025600445008,-0.00012441139369704496
0.01781148964129694,0.01781148964129694,2.0493983326152168,0.004515029357586061,0.00015797177927550667,-0.0011210334596697387,-0.00012642818987657398
0.01781148964129694,0.01781148964129694,2.061670178918302,0.004487642357656605,0.00015490062217109145,-0.0011312648159748158,-0.0001283301646437317
0.01781148964129694,0.01781148964129694,2.073942025221387,0.004460021162948599,0.0001516954659253406,-0.0011407713562203838,-0.00013010361371684678
0.01781148964129694,0.01781148964129694,2.086213871524472,0.004432292167455878,0.00014833703086264625,-0.0011498383959470196,-0.00013173418223654201
0.01781148964129694,0.01781148964129694,2.098485717827557,0.004404066090566975,0.00014480645558327307,-0.0011568788499474684,-0.00013320708900147615
0.01781148964129694,0.01781148964129694,2.110757564130642,0.004375840013678071,0.00014108577177744316,-0.0011639193039479172,-0.00013450736628233624
0.01781148964129694,0.01781148964129694,2.1230294104337273,0.004347358122203993,0.00013715836795749796,-0.0011694208652101713,-0.00013562010954397698
0.01781148964129694,0.01781148964129694,2.1353012567368124,0.004318734548805819,0.00013300942531109544,-0.0011740701166481945,-0.00013653073114168582
0.01781148964129694,0.01781148964129694,2.1475731030398975,0.004290089517191893,0.0001286263096374226,-0.001178468694195106,-0.0001372252118252249
0.01781148964129694,0.01781148964129694,2.1598449493429825,0.004261268918358178,0.00012399890461059176,-0.0011808163035420128,-0.000137690344037151
0.01781148964129694,0.01781148964129694,2.172116795646068,0.004232448319524463,0.0001191198738306332,-0.00118316391288892,-0.00013791396116776575
0.01781148964129694,0.01781148964129694,2.184388641949153,0.004203624059095199,0.00011398484217533653,-0.0011842484681210941,-0.00013788514740741475
0.01781148964129694,0.01781148964129694,2.1966604882522383,0.0041747970840347514,0.00010859249013146722,-0.0011843966211647597,-0.0001375944234867804
0.01781148964129694,0.01781148964129694,2.2089323345553233,0.004145976927055392,0.00010294455844857972,-0.0011844621296239687,-0.00013703390429708283
0.01781148964129694,0.01781148964129694,2.2212041808584084,0.00411732210854241,9.70457645822378e-05,-0.0011825235069101061,-0.0001361974254032843
0.01781148964129694,0.01781148964129694,2.2334760271614935,0.004088667290029428,9.090363603433546e-05,-0.0011805848841962437,-0.0001350806363664177
0.01781148964129694,0.01781148964129694,2.2457478734645786,0.004060182566927202,8.45282693032795e-05,-0.0011776536482013117,-0.000133681059913886
0.01781148964129694,0.01781148964129694,2.2580197197676637,0.0040318646040315995,7.793202650285561e-05,-0.0011737492619308214,-0.00013199811705875335
0.01781148964129694,0.01781148964129694,2.270291566070749,0.004003546641135997,7.112918416130733e-05,-0.0011698448756603313,-0.00013003311929821572
0.01781148964129694,0.01781148964129694,2.282563412373834,0.003975700761367129,6.413555069506127e-05,-0.0011641565333504827,-0.000127789230038657
0.01781148964129694,0.01781148964129694,2.2948352586769194,0.003947869333122548,5.696807004694763e-05,-0.0011584135801414699,-0.00012527139822915423
0.01781148964129694,0.01781148964129694,2.3071071049800045,0.0039203082152597084,4.964442916451045e-05,-0.0011519268651671573,-0.00012248626795204114
0.01781148964129694,0.01781148964129694,2.3193789512830896,0.003893097272209577,4.218268615728116e-05,-0.0011444766406332515,-0.00011944206826322095
0.01781148964129694,0.01781148964129694,2.3316507975861747,0.0038658863291594456,3.46009346765033e-05,-0.001137026416099346,-0.00011614848793772808
0.01781148964129694,0.01781148964129694,2.3439226438892597,0.0038393406953192324,2.6917017236338045e-05,-0.0011281581595979791,-0.0001126165399808467
0.01781148964129694,0.01781148964129694,2.356194490192345,0.003812868172381208,1.914829758905747e-05,-0.0011191340754078804,-0.00010885842068633933
0.01781148964129694,0.01781148964129694,2.36846633649543,0.0037867035246000966,1.1311498578934915e-05,-0.0011095824010233972,-0.00010488736781589748
0.01781148964129694,0.01781148964129694,2.380738182798515,0.0037610714176309437,3.422608072562417e-06,-0.0010991181381945735,-0.0001007175220443469
0.01781148964129694,0.01781148964129694,2.3930100291016,0.0037354393106617907,-4.5031480925143266e-06,-0.0010886538753657495,-9.636379523417164e-05
0.01781148964129694,0.01781148964129694,2.405281875404685,0.0037105780544211646,-1.245127125953102e-05,-0.0010771018436371504,-9.184174838389207e-05
0.01781148964129694,0.01781148964129694,2.4175537217077703,0.0036858728036851213,-2.040790138380007e-05,-0.0010653296682026443,-8.716748130052022e-05
0.01781148964129694,0.01781148964129694,2.429825568010856,0.0036614641004947767,-2.8359685982665532e-05,-0.00105320742395051,-8.235753518995508e-05
0.01781148964129694,0.01781148964129694,2.442097414313941,0.003637757226495921,-3.6293620266468416e-05,-0.0010402566834966562,-7.742880846971345e-05
0.01781148964129694,0.01781148964129694,2.454369260617026,0.003614050352497066,-4.41968728232228e-05,-0.0010273059430428025,-7.239848531120769e-05
0.01781148964129694,0.01781148964129694,2.466641106920111,0.0035911484063570853,-5.205661268927184e-05,-0.0010135520794956104,-6.728397563311351e-05
0.01781148964129694,0.01781148964129694,2.478912953223196,0.0035684973468224678,-5.985985245805975e-05,-0.0009995478918673776,-6.210286462101061e-05
0.01781148964129694,0.01781148964129694,2.4911847995262812,0.003546096818867928,-6.759332131967481e-05,-0.0009853310855527351,-5.68728693745123e-05
0.01781148964129694,0.01781148964129694,2.5034566458293663,0.0035245459197501753,-7.524337971042656e-05,-0.0009703932245624422,-5.1611799898866204e-05
0.01781148964129694,0.01781148964129694,2.5157284921324514,0.003502995020632422,-8.279598445102181e-05,-0.0009554553635721491,-4.63375215531863e-05
0.01781148964129694,0.01781148964129694,2.5280003384355365,0.003482229034323766,-9.023671027151726e-05,-0.0009399490737601083,-4.106791604427044e-05
0.01781148964129694,0.01781148964129694,2.5402721847386216,0.0034618106522591383,-9.755082969178076e-05,-0.0009241910511841507,-3.58208383156263e-05
0.01781148964129694,0.01781148964129694,2.552544031041707,0.003441575091666857,-0.00010472344974764407,-0.0009083199769097618,-3.061406701903388e-05
0.01781148964129694,0.01781148964129694,2.564815877344792,0.0034223107701464215,-0.0001117397006293576,-0.0008918483154874607,-2.546524680597028e-05
0.01781148964129694,0.01781148964129694,2.5770877236478773,0.0034030464486259856,-0.00011858496735121277,-0.0008753766540651596,-2.0391821314342205e-05
0.01781148964129694,0.01781148964129694,2.5893595699509624,0.0033845094389726394,-0.00012524515359081767,-0.0008585215970855683,-1.5410956413863925e-05
0.01781148964129694,0.01781148964129694,2.6016314162540475,0.0033664111253661087,-0.0001317069638808666,-0.0008414352856428495,-1.0539454066598152e-05
0.01781148964129694,0.01781148964129694,2.6139032625571326,0.003348417032558213,-0.0001379581896683472,-0.0008243023195010568,-5.793657896630703e-06
0.01781148964129694,0.01781148964129694,2.6261751088602177,0.0033314883079141365,-0.00014398798339093803,-0.0008066924386576177,-1.1893522348924699e-06
0.01781148964129694,0.01781148964129694,2.6384469551633027,0.00331455958327006,-0.0001497871061134745,-0.0007890825578141788,3.2583429196481832e-06
0.01781148964129694,0.01781148964129694,2.650718801466388,0.0032982773662906537,-0.00015534813447682863,-0.0007712283761060362,7.535078150181705e-06
0.01781148964129694,0.01781148964129694,2.662990647769473,0.0032825146643989285,-0.00016066561552969315,-0.0007531778812030424,1.1627378806826714e-05
0.01781148964129694,0.01781148964129694,2.675262494072558,0.003266774863464483,-0.00016573616020813914,-0.0007351201415813441,1.5522743745401286e-05
0.01781148964129694,0.01781148964129694,2.6875343403756435,0.0032521686599154055,-0.00017055846974237292,-0.0007167037883837719,1.92097351862672e-05
0.01781148964129694,0.01781148964129694,2.6998061866787286,0.0032375624563663287,-0.00017513329288181164,-0.0006982874351862001,2.267805649548788e-05
0.01781148964129694,0.01781148964129694,2.7120780329818137,0.003223510369750779,-0.0001794633153370577,-0.0006797259020081173,2.5918615064182702e-05
0.01781148964129694,0.01781148964129694,2.724349879284899,0.003210046325595299,-0.00018355298651065883,-0.0006610103002792879,2.8923567980242433e-05
0.01781148964129694,0.01781148964129694,2.736621725587984,0.003196582281439819,-0.0001874082923208589,-0.0006422946985504584,3.1686348851568354e-05
0.01781148964129694,0.01781148964129694,2.748893571891069,0.0031841866813796865,-0.000191036485187519,-0.0006233503904433832,3.420167493441932e-05
0.01781148964129694,0.01781148964129694,2.761165418194154,0.00317184672944952,-0.0001944457847968717,-0.0006043941705457744,3.646553449273175e-05
0.01781148964129694,0.01781148964129694,2.773437264497239,0.003159965582565253,-0.00019764506490876763,-0.0005853590646827593,3.8475155221661195e-05
0.01781148964129694,0.01781148964129694,2.7857091108003242,0.0031487289475311776,-0.00020064354161803593,-0.000566213142820721,4.0228955316839546e-05
0.01781148964129694,0.01781148964129694,2.7979809571034093,0.003137492312497102,-0.0002034504784168181,-0.0005470672209586828,4.1726479562201554e-05
0.01781148964129694,0.01781148964129694,2.8102528034064944,0.0031272080487206744,-0.00020607492238441987,-0.0005277925137600976,4.2968323410183656e-05
0.01781148964129694,0.01781148964129694,2.82252464970958,0.0031170521945520194,-0.00020852548341750805,-0.0005085004422464717,4.395604854181909e-05
0.01781148964129694,0.01781148964129694,2.834796496012665,0.003107262750469284,-0.00021081016653306059,-0.000489170411820437,4.469209369174155e-05
0.01781148964129694,0.01781148964129694,2.84706834231575,0.003098164251119997,-0.00021293626304387712,-0.000469768801731002,4.5179684658842345e-05
0.01781148964129694,0.01781148964129694,2.859340188618835,0.0030890657517707097,-0.00021491030396672634,-0.0004503671916415669,4.542274736670199e-05
0.01781148964129694,0.01781148964129694,2.8716120349219203,0.0030808065997599736,-0.00021673807457710858,-0.0004309011301922931,4.542582754800288e-05
0.01781148964129694,0.01781148964129694,2.8838838812250054,0.0030727419306691463,-0.00021842468588491039,-0.0004114201348913494,4.5194020216236144e-05
0.01781148964129694,0.01781148964129694,2.8961557275280905,0.003064957516205752,-0.00021997469531219655,-0.00039192384896004676,4.4732911466885574e-05
0.01781148964129694,0.01781148964129694,2.9084275738311756,0.0030579037655924517,-0.00022139226598997822,-0.0003723876981710224,4.4048534415192427e-05
0.01781148964129694,0.01781148964129694,2.9206994201342606,0.0030508500149791515,-0.00022268135221626689,-0.00035285154738199807,4.314734026933759e-05
0.01781148964129694,0.01781148964129694,2.9329712664373457,0.0030445308563962995,-0.00022384589674923373,-0.0003332884605213979,4.2036184663094734e-05
0.01781148964129694,0.01781148964129694,2.945243112740431,0.003038466356384003,-0.00022489002536476261,-0.00031371603582265156,4.0722328485944575e-05
0.01781148964129694,0.01781148964129694,2.9575149590435164,0.003032603410290816,-0.00022581822428110156,-0.0002941390095252775,3.921345165876472e-05
0.01781148964129694,0.01781148964129694,2.9697868053466014,0.0030275082886513796,-0.0002266354872257879,-0.0002745444533283729,3.751767750076915e-05
0.01781148964129694,0.01781148964129694,2.9820586516496865,0.0030224131670119436,-0.00022734742091522932,-0.0002549498971314682,3.5643604780408036e-05
0.01781148964129694,0.01781148964129694,2.9943304979527716,0.0030179588446770543,-0.00022796030001369637,-0.00023534719936619582,3.3600344039702336e-05
0.01781148964129694,0.01781148964129694,3.0066023442558567,0.0030138154984752545,-0.00022848106643637037,-0.00021574055054568615,3.139755452805536e-05
0.01781148964129694,0.01781148964129694,3.018874190558942,0.0030098020111288264,-0.00022891727045793887,-0.00019613313923563181,2.904547799746171e-05
0.01781148964129694,0.01781148964129694,3.031146036862027,0.0030065955038122115,-0.00022927695547529602,-0.00017652098959769272,2.6554965734554653e-05
0.01781148964129694,0.01781148964129694,3.043417883165112,0.003003388996495596,-0.00022956849104874974,-0.00015690883995975364,2.39374955283391e-05
0.01781148964129694,0.01781148964129694,3.055689729468197,0.003000741086633437,-0.00022980036259941466,-0.00013729567344484612,2.1205175761826982e-05
0.01781148964129694,0.01781148964129694,3.067961575771282,0.002998459470184035,-0.00022998092861956613,-0.00011768184012536913,1.8370734470603137e-05
0.01781148964129694,0.01781148964129694,3.0802334220743677,0.0029962413513672146,-0.00023011815820435751,-9.806800978431683e-05,1.544749198234169e-05
0.01781148964129694,0.01781148964129694,3.0925052683774528,0.002994875915045055,-0.00023021936338117897,-7.845421943926356e-05,1.2449316583414185e-05
0.01781148964129694,0.01781148964129694,3.104777114680538,0.0029935104787228955,-0.0002302909408222568,-5.884042909421029e-05,9.390563548969543e-06
0.01781148964129694,0.01781148964129694,3.117048960983623,0.0029926320493231487,-0.00023033813724244957,-3.922683743983338e-05,6.285998725258945e-06
0.01781148964129694,0.01781148964129694,3.129320807286708,0.0029921774963188354,-0.00023036485174532837,-1.9613418719934048e-05,3.1507086637234965e-06
0.01781148964129694,0.01781148964129694,0.0,0.0029917229433145216,-0.00023037348617413928,-3.4717316315965895e-17,0.0
0.01781148964129694,0.01781148964129694,0.01227184630308513,0.0029921774963188397,-0.00023036485174532837,1.961341871986509e-05,-3.1507086637260664e-06
0.01781148964129694,0.01781148964129694,0.02454369260617026,0.002992632049323158,-0.00023033813724244957,3.92268374397649e-05,-6.285998725261631e-06
0.01781148964129694,0.01781148964129694,0.03681553890925539,0.0029935104787229046,-0.0002302909408222568,5.884042909414221e-05,-9.390563548969543e-06
0.01781148964129694,0.01781148964129694,0.04908738521234052,0.002994875915045059,-0.00023021936338117897,7.84542194391958e-05,-1.2449316583414185e-05
0.01781148964129694,0.01781148964129694,0.06135923151542565,0.0029962413513672133,-0.00023011815820435751,9.806800978424938e-05,-1.5447491982342896e-05
0.01781148964129694,0.01781148964129694,0.07363107781851078,0.002998459470184036,-0.00022998092861956613,0.00011768184012530095,-1.8370734470571468e-05
0.01781148964129694,0.01781148964129694,0.0859029241215959,0.003000741086633441,-0.00022980036259941466,0.00013729567344477792,-2.1205175761821612e-05
0.01781148964129694,0.01781148964129694,0.09817477042468103,0.0030033889964956,-0.00022956849104874974,0.00015690883995968542,-2.39374955283391e-05
0.01781148964129694,0.01781148964129694,0.11044661672776616,0.0030065955038122115,-0.0002292769554731376,0.00017652098959762446,-2.6554965734554653e-05
0.01781148964129694,0.01781148964129694,0.1227184630308513,0.003009802011128823,-0.00022891727045793887,0.0001961331392355635,-2.9045477997367667e-05
0.01781148964129694,0.01781148964129694,0.1349903093339364,0.003013815498475251,-0.00022848106643637037,0.00021574055054561744,-3.1397554528108874e-05
0.01781148964129694,0.01781148964129694,0.14726215563702155,0.003017958844677052,-0.00022796030001369637,0.00023534719936612667,-3.3600344039691596e-05
0.01781148964129694,0.01781148964129694,0.1595340019401067,0.0030224131670119414,-0.00022734742091522932,0.00025494989713139877,-3.5643604780408036e-05
0.01781148964129694,0.01781148964129694,0.1718058482431918,0.003027508288651376,-0.0002266354872257879,0.0002745444533283033,-3.751767750079876e-05
0.01781148964129694,0.01781148964129694,0.18407769454627693,0.003032603410290811,-0.00022581822428110156,0.0002941390095252078,-3.921345165876472e-05
0.01781148964129694,0.01781148964129694,0.19634954084936207,0.0030384663563839966,-0.00022489002536560455,0.00031371603582258087,-4.0722328486070024e-05
0.01781148964129694,0.01781148964129694,0.2086213871524472,0.0030445308563962913,-0.00022384589675456443,0.0003332884605213269,-4.2036184663094734e-05
0.01781148964129694,0.01781148964129694,0.22089323345553233,0.0030508500149791415,-0.00022268135221352933,0.0003528515473819266,-4.314734026946428e-05
0.01781148964129694,0.01781148964129694,0.23316507975861744,0.0030579037655924404,-0.00022139226598997822,0.0003723876981709505,-4.404853441527345e-05
0.01781148964129694,0.01781148964129694,0.2454369260617026,0.0030649575162057393,-0.00021997469531219655,0.00039192384895997434,-4.4732911466885574e-05
0.01781148964129694,0.01781148964129694,0.25770877236478773,0.003072741930669133,-0.000218424685882752,0.0004114201348912767,-4.5194020216236144e-05
0.01781148964129694,0.01781148964129694,0.2699806186678728,0.0030808065997599606,-0.00021673807457710858,0.0004309011301922201,-4.542582754781479e-05
0.01781148964129694,0.01781148964129694,0.28225246497095796,0.003089065751770696,-0.00021491030396672634,0.00045036719164149376,-4.542274736685016e-05
0.01781148964129694,0.01781148964129694,0.2945243112740431,0.0030981642511199816,-0.00021293626304387712,0.00046976880173092944,-4.5179684658842345e-05
0.01781148964129694,0.01781148964129694,0.30679615757712825,0.003107262750469267,-0.00021081016653306059,0.0004891704118203652,-4.4692093691612714e-05
0.01781148964129694,0.01781148964129694,0.3190680038802134,0.0031170521945520033,-0.00020852548341750805,0.0005085004422463999,-4.395604854187834e-05
0.01781148964129694,0.01781148964129694,0.3313398501832985,0.00312720804872066,-0.00020607492238441987,0.000527792513760025,-4.296832341020997e-05
0.01781148964129694,0.01781148964129694,0.3436116964863836,0.00313749231249709,-0.00020345047841766007,0.0005470672209586102,-4.172647956217524e-05
0.01781148964129694,0.01781148964129694,0.35588354278946877,0.0031487289475311646,-0.00020064354161675936,0.0005662131428206483,-4.022895531668655e-05
0.01781148964129694,0.01781148964129694,0.36815538909255385,0.0031599655825652394,-0.00019764506490876763,0.0005853590646826863,-3.847515522159374e-05
0.01781148964129694,0.01781148964129694,0.380427235395639,0.003171846729449506,-0.0001944457847968717,0.0006043941705457019,-3.64655344926244e-05
0.01781148964129694,0.01781148964129694,0.39269908169872414,0.0031841866813796717,-0.0001910364851883609,0.0006233503904433114,-3.4201674934440815e-05
0.01781148964129694,0.01781148964129694,0.4049709280018093,0.003196582281439803,-0.0001874082923208589,0.0006422946985503873,-3.168634885137008e-05
0.01781148964129694,0.01781148964129694,0.4172427743048944,0.003210046325595284,-0.00018355298651065883,0.0006610103002792168,-2.8923567980242433e-05
0.01781148964129694,0.01781148964129694,0.4295146206079795,0.003223510369750765,-0.00017946331533636998,0.0006797259020080463,-2.591861506384954e-05
0.01781148964129694,0.01781148964129694,0.44178646691106466,0.0032375624563663148,-0.00017513329288181164,0.0006982874351861294,-2.2678056495316782e-05
0.01781148964129694,0.01781148964129694,0.4540583132141498,0.003252168659915392,-0.0001705584697451105,0.0007167037883837015,-1.9209735186616177e-05
0.01781148964129694,0.01781148964129694,0.4663301595172349,0.0032667748634644693,-0.00016573616020813914,0.0007351201415812734,-1.5522743745483567e-05
0.01781148964129694,0.01781148964129694,0.47860200582032003,0.003282514664398913,-0.000160665615527689,0.0007531778812029726,-1.1627378807024984e-05
0.01781148964129694,0.01781148964129694,0.4908738521234052,0.0032982773662906363,-0.00015534813448026365,0.0007712283761059672,-7.535078150099423e-06
0.01781148964129694,0.01781148964129694,0.5031456984264903,0.003314559583270041,-0.0001497871061134745,0.00078908255781411,-3.2583429200769543e-06
0.01781148964129694,0.01781148964129694,0.5154175447295755,0.0033314883079141157,-0.0001439879833969564,0.0008066924386575485,1.1893522352782605e-06
0.01781148964129694,0.01781148964129694,0.5276893910326605,0.00334841703255819,-0.00013795818966918914,0.0008243023195009868,5.7936578966833225e-06
0.01781148964129694,0.01781148964129694,0.5399612373357456,0.0033664111253660844,-0.0001317069638808666,0.0008414352856427796,1.05394540669743e-05
0.01781148964129694,0.01781148964129694,0.5522330836388308,0.0033845094389726134,-0.00012524515359081767,0.0008585215970854986,1.5410956413863925e-05
0.01781148964129694,0.01781148964129694,0.5645049299419159,0.003403046448625959,-0.00011858496735052511,0.0008753766540650898,2.0391821314342205e-05
0.01781148964129694,0.01781148964129694,0.5767767762450011,0.003422310770146396,-0.0001117397006233392,0.000891848315487391,2.546524680597028e-05
0.01781148964129694,0.01781148964129694,0.5890486225480862,0.0034415750916668326,-0.00010472344974764407,0.000908319976909692,3.061406701920498e-05
0.01781148964129694,0.01781148964129694,0.6013204688511713,0.0034618106522591122,-9.755082969779914e-05,0.0009241910511840802,3.58208383156263e-05
0.01781148964129694,0.01781148964129694,0.6135923151542565,0.003482229034323739,-9.023671027020078e-05,0.0009399490737600378,4.1067916044323056e-05
0.01781148964129694,0.01781148964129694,0.6258641614573416,0.0035029950206323943,-8.279598445102181e-05,0.0009554553635720787,4.63375215531863e-05
0.01781148964129694,0.01781148964129694,0.6381360077604268,0.0035245459197501467,-7.524337970914993e-05,0.0009703932245623726,5.161179989866796e-05
0.01781148964129694,0.01781148964129694,0.6504078540635119,0.003546096818867899,-6.759332131839817e-05,0.0009853310855526662,5.687286937421842e-05
0.01781148964129694,0.01781148964129694,0.662679700366597,0.0035684973468224383,-5.985985245805975e-05,0.0009995478918673089,6.210286462101061e-05
0.01781148964129694,0.01781148964129694,0.6749515466696822,0.0035911484063570562,-5.205661268927184e-05,0.0010135520794955417,6.728397563311351e-05
0.01781148964129694,0.01781148964129694,0.6872233929727672,0.0036140503524970374,-4.41968728232228e-05,0.0010273059430427342,7.239848531120769e-05
0.01781148964129694,0.01781148964129694,0.6994952392758523,0.003637757226495893,-3.6293620266468416e-05,0.001040256683496589,7.742880846971345e-05
0.01781148964129694,0.01781148964129694,0.7117670855789375,0.003661464100494749,-2.8359685982665532e-05,0.0010532074239504438,8.235753519002523e-05
0.01781148964129694,0.01781148964129694,0.7240389318820226,0.003685872803685092,-2.0407901378216377e-05,0.0010653296682025784,8.716748130026935e-05
0.01781148964129694,0.01781148964129694,0.7363107781851077,0.0037105780544211342,-1.2451271256937888e-05,0.0010771018436370847,9.184174838375718e-05
0.01781148964129694,0.01781148964129694,0.7485826244881929,0.003735439310661759,-4.503148090355891e-06,0.001088653875365684,9.63637952345478e-05
0.01781148964129694,0.01781148964129694,0.760854470791278,0.003761071417630909,3.4226080745267104e-06,0.0010991181381945073,0.0001007175220443469
0.01781148964129694,0.01781148964129694,0.7731263170943632,0.0037867035246000593,1.1311498578092981e-05,0.0011095824010233309,0.00010488736781589748
0.01781148964129694,0.01781148964129694,0.7853981633974483,0.003812868172381167,1.914829758905747e-05,0.001119134075407813,0.00010885842068633933
0.01781148964129694,0.01781148964129694,0.7976700097005334,0.003839340695319188,2.6917017236338045e-05,0.0011281581595979104,0.0001126165399808467
0.01781148964129694,0.01781148964129694,0.8099418560036186,0.0038658863291593983,3.46009346765033e-05,0.0011370264160992763,0.00011614848793772808
0.01781148964129694,0.01781148964129694,0.8222137023067037,0.0038930972722095287,4.218268615728116e-05,0.0011444766406331838,0.00011944206826322095
0.01781148964129694,0.01781148964129694,0.8344855486097889,0.003920308215259659,4.964442916451045e-05,0.0011519268651670913,0.00012248626795204114
0.01781148964129694,0.01781148964129694,0.8467573949128739,0.0039478693331225,5.696807005037779e-05,0.0011584135801414044,0.00012527139822890335
0.01781148964129694,0.01781148964129694,0.859029241215959,0.00397570076136708,6.413555069407913e-05,0.001164156533350417,0.00012778923003872714
0.01781148964129694,0.01781148964129694,0.8713010875190442,0.004003546641135948,7.112918416130733e-05,0.0011698448756602654,0.00013003311929829552
0.01781148964129694,0.01781148964129694,0.8835729338221293,0.004031864604031549,7.793202650415216e-05,0.0011737492619307557,0.00013199811705888828
0.01781148964129694,0.01781148964129694,0.8958447801252144,0.00406018256692715,8.452826930499705e-05,0.0011776536482012462,0.00013368105991396582
0.01781148964129694,0.01781148964129694,0.9081166264282996,0.004088667290029376,9.090363603467929e-05,0.0011805848841961787,0.0001350806363664177
0.01781148964129694,0.01781148964129694,0.9203884727313847,0.00411732210854236,9.704576458181685e-05,0.0011825235069100415,0.0001361974254032843
0.01781148964129694,0.01781148964129694,0.9326603190344698,0.004145976927055342,0.00010294455844994851,0.0011844621296239046,0.00013703390429728113
0.01781148964129694,0.01781148964129694,0.944932165337555,0.004174797084034701,0.00010859249013318476,0.0011843966211646955,0.0001375944234867804
0.01781148964129694,0.01781148964129694,0.9572040116406401,0.004203624059095147,0.00011398484217533653,0.0011842484681210302,0.00013788514740741475
0.01781148964129694,0.01781148964129694,0.9694758579437253,0.004232448319524409,0.00011911987382818515,0.0011831639128888562,0.00013791396116758783
0.01781148964129694,0.01781148964129694,0.9817477042468103,0.004261268918358121,0.0001239989046106689,0.00118081630354195,0.00013769034403736508
0.01781148964129694,0.01781148964129694,0.9940195505498954,0.004290089517191833,0.000128626309639063,0.0011784686941950437,0.00013722521182504702
0.01781148964129694,0.01781148964129694,1.0062913968529805,0.0043187345488057615,0.000133009425312813,0.0011740701166481331,0.0001365307311418909
0.01781148964129694,0.01781148964129694,1.0185632431560658,0.004347358122203939,0.00013715836795749796,0.001169420865210111,0.00013562010954435311
0.01781148964129694,0.01781148964129694,1.030835089459151,0.0043758400136780186,0.00014108577177744316,0.0011639193039478578,0.0001345073662819601
0.01781148964129694,0.01781148964129694,1.043106935762236,0.004404066090566923,0.00014480645558090217,0.0011568788499474096,0.00013320708900142354
0.01781148964129694,0.01781148964129694,1.055378782065321,0.004432292167455826,0.00014833703086264625,0.0011498383959469612,0.00013173418223654201
0.01781148964129694,0.01781148964129694,1.0676506283684062,0.004460021162948546,0.0001516954659253406,0.0011407713562203256,0.00013010361371727555
0.01781148964129694,0.01781148964129694,1.0799224746714913,0.00448764235765655,0.00015490062217109145,0.001131264815974758,0.00012833016464390283
0.01781148964129694,0.01781148964129694,1.0921943209745766,0.004515029357586008,0.0001579717792734996,0.0011210334596696808,0.00012642818987657398
0.01781148964129694,0.01781148964129694,1.1044661672776617,0.004541834908410104,0.00016092816619411968,0.0011090025600444435,0.00012441139369700197
0.01781148964129694,0.01781148964129694,1.1167380135807468,0.004568640459234199,0.00016378851353080506,0.0010969716604192065,0.00012229262627623186
0.01781148964129694,0.01781148964129694,1.1290098598838318,0.004594674257851641,0.0001665706417119769,0.0010830112421008795,0.0001200837053533665
0.01781148964129694,0.01781148964129694,1.141281706186917,0.004620454190611631,0.00016929109691625897,0.0010684161136861414,0.00011779526683181084
0.01781148964129694,0.01781148964129694,1.1535535524900022,0.004645966189774528,0.00017196484415236531,0.0010532581251358776,0.00011543664714889218
0.01781148964129694,0.01781148964129694,1.1658253987930873,0.00467051606374786,0.000174605024210682,0.0010360789570080455,0.00011301579934628376
0.01781148964129694,0.01781148964129694,1.1780972450961724,0.004695065937721191,0.00017722277766024525,0.0010188997888802133,0.0001105392438227861
0.01781148964129694,0.01781148964129694,1.1903690913992575,0.004718643162826477,0.0001798271365541657,0.0009999565168848548,0.00010801205378167419
0.01781148964129694,0.01781148964129694,1.2026409377023426,0.004741769304398758,0.00018242498135441894,0.0009801951097625275,0.00010543787450815316
0.01781148964129694,0.01781148964129694,1.214912784005428,0.004764657661027479,0.00018502105809790065,0.000960053906178976,0.00010281897474705441
0.01781148964129694,0.01781148964129694,1.227184630308513,0.004786182717313127,0.0001876180489840196,0.0009377352028844076,0.00010015632768743183
0.01781148964129694,0.01781148964129694,1.239456476611598,0.004807707773598776,0.00019021668754986684,0.0009154164995898392,9.744971844407647e-05
0.01781148964129694,0.01781148964129694,1.2517283229146832,0.004828154575788526,0.00019281590915733683,0.0008915584887579328,9.469787435899817e-05
0.01781148964129694,0.01781148964129694,1.2640001692177683,0.004847923121369565,0.00019541302656778876,0.0008667322038299589,9.189861408198523e-05
0.01781148964129694,0.01781148964129694,1.2762720155208536,0.004867542380401499,0.00019800392098292665,0.0008417133474459405,8.904901110786526e-05
0.01781148964129694,0.01781148964129694,1.2885438618239387,0.004885426183300088,0.00020058323924665786,0.0008144558478854096,8.614556733565206e-05
0.01781148964129694,0.01781148964129694,1.3008157081270237,0.004903309986198676,0.00020314458917880827,0.0007871983483248787,8.31843922050531e-05
0.01781148964129694,0.01781148964129694,1.3130875544301088,0.004920114809895793,0.00020568072653446778,0.000758674260453593,8.016138308083342e-05
0.01781148964129694,0.01781148964129694,1.325359400733194,0.004936017214624407,0.00020818372829196837,0.0007290908441769487,7.707240279788924e-05
0.01781148964129694,0.01781148964129694,1.337631247036279,0.004951899385046665,0.00021064514931894694,0.0006994857552535319,7.391345056767533e-05
0.01781148964129694,0.01781148964129694,1.3499030933393643,0.004965758124833298,0.00021305616077579813,0.0006677134016528783,7.068082285528882e-05
0.01781148964129694,0.01781148964129694,1.3621749396424494,0.00497961686461993,0.00021540767025838984,0.0006359410480522252,6.737126125511813e-05
0.01781148964129694,0.01781148964129694,1.3744467859455345,0.004992491327722573,0.00021769042520236188,0.0006032100485600227,6.398208489267859e-05
0.01781148964129694,0.01781148964129694,1.3867186322486196,0.005004278985319977,0.00021989510203932023,0.0005694205442292344,6.051130535731101e-05
0.01781148964129694,0.01781148964129694,1.3989904785517047,0.0050160666429173795,0.00022201238437042002,0.0005356310398984463,5.695772267457117e-05
0.01781148964129694,0.01781148964129694,1.41126232485479,0.005025910770820231,0.00022403303366940827,0.0005001414696673074,5.3321001326194634e-05
0.01781148964129694,0.01781148964129694,1.423534171157875,0.005035632149479216,0.00022594795615473899,0.00046454452685298924,4.960172576807199e-05
0.01781148964129694,0.01781148964129694,1.4358060174609601,0.005044527262258381,0.00022774826908680956,0.00042831535636405347,4.580143534949057e-05
0.01781148964129694,0.01781148964129694,1.4480778637640452,0.00505221320545732,0.00022942536904133805,0.00039116097464396985,4.192263891325834e-05
0.01781148964129694,0.01781148964129694,1.4603497100671303,0.0050598991486562606,0.0002309710038993643,0.00035400659292388623,3.796880970446682e-05
0.01781148964129694,0.01781148964129694,1.4726215563702154,0.005065852834122738,0.00023237734945069196,0.0003157486085433203,3.3944361517252304e-05
0.01781148964129694,0.01781148964129694,1.4848934026733007,0.005071550617878739,0.00023363709022450837,0.00027732759195154606,2.9854607249427398e-05
0.01781148964129694,0.01781148964129694,1.4971652489763858,0.005076596510912262,0.00023474350336786864,0.00023859096012867243,2.5705701250060006e-05
0.01781148964129694,0.01781148964129694,1.509437095279471,0.005080357795757375,0.00023569054349115883,0.00019923238064451315,2.1504566994062625e-05
0.01781148964129694,0.01781148964129694,1.521708941582556,0.005084119080602487,0.00023647292577076497,0.0001598738011603539,1.7258811746284035e-05
0.01781148964129694,0.01781148964129694,1.533980787885641,0.005086362200060278,0.00023708620397457599,0.00012005269820133753,1.2976629969280152e-05
0.01781148964129694,0.01781148964129694,1.5462526341887264,0.005088230463866878,0.00023752684025300867,8.011739191519522e-05,8.666697283958717e-06
0.01781148964129694,0.01781148964129694,1.5585244804918115,0.005089599290814288,0.00023779226327358985,4.01300306114036e-05,4.338056843804149e-06
0.01781148964129694,0.01781148964129694,1.5707963267948966,0.0050895992908142895,0.00023788091208837994,-2.1387667782938293e-17,2.1653280117739648e-20
0.01781148964129694,0.01781148964129694,1.5830681730979816,0.005089599290814291,0.00023779226327358985,-4.013003061144638e-05,-4.338056843804149e-06
0.01781148964129694,0.01781148964129694,1.5953400194010667,0.005088230463866882,0.00023752684025300867,-8.011739191523629e-05,-8.66669728396639e-06
0.01781148964129694,0.01781148964129694,1.607611865704152,0.005086362200060283,0.00023708620397457599,-0.00012005269820137627,-1.2976629969269457e-05
0.01781148964129694,0.01781148964129694,1.6198837120072371,0.005084119080602493,0.00023647292576968581,-0.00015987380116039092,-1.725881174627866e-05
0.01781148964129694,0.01781148964129694,1.6321555583103222,0.005080357795757381,0.00023569054349115883,-0.000199232380644551,-2.150456699403126e-05
0.01781148964129694,0.01781148964129694,1.6444274046134073,0.005076596510912268,0.00023474350336786864,-0.00023859096012871105,-2.570570125002833e-05
0.01781148964129694,0.01781148964129694,1.6566992509164924,0.005071550617878744,0.00023363709022492928,-0.0002773275919515861,-2.9854607249422024e-05
0.01781148964129694,0.01781148964129694,1.6689710972195777,0.005065852834122743,0.00023237734945069196,-0.00031574860854336205,-3.394436151714512e-05
0.01781148964129694,0.01781148964129694,1.6812429435226628,0.005059899148656265,0.000230971003898726,-0.0003540065929239295,-3.796880970446682e-05
0.01781148964129694,0.01781148964129694,1.6935147898257479,0.0050522132054573255,0.00022942536904133805,-0.00039116097464401365,-4.192263891317504e-05
0.01781148964129694,0.01781148964129694,1.705786636128833,0.005044527262258386,0.00022774826908723055,-0.0004283153563640978,-4.5801435349447793e-05
0.01781148964129694,0.01781148964129694,1.718058482431918,0.005035632149479224,0.00022594795615473899,-0.00046454452685303315,-4.960172576807199e-05
0.01781148964129694,0.01781148964129694,1.7303303287350031,0.005025910770820243,0.00022403303366940827,-0.0005001414696673502,-5.332100132625494e-05
0.01781148964129694,0.01781148964129694,1.7426021750380885,0.005016066642917396,0.00022201238437042002,-0.0005356310398984879,-5.695772267459112e-05
0.01781148964129694,0.01781148964129694,1.7548740213411735,0.005004278985319992,0.00021989510203932023,-0.0005694205442292762,-6.0511305357271116e-05
0.01781148964129694,0.01781148964129694,1.7671458676442586,0.004992491327722589,0.00021769042520473268,-0.0006032100485600644,-6.398208489286667e-05
0.01781148964129694,0.01781148964129694,1.7794177139473437,0.004979616864619947,0.00021540767025731065,-0.0006359410480522678,-6.7371261255077e-05
0.01781148964129694,0.01781148964129694,1.7916895602504288,0.004965758124833317,0.00021305616077880725,-0.000667713401652923,-7.068082285528882e-05
0.01781148964129694,0.01781148964129694,1.8039614065535141,0.0049518993850466856,0.00021064514931894694,-0.0006994857552535788,-7.391345056767533e-05
0.01781148964129694,0.01781148964129694,1.8162332528565992,0.004936017214624433,0.00020818372829162454,-0.0007290908441769951,-7.707240279782177e-05
0.01781148964129694,0.01781148964129694,1.8285050991596843,0.004920114809895823,0.00020568072653446778,-0.000758674260453639,-8.016138308083342e-05
0.01781148964129694,0.01781148964129694,1.8407769454627694,0.004903309986198711,0.00020314458917846444,-0.0007871983483249251,-8.318439220494578e-05
0.01781148964129694,0.01781148964129694,1.8530487917658545,0.004885426183300128,0.00020058323924665786,-0.0008144558478854574,-8.614556733561216e-05
0.01781148964129694,0.01781148964129694,1.8653206380689396,0.004867542380401544,0.00019800392098258288,-0.0008417133474459897,-8.904901110784374e-05
0.01781148964129694,0.01781148964129694,1.8775924843720249,0.004847923121369612,0.00019541302656820973,-0.0008667322038300088,-9.189861408202513e-05
0.01781148964129694,0.01781148964129694,1.88986433067511,0.004828154575788574,0.00019281590915733683,-0.0008915584887579832,-9.469787435899817e-05
0.01781148964129694,0.01781148964129694,1.902136176978195,0.004807707773598827,0.0001902166875481493,-0.0009154164995898906,-9.74497184441572e-05
0.01781148964129694,0.01781148964129694,1.9144080232812801,0.004786182717313182,0.00018761804898367575,-0.0009377352028844605,-0.00010015632768743183
0.01781148964129694,0.01781148964129694,1.9266798695843652,0.004764657661027537,0.00018502105810133082,-0.0009600539061790305,-0.00010281897474690136
0.01781148964129694,0.01781148964129694,1.9389517158874505,0.004741769304398816,0.00018242498135378061,-0.0009801951097625824,-0.00010543787450814838
0.01781148964129694,0.01781148964129694,1.9512235621905356,0.004718643162826535,0.00017982713655717488,-0.00099995651688491,-0.00010801205378167419
0.01781148964129694,0.01781148964129694,1.9634954084936207,0.004695065937721248,0.00017722277765887644,-0.0010188997888802686,-0.00011053924382279966
0.01781148964129694,0.01781148964129694,1.9757672547967058,0.004670516063747915,0.000174605024210682,-0.0010360789570081003,-0.00011301579934620398
0.01781148964129694,0.01781148964129694,1.9880391010997909,0.004645966189774584,0.00017196484415236531,-0.0010532581251359323,-0.00011543664714884922
0.01781148964129694,0.01781148964129694,2.000310947402876,0.004620454190611685,0.00016929109691667997,-0.001068416113686196,-0.00011779526683186346
0.01781148964129694,0.01781148964129694,2.012582793705961,0.004594674257851691,0.0001665706417136173,-0.0010830112421009348,-0.00012008370535341914
0.01781148964129694,0.01781148964129694,2.024854640009046,0.0045686404592342475,0.00016378851352972582,-0.0010969716604192624,-0.00012229262627618884
0.01781148964129694,0.01781148964129694,2.0371264863121317,0.004541834908410154,0.00016092816619317182,-0.0011090025600445008,-0.00012441139369704496
0.01781148964129694,0.01781148964129694,2.0493983326152168,0.004515029357586061,0.00015797177927550667,-0.0011210334596697387,-0.00012642818987657398
0.01781148964129694,0.01781148964129694,2.061670178918302,0.004487642357656605,0.00015490062217109145,-0.0011312648159748158,-0.0001283301646437317
0.01781148964129694,0.01781148964129694,2.073942025221387,0.004460021162948599,0.0001516954659253406,-0.0011407713562203838,-0.00013010361371684678
0.01781148964129694,0.01781148964129694,2.086213871524472,0.004432292167455878,0.00014833703086264625,-0.0011498383959470196,-0.00013173418223654201
0.01781148964129694,0.01781148964129694,2.098485717827557,0.004404066090566975,0.00014480645558327307,-0.0011568788499474684,-0.00013320708900147615
0.01781148964129694,0.01781148964129694,2.110757564130642,0.004375840013678071,0.00014108577177744316,-0.0011639193039479172,-0.00013450736628233624
0.01781148964129694,0.01781148964129694,2.1230294104337273,0.004347358122203993,0.00013715836795749796,-0.0011694208652101713,-0.00013562010954397698
0.01781148964129694,0.01781148964129694,2.1353012567368124,0.004318734548805819,0.00013300942531109544,-0.0011740701166481945,-0.00013653073114168582
0.01781148964129694,0.01781148964129694,2.1475731030398975,0.004290089517191893,0.0001286263096374226,-0.001178468694195106,-0.0001372252118252249
0.01781148964129694,0.01781148964129694,2.1598449493429825,0.004261268918358178,0.00012399890461059176,-0.0011808163035420128,-0.000137690344037151
0.01781148964129694,0.01781148964129694,2.172116795646068,0.004232448319524463,0.0001191198738306332,-0.00118316391288892,-0.00013791396116776575
0.01781148964129694,0.01781148964129694,2.184388641949153,0.004203624059095199,0.00011398484217533653,-0.0011842484681210941,-0.00013788514740741475
0.01781148964129694,0.01781148964129694,2.1966604882522383,0.0041747970840347514,0.00010859249013146722,-0.0011843966211647597,-0.0001375944234867804
0.01781148964129694,0.01781148964129694,2.2089323345553233,0.004145976927055392,0.00010294455844857972,-0.0011844621296239687,-0.00013703390429708283
0.01781148964129694,0.01781148964129694,2.2212041808584084,0.00411732210854241,9.70457645822378e-05,-0.0011825235069101061,-0.0001361974254032843
0.01781148964129694,0.01781148964129694,2.2334760271614935,0.004088667290029428,9.090363603433546e-05,-0.0011805848841962437,-0.0001350806363664177
0.01781148964129694,0.01781148964129694,2.2457478734645786,0.004060182566927202,8.45282693032795e-05,-0.0011776536482013117,-0.000133681059913886
0.01781148964129694,0.01781148964129694,2.2580197197676637,0.0040318646040315995,7.793202650285561e-05,-0.0011737492619308214,-0.00013199811705875335
0.01781148964129694,0.01781148964129694,2.270291566070749,0.004003546641135997,7.112918416130733e-05,-0.0011698448756603313,-0.00013003311929821572
0.01781148964129694,0.01781148964129694,2.282563412373834,0.003975700761367129,6.413555069506127e-05,-0.0011641565333504827,-0.000127789230038657
0.01781148964129694,0.01781148964129694,2.2948352586769194,0.003947869333122548,5.696807004694763e-05,-0.0011584135801414699,-0.00012527139822915423
0.01781148964129694,0.01781148964129694,2.3071071049800045,0.0039203082152597084,4.964442916451045e-05,-0.0011519268651671573,-0.00012248626795204114
0.01781148964129694,0.01781148964129694,2.3193789512830896,0.003893097272209577,4.218268615728116e-05,-0.0011444766406332515,-0.00011944206826322095
0.01781148964129694,0.01781148964129694,2.3316507975861747,0.0038658863291594456,3.46009346765033e-05,-0.001137026416099346,-0.00011614848793772808
0.01781148964129694,0.01781148964129694,2.3439226438892597,0.0038393406953192324,2.6917017236338045e-05,-0.0011281581595979791,-0.0001126165399808467
0.01781148964129694,0.01781148964129694,2.356194490192345,0.003812868172381208,1.914829758905747e-05,-0.0011191340754078804,-0.00010885842068633933
0.01781148964129694,0.01781148964129694,2.36846633649543,0.0037867035246000966,1.1311498578934915e-05,-0.0011095824010233972,-0.00010488736781589748
0.01781148964129694,0.01781148964129694,2.380738182798515,0.0037610714176309437,3.422608072562417e-06,-0.0010991181381945735,-0.0001007175220443469
0.01781148964129694,0.01781148964129694,2.3930100291016,0.0037354393106617907,-4.5031480925143266e-06,-0.0010886538753657495,-9.636379523417164e-05
0.01781148964129694,0.01781148964129694,2.405281875404685,0.0037105780544211646,-1.245127125953102e-05,-0.0010771018436371504,-9.184174838389207e-05
0.01781148964129694,0.01781148964129694,2.4175537217077703,0.0036858728036851213,-2.040790138380007e-05,-0.0010653296682026443,-8.716748130052022e-05
0.01781148964129694,0.01781148964129694,2.429825568010856,0.0036614641004947767,-2.8359685982665532e-05,-0.00105320742395051,-8.235753518995508e-05
0.01781148964129694,0.01781148964129694,2.442097414313941,0.003637757226495921,-3.6293620266468416e-05,-0.0010402566834966562,-7.742880846971345e-05
0.01781148964129694,0.01781148964129694,2.454369260617026,0.003614050352497066,-4.41968728232228e-05,-0.0010273059430428025,-7.239848531120769e-05
0.01781148964129694,0.01781148964129694,2.466641106920111,0.0035911484063570853,-5.205661268927184e-05,-0.0010135520794956104,-6.728397563311351e-05
0.01781148964129694,0.01781148964129694,2.478912953223196,0.0035684973468224678,-5.985985245805975e-05,-0.0009995478918673776,-6.210286462101061e-05
0.01781148964129694,0.01781148964129694,2.4911847995262812,0.003546096818867928,-6.759332131967481e-05,-0.0009853310855527351,-5.68728693745123e-05
0.01781148964129694,0.01781148964129694,2.5034566458293663,0.0035245459197501753,-7.524337971042656e-05,-0.0009703932245624422,-5.1611799898866204e-05
0.01781148964129694,0.01781148964129694,2.5157284921324514,0.003502995020632422,-8.279598445102181e-05,-0.0009554553635721491,-4.63375215531863e-05
0.01781148964129694,0.01781148964129694,2.5280003384355365,0.003482229034323766,-9.023671027151726e-05,-0.0009399490737601083,-4.106791604427044e-05
0.01781148964129694,0.01781148964129694,2.5402721847386216,0.0034618106522591383,-9.755082969178076e-05,-0.0009241910511841507,-3.58208383156263e-05
0.01781148964129694,0.01781148964129694,2.552544031041707,0.003441575091666857,-0.00010472344974764407,-0.0009083199769097618,-3.061406701903388e-05
0.01781148964129694,0.01781148964129694,2.564815877344792,0.0034223107701464215,-0.0001117397006293576,-0.0008918483154874607,-2.546524680597028e-05
0.01781148964129694,0.01781148964129694,2.5770877236478773,0.0034030464486259856,-0.00011858496735121277,-0.0008753766540651596,-2.0391821314342205e-05
0.01781148964129694,0.01781148964129694,2.5893595699509624,0.0033845094389726394,-0.00012524515359081767,-0.0008585215970855683,-1.5410956413863925e-05
0.01781148964129694,0.01781148964129694,2.6016314162540475,0.0033664111253661087,-0.0001317069638808666,-0.0008414352856428495,-1.0539454066598152e-05
0.01781148964129694,0.01781148964129694,2.6139032625571326,0.003348417032558213,-0.0001379581896683472,-0.0008243023195010568,-5.793657896630703e-06
0.01781148964129694,0.01781148964129694,2.6261751088602177,0.0033314883079141365,-0.00014398798339093803,-0.0008066924386576177,-1.1893522348924699e-06
0.01781148964129694,0.01781148964129694,2.6384469551633027,0.00331455958327006,-0.0001497871061134745,-0.0007890825578141788,3.2583429196481832e-06
0.01781148964129694,0.01781148964129694,2.650718801466388,0.0032982773662906537,-0.00015534813447682863,-0.0007712283761060362,7.535078150181705e-06
0.01781148964129694,0.01781148964129694,2.662990647769473,0.0032825146643989285,-0.00016066561552969315,-0.0007531778812030424,1.1627378806826714e-05
0.01781148964129694,0.01781148964129694,2.675262494072558,0.003266774863464483,-0.00016573616020813914,-0.0007351201415813441,1.5522743745401286e-05
0.01781148964129694,0.01781148964129694,2.6875343403756435,0.0032521686599154055,-0.00017055846974237292,-0.0007167037883837719,1.92097351862672e-05
0.01781148964129694,0.01781148964129694,2.6998061866787286,0.0032375624563663287,-0.00017513329288181164,-0.0006982874351862001,2.267805649548788e-05
0.01781148964129694,0.01781148964129694,2.7120780329818137,0.003223510369750779,-0.0001794633153370577,-0.0006797259020081173,2.5918615064182702e-05
0.01781148964129694,0.01781148964129694,2.724349879284899,0.003210046325595299,-0.00018355298651065883,-0.0006610103002792879,2.8923567980242433e-05
0.01781148964129694,0.01781148964129694,2.736621725587984,0.003196582281439819,-0.0001874082923208589,-0.0006422946985504584,3.1686348851568354e-05
0.01781148964129694,0.01781148964129694,2.748893571891069,0.0031841866813796865,-0.000191036485187519,-0.0006233503904433832,3.420167493441932e-05
0.01781148964129694,0.01781148964129694,2.761165418194154,0.00317184672944952,-0.0001944457847968717,-0.0006043941705457744,3.646553449273175e-05
0.01781148964129694,0.01781148964129694,2.773437264497239,0.003159965582565253,-0.00019764506490876763,-0.0005853590646827593,3.8475155221661195e-05
0.01781148964129694,0.01781148964129694,2.7857091108003242,0.0031487289475311776,-0.00020064354161803593,-0.000566213142820721,4.0228955316839546e-05
0.01781148964129694,0.01781148964129694,2.7979809571034093,0.003137492312497102,-0.0002034504784168181,-0.0005470672209586828,4.1726479562201554e-05
0.01781148964129694,0.01781148964129694,2.8102528034064944,0.0031272080487206744,-0.00020607492238441987,-0.0005277925137600976,4.2968323410183656e-05
0.01781148964129694,0.01781148964129694,2.82252464970958,0.0031170521945520194,-0.00020852548341750805,-0.0005085004422464717,4.395604854181909e-05
0.01781148964129694,0.01781148964129694,2.834796496012665,0.003107262750469284,-0.00021081016653306059,-0.000489170411820437,4.469209369174155e-05
0.01781148964129694,0.01781148964129694,2.84706834231575,0.003098164251119997,-0.00021293626304387712,-0.000469768801731002,4.5179684658842345e-05
0.01781148964129694,0.01781148964129694,2.859340188618835,0.0030890657517707097,-0.00021491030396672634,-0.0004503671916415669,4.542274736670199e-05
0.01781148964129694,0.01781148964129694,2.8716120349219203,0.0030808065997599736,-0.00021673807457710858,-0.0004309011301922931,4.542582754800288e-05
0.01781148964129694,0.01781148964129694,2.8838838812250054,0.0030727419306691463,-0.00021842468588491039,-0.0004114201348913494,4.5194020216236144e-05
0.01781148964129694,0.01781148964129694,2.8961557275280905,0.003064957516205752,-0.00021997469531219655,-0.00039192384896004676,4.4732911466885574e-05
0.01781148964129694,0.01781148964129694,2.9084275738311756,0.0030579037655924517,-0.00022139226598997822,-0.0003723876981710224,4.4048534415192427e-05
0.01781148964129694,0.01781148964129694,2.9206994201342606,0.0030508500149791515,-0.00022268135221626689,-0.00035285154738199807,4.314734026933759e-05
0.01781148964129694,0.01781148964129694,2.9329712664373457,0.0030445308563962995,-0.00022384589674923373,-0.0003332884605213979,4.2036184663094734e-05
0.01781148964129694,0.01781148964129694,2.945243112740431,0.003038466356384003,-0.00022489002536476261,-0.00031371603582265156,4.0722328485944575e-05
0.01781148964129694,0.01781148964129694,2.9575149590435164,0.003032603410290816,-0.00022581822428110156,-0.0002941390095252775,3.921345165876472e-05
0.01781148964129694,0.01781148964129694,2.9697868053466014,0.0030275082886513796,-0.0002266354872257879,-0.0002745444533283729,3.751767750076915e-05
0.01781148964129694,0.01781148964129694,2.9820586516496865,0.0030224131670119436,-0.00022734742091522932,-0.0002549498971314682,3.5643604780408036e-05
0.01781148964129694,0.01781148964129694,2.9943304979527716,0.0030179588446770543,-0.00022796030001369637,-0.00023534719936619582,3.3600344039702336e-05
0.01781148964129694,0.01781148964129694,3.0066023442558567,0.0030138154984752545,-0.00022848106643637037,-0.00021574055054568615,3.139755452805536e-05
0.01781148964129694,0.01781148964129694,3.018874190558942,0.0030098020111288264,-0.00022891727045793887,-0.00019613313923563181,2.904547799746171e-05
0.01781148964129694,0.01781148964129694,3.031146036862027,0.0030065955038122115,-0.00022927695547529602,-0.00017652098959769272,2.6554965734554653e-05
0.01781148964129694,0.01781148964129694,3.043417883165112,0.003003388996495596,-0.00022956849104874974,-0.00015690883995975364,2.39374955283391e-05
0.01781148964129694,0.01781148964129694,3.055689729468197,0.003000741086633437,-0.00022980036259941466,-0.00013729567344484612,2.1205175761826982e-05
0.01781148964129694,0.01781148964129694,3.067961575771282,0.002998459470184035,-0.00022998092861956613,-0.00011768184012536913,1.8370734470603137e-05
0.01781148964129694,0.01781148964129694,3.0802334220743677,0.0029962413513672146,-0.00023011815820435751,-9.806800978431683e-05,1.544749198234169e-05
0.01781148964129694,0.01781148964129694,3.0925052683774528,0.002994875915045055,-0.00023021936338117897,-7.845421943926356e-05,1.2449316583414185e-05
0.01781148964129694,0.01781148964129694,3.104777114680538,0.0029935104787228955,-0.0002302909408222568,-5.884042909421029e-05,9.390563548969543e-06
0.01781148964129694,0.01781148964129694,3.117048960983623,0.0029926320493231487,-0.00023033813724244957,-3.922683743983338e-05,6.285998725258945e-06
0.01781148964129694,0.01781148964129694,3.129320807286708,0.0029921774963188354,-0.00023036485174532837,-1.9613418719934048e-05,3.1507086637234965e-06
0.01781148964129694,0.01781148964129694,0.0,0.0029917229433145216,-0.00023037348617413928,-3.4717316315965895e-17,0.0
0.01781148964129694,0.01781148964129694,0.01227184630308513,0.0029921774963188397,-0.00023036485174532837,1.961341871986509e-05,-3.1507086637260664e-06
0.01781148964129694,0.01781148964129694,0.02454369260617026,0.002992632049323158,-0.00023033813724244957,3.92268374397649e-05,-6.285998725261631e-06
0.01781148964129694,0.01781148964129694,0.03681553890925539,0.0029935104787229046,-0.0002302909408222568,5.884042909414221e-05,-9.390563548969543e-06
0.01781148964129694,0.01781148964129694,0.04908738521234052,0.002994875915045059,-0.00023021936338117897,7.84542194391958e-05,-1.2449316583414185e-05
0.01781148964129694,0.01781148964129694,0.06135923151542565,0.0029962413513672133,-0.00023011815820435751,9.806800978424938e-05,-1.5447491982342896e-05
0.01781148964129694,0.01781148964129694,0.07363107781851078,0.002998459470184036,-0.00022998092861956613,0.00011768184012530095,-1.8370734470571468e-05
0.01781148964129694,0.01781148964129694,0.0859029241215959,0.003000741086633441,-0.00022980036259941466,0.00013729567344477792,-2.1205175761821612e-05
0.01781148964129694,0.01781148964129694,0.09817477042468103,0.0030033889964956,-0.00022956849104874974,0.00015690883995968542,-2.39374955283391e-05
0.01781148964129694,0.01781148964129694,0.11044661672776616,0.0030065955038122115,-0.0002292769554731376,0.00017652098959762446,-2.6554965734554653e-05
0.01781148964129694,0.01781148964129694,0.1227184630308513,0.003009802011128823,-0.00022891727045793887,0.0001961331392355635,-2.9045477997367667e-05
0.01781148964129694,0.01781148964129694,0.1349903093339364,0.003013815498475251,-0.00022848106643637037,0.00021574055054561744,-3.1397554528108874e-05
0.01781148964129694,0.01781148964129694,0.14726215563702155,0.003017958844677052,-0.00022796030001369637,0.00023534719936612667,-3.3600344039691596e-05
0.01781148964129694,0.01781148964129694,0.1595340019401067,0.0030224131670119414,-0.00022734742091522932,0.00025494989713139877,-3.5643604780408036e-05
0.01781148964129694,0.01781148964129694,0.1718058482431918,0.003027508288651376,-0.0002266354872257879,0.0002745444533283033,-3.751767750079876e-05
0.01781148964129694,0.01781148964129694,0.18407769454627693,0.003032603410290811,-0.00022581822428110156,0.0002941390095252078,-3.921345165876472e-05
0.01781148964129694,0.01781148964129694,0.19634954084936207,0.0030384663563839966,-0.00022489002536560455,0.00031371603582258087,-4.0722328486070024e-05
0.01781148964129694,0.01781148964129694,0.2086213871524472,0.0030445308563962913,-0.00022384589675456443,0.0003332884605213269,-4.2036184663094734e-05
0.01781148964129694,0.01781148964129694,0.22089323345553233,0.0030508500149791415,-0.00022268135221352933,0.0003528515473819266,-4.314734026946428e-05
0.01781148964129694,0.01781148964129694,0.23316507975861744,0.0030579037655924404,-0.00022139226598997822,0.0003723876981709505,-4.404853441527345e-05
0.01781148964129694,0.01781148964129694,0.2454369260617026,0.0030649575162057393,-0.00021997469531219655,0.00039192384895997434,-4.4732911466885574e-05
0.01781148964129694,0.01781148964129694,0.25770877236478773,0.003072741930669133,-0.000218424685882752,0.0004114201348912767,-4.5194020216236144e-05
0.01781148964129694,0.01781148964129694,0.2699806186678728,0.0030808065997599606,-0.00021673807457710858,0.0004309011301922201,-4.542582754781479e-05
0.01781148964129694,0.01781148964129694,0.28225246497095796,0.003089065751770696,-0.00021491030396672634,0.00045036719164149376,-4.542274736685016e-05
0.01781148964129694,0.01781148964129694,0.2945243112740431,0.0030981642511199816,-0.00021293626304387712,0.00046976880173092944,-4.5179684658842345e-05
0.01781148964129694,0.01781148964129694,0.30679615757712825,0.003107262750469267,-0.00021081016653306059,0.0004891704118203652,-4.4692093691612714e-05
0.01781148964129694,0.01781148964129694,0.3190680038802134,0.0031170521945520033,-0.00020852548341750805,0.0005085004422463999,-4.395604854187834e-05
0.01781148964129694,0.01781148964129694,0.3313398501832985,0.00312720804872066,-0.00020607492238441987,0.000527792513760025,-4.296832341020997e-05
0.01781148964129694,0.01781148964129694,0.3436116964863836,0.00313749231249709,-0.00020345047841766007,0.0005470672209586102,-4.172647956217524e-05
0.01781148964129694,0.01781148964129694,0.35588354278946877,0.0031487289475311646,-0.00020064354161675936,0.0005662131428206483,-4.022895531668655e-05
0.01781148964129694,0.01781148964129694,0.36815538909255385,0.0031599655825652394,-0.00019764506490876763,0.0005853590646826863,-3.847515522159374e-05
0.01781148964129694,0.01781148964129694,0.380427235395639,0.003171846729449506,-0.0001944457847968717,0.0006043941705457019,-3.64655344926244e-05
0.01781148964129694,0.01781148964129694,0.39269908169872414,0.0031841866813796717,-0.0001910364851883609,0.0006233503904433114,-3.4201674934440815e-05
0.01781148964129694,0.01781148964129694,0.4049709280018093,0.003196582281439803,-0.0001874082923208589,0.0006422946985503873,-3.168634885137008e-05
0.01781148964129694,0.01781148964129694,0.4172427743048944,0.003210046325595284,-0.00018355298651065883,0.0006610103002792168,-2.8923567980242433e-05
0.01781148964129694,0.01781148964129694,0.4295146206079795,0.003223510369750765,-0.00017946331533636998,0.0006797259020080463,-2.591861506384954e-05
0.01781148964129694,0.01781148964129694,0.44178646691106466,0.0032375624563663148,-0.00017513329288181164,0.0006982874351861294,-2.2678056495316782e-05
0.01781148964129694,0.01781148964129694,0.4540583132141498,0.003252168659915392,-0.0001705584697451105,0.0007167037883837015,-1.9209735186616177e-05
0.01781148964129694,0.01781148964129694,0.4663301595172349,0.0032667748634644693,-0.00016573616020813914,0.0007351201415812734,-1.5522743745483567e-05
0.01781148964129694,0.01781148964129694,0.47860200582032003,0.003282514664398913,-0.000160665615527689,0.0007531778812029726,-1.1627378807024984e-05
0.01781148964129694,0.01781148964129694,0.4908738521234052,0.0032982773662906363,-0.00015534813448026365,0.0007712283761059672,-7.535078150099423e-06
0.01781148964129694,0.01781148964129694,0.5031456984264903,0.003314559583270041,-0.0001497871061134745,0.00078908255781411,-3.2583429200769543e-06
0.01781148964129694,0.01781148964129694,0.5154175447295755,0.0033314883079141157,-0.0001439879833969564,0.0008066924386575485,1.1893522352782605e-06
0.01781148964129694,0.01781148964129694,0.5276893910326605,0.00334841703255819,-0.00013795818966918914,0.0008243023195009868,5.7936578966833225e-06
0.01781148964129694,0.01781148964129694,0.5399612373357456,0.0033664111253660844,-0.0001317069638808666,0.0008414352856427796,1.05394540669743e-05
0.01781148964129694,0.01781148964129694,0.5522330836388308,0.0033845094389726134,-0.00012524515359081767,0.0008585215970854986,1.5410956413863925e-05
0.01781148964129694,0.01781148964129694,0.5645049299419159,0.003403046448625959,-0.00011858496735052511,0.0008753766540650898,2.0391821314342205e-05
0.01781148964129694,0.01781148964129694,0.5767767762450011,0.003422310770146396,-0.0001117397006233392,0.000891848315487391,2.546524680597028e-05
0.01781148964129694,0.01781148964129694,0.5890486225480862,0.0034415750916668326,-0.00010472344974764407,0.000908319976909692,3.061406701920498e-05
0.01781148964129694,0.01781148964129694,0.6013204688511713,0.0034618106522591122,-9.755082969779914e-05,0.0009241910511840802,3.58208383156263e-05
0.01781148964129694,0.01781148964129694,0.6135923151542565,0.003482229034323739,-9.023671027020078e-05,0.0009399490737600378,4.1067916044323056e-05
0.01781148964129694,0.01781148964129694,0.6258641614573416,0.0035029950206323943,-8.279598445102181e-05,0.0009554553635720787,4.63375215531863e-05
0.01781148964129694,0.01781148964129694,0.6381360077604268,0.0035245459197501467,-7.524337970914993e-05,0.0009703932245623726,5.161179989866796e-05
0.01781148964129694,0.01781148964129694,0.6504078540635119,0.003546096818867899,-6.759332131839817e-05,0.0009853310855526662,5.687286937421842e-05
0.01781148964129694,0.01781148964129694,0.662679700366597,0.0035684973468224383,-5.985985245805975e-05,0.0009995478918673089,6.210286462101061e-05
0.01781148964129694,0.01781148964129694,0.6749515466696822,0.0035911484063570562,-5.205661268927184e-05,0.0010135520794955417,6.728397563311351e-05
0.01781148964129694,0.01781148964129694,0.6872233929727672,0.0036140503524970374,-4.41968728232228e-05,0.0010273059430427342,7.239848531120769e-05
0.01781148964129694,0.01781148964129694,0.6994952392758523,0.003637757226495893,-3.6293620266468416e-05,0.001040256683496589,7.742880846971345e-05
0.01781148964129694,0.01781148964129694,0.7117670855789375,0.003661464100494749,-2.8359685982665532e-05,0.0010532074239504438,8.235753519002523e-05
0.01781148964129694,0.01781148964129694,0.7240389318820226,0.003685872803685092,-2.0407901378216377e-05,0.0010653296682025784,8.716748130026935e-05
0.01781148964129694,0.01781148964129694,0.7363107781851077,0.0037105780544211342,-1.2451271256937888e-05,0.0010771018436370847,9.184174838375718e-05
0.01781148964129694,0.01781148964129694,0.7485826244881929,0.003735439310661759,-4.503148090355891e-06,0.001088653875365684,9.63637952345478e-05
0.01781148964129694,0.01781148964129694,0.760854470791278,0.003761071417630909,3.4226080745267104e-06,0.0010991181381945073,0.0001007175220443469
0.01781148964129694,0.01781148964129694,0.7731263170943632,0.0037867035246000593,1.1311498578092981e-05,0.0011095824010233309,0.00010488736781589748
0.01781148964129694,0.01781148964129694,0.7853981633974483,0.003812868172381167,1.914829758905747e-05,0.001119134075407813,0.00010885842068633933
0.01781148964129694,0.01781148964129694,0.7976700097005334,0.003839340695319188,2.6917017236338045e-05,0.0011281581595979104,0.0001126165399808467
0.01781148964129694,0.01781148964129694,0.8099418560036186,0.0038658863291593983,3.46009346765033e-05,0.0011370264160992763,0.00011614848793772808
0.01781148964129694,0.01781148964129694,0.8222137023067037,0.0038930972722095287,4.218268615728116e-05,0.0011444766406331838,0.00011944206826322095
0.01781148964129694,0.01781148964129694,0.8344855486097889,0.003920308215259659,4.964442916451045e-05,0.0011519268651670913,0.00012248626795204114
0.01781148964129694,0.01781148964129694,0.8467573949128739,0.0039478693331225,5.696807005037779e-05,0.0011584135801414044,0.00012527139822890335
0.01781148964129694,0.01781148964129694,0.859029241215959,0.00397570076136708,6.413555069407913e-05,0.001164156533350417,0.00012778923003872714
0.01781148964129694,0.01781148964129694,0.8713010875190442,0.004003546641135948,7.112918416130733e-05,0.0011698448756602654,0.00013003311929829552
0.01781148964129694,0.01781148964129694,0.8835729338221293,0.004031864604031549,7.793202650415216e-05,0.0011737492619307557,0.00013199811705888828
0.01781148964129694,0.01781148964129694,0.8958447801252144,0.00406018256692715,8.452826930499705e-05,0.0011776536482012462,0.00013368105991396582
0.01781148964129694,0.01781148964129694,0.9081166264282996,0.004088667290029376,9.090363603467929e-05,0.0011805848841961787,0.0001350806363664177
0.01781148964129694,0.01781148964129694,0.9203884727313847,0.00411732210854236,9.704576458181685e-05,0.0011825235069100415,0.0001361974254032843
0.01781148964129694,0.01781148964129694,0.9326603190344698,0.004145976927055342,0.00010294455844994851,0.0011844621296239046,0.00013703390429728113
0.01781148964129694,0.01781148964129694,0.944932165337555,0.004174797084034701,0.00010859249013318476,0.0011843966211646955,0.0001375944234867804
0.01781148964129694,0.01781148964129694,0.9572040116406401,0.004203624059095147,0.00011398484217533653,0.0011842484681210302,0.00013788514740741475
0.01781148964129694,0.01781148964129694,0.9694758579437253,0.004232448319524409,0.00011911987382818515,0.0011831639128888562,0.00013791396116758783
0.01781148964129694,0.01781148964129694,0.9817477042468103,0.004261268918358121,0.0001239989046106689,0.00118081630354195,0.00013769034403736508
0.01781148964129694,0.01781148964129694,0.9940195505498954,0.004290089517191833,0.000128626309639063,0.0011784686941950437,0.00013722521182504702
0.01781148964129694,0.01781148964129694,1.0062913968529805,0.0043187345488057615,0.000133009425312813,0.0011740701166481331,0.0001365307311418909
0.01781148964129694,0.01781148964129694,1.0185632431560658,0.004347358122203939,0.00013715836795749796,0.001169420865210111,0.00013562010954435311
0.01781148964129694,0.01781148964129694,1.030835089459151,0.0043758400136780186,0.00014108577177744316,0.0011639193039478578,0.0001345073662819601
0.01781148964129694,0.01781148964129694,1.043106935762236,0.004404066090566923,0.00014480645558090217,0.0011568788499474096,0.00013320708900142354
0.01781148964129694,0.01781148964129694,1.055378782065321,0.004432292167455826,0.00014833703086264625,0.0011498383959469612,0.00013173418223654201
0.01781148964129694,0.01781148964129694,1.0676506283684062,0.004460021162948546,0.0001516954659253406,0.0011407713562203256,0.00013010361371727555
0.01781148964129694,0.01781148964129694,1.0799224746714913,0.00448764235765655,0.00015490062217109145,0.001131264815974758,0.00012833016464390283
0.01781148964129694,0.01781148964129694,1.0921943209745766,0.004515029357586008,0.0001579717792734996,0.0011210334596696808,0.00012642818987657398
0.01781148964129694,0.01781148964129694,1.1044661672776617,0.004541834908410104,0.00016092816619411968,0.0011090025600444435,0.00012441139369700197
0.01781148964129694,0.01781148964129694,1.1167380135807468,0.004568640459234199,0.00016378851353080506,0.0010969716604192065,0.00012229262627623186
0.01781148964129694,0.01781148964129694,1.1290098598838318,0.004594674257851641,0.0001665706417119769,0.0010830112421008795,0.0001200837053533665
0.01781148964129694,0.01781148964129694,1.141281706186917,0.004620454190611631,0.00016929109691625897,0.0010684161136861414,0.00011779526683181084
0.01781148964129694,0.01781148964129694,1.1535535524900022,0.004645966189774528,0.00017196484415236531,0.0010532581251358776,0.00011543664714889218
0.01781148964129694,0.01781148964129694,1.1658253987930873,0.00467051606374786,0.000174605024210682,0.0010360789570080455,0.00011301579934628376
0.01781148964129694,0.01781148964129694,1.1780972450961724,0.004695065937721191,0.00017722277766024525,0.0010188997888802133,0.0001105392438227861
0.01781148964129694,0.01781148964129694,1.1903690913992575,0.004718643162826477,0.0001798271365541657,0.0009999565168848548,0.00010801205378167419
0.01781148964129694,0.01781148964129694,1.2026409377023426,0.004741769304398758,0.00018242498135441894,0.0009801951097625275,0.00010543787450815316
0.01781148964129694,0.01781148964129694,1.214912784005428,0.004764657661027479,0.00018502105809790065,0.000960053906178976,0.00010281897474705441
0.01781148964129694,0.01781148964129694,1.227184630308513,0.004786182717313127,0.0001876180489840196,0.0009377352028844076,0.00010015632768743183
0.01781148964129694,0.01781148964129694,1.239456476611598,0.004807707773598776,0.00019021668754986684,0.0009154164995898392,9.744971844407647e-05
0.01781148964129694,0.01781148964129694,1.2517283229146832,0.004828154575788526,0.00019281590915733683,0.0008915584887579328,9.469787435899817e-05
0.01781148964129694,0.01781148964129694,1.2640001692177683,0.004847923121369565,0.00019541302656778876,0.0008667322038299589,9.189861408198523e-05
0.01781148964129694,0.01781148964129694,1.2762720155208536,0.004867542380401499,0.00019800392098292665,0.0008417133474459405,8.904901110786526e-05
0.01781148964129694,0.01781148964129694,1.2885438618239387,0.004885426183300088,0.00020058323924665786,0.0008144558478854096,8.614556733565206e-05
0.01781148964129694,0.01781148964129694,1.3008157081270237,0.004903309986198676,0.00020314458917880827,0.0007871983483248787,8.31843922050531e-05
0.01781148964129694,0.01781148964129694,1.3130875544301088,0.004920114809895793,0.00020568072653446778,0.000758674260453593,8.016138308083342e-05
0.01781148964129694,0.01781148964129694,1.325359400733194,0.004936017214624407,0.00020818372829196837,0.0007290908441769487,7.707240279788924e-05
0.01781148964129694,0.01781148964129694,1.337631247036279,0.004951899385046665,0.00021064514931894694,0.0006994857552535319,7.391345056767533e-05
0.01781148964129694,0.01781148964129694,1.3499030933393643,0.004965758124833298,0.00021305616077579813,0.0006677134016528783,7.068082285528882e-05
0.01781148964129694,0.01781148964129694,1.3621749396424494,0.00497961686461993,0.00021540767025838984,0.0006359410480522252,6.737126125511813e-05
0.01781148964129694,0.01781148964129694,1.3744467859455345,0.004992491327722573,0.00021769042520236188,0.0006032100485600227,6.398208489267859e-05
0.01781148964129694,0.01781148964129694,1.3867186322486196,0.005004278985319977,0.00021989510203932023,0.0005694205442292344,6.051130535731101e-05
0.01781148964129694,0.01781148964129694,1.3989904785517047,0.0050160666429173795,0.00022201238437042002,0.0005356310398984463,5.695772267457117e-05
0.01781148964129694,0.01781148964129694,1.41126232485479,0.005025910770820231,0.00022403303366940827,0.0005001414696673074,5.3321001326194634e-05
0.01781148964129694,0.01781148964129694,1.423534171157875,0.005035632149479216,0.00022594795615473899,0.00046454452685298924,4.960172576807199e-05
0.01781148964129694,0.01781148964129694,1.4358060174609601,0.005044527262258381,0.00022774826908680956,0.00042831535636405347,4.580143534949057e-05
0.01781148964129694,0.01781148964129694,1.4480778637640452,0.00505221320545732,0.00022942536904133805,0.00039116097464396985,4.192263891325834e-05
0.01781148964129694,0.01781148964129694,1.4603497100671303,0.0050598991486562606,0.0002309710038993643,0.00035400659292388623,3.796880970446682e-05
0.01781148964129694,0.01781148964129694,1.4726215563702154,0.005065852834122738,0.00023237734945069196,0.0003157486085433203,3.3944361517252304e-05
0.01781148964129694,0.01781148964129694,1.4848934026733007,0.005071550617878739,0.00023363709022450837,0.00027732759195154606,2.9854607249427398e-05
0.01781148964129694,0.01781148964129694,1.4971652489763858,0.005076596510912262,0.00023474350336786864,0.00023859096012867243,2.5705701250060006e-05
0.01781148964129694,0.01781148964129694,1.509437095279471,0.005080357795757375,0.00023569054349115883,0.00019923238064451315,2.1504566994062625e-05
0.01781148964129694,0.01781148964129694,1.521708941582556,0.005084119080602487,0.00023647292577076497,0.0001598738011603539,1.7258811746284035e-05
0.01781148964129694,0.01781148964129694,1.533980787885641,0.005086362200060278,0.00023708620397457599,0.00012005269820133753,1.2976629969280152e-05
0.01781148964129694,0.01781148964129694,1.5462526341887264,0.005088230463866878,0.00023752684025300867,8.011739191519522e-05,8.666697283958717e-06
0.01781148964129694,0.01781148964129694,1.5585244804918115,0.005089599290814288,0.00023779226327358985,4.01300306114036e-05,4.338056843804149e-06
0.01781148964129694,0.01781148964129694,1.5707963267948966,0.0050895992908142895,0.00023788091208837994,-2.1387667782938293e-17,2.1653280117739648e-20
0.01781148964129694,0.01781148964129694,1.5830681730979816,0.005089599290814291,0.00023779226327358985,-4.013003061144638e-05,-4.338056843804149e-06
0.01781148964129694,0.01781148964129694,1.5953400194010667,0.005088230463866882,0.00023752684025300867,-8.011739191523629e-05,-8.66669728396639e-06
0.01781148964129694,0.01781148964129694,1.607611865704152,0.005086362200060283,0.00023708620397457599,-0.00012005269820137627,-1.2976629969269457e-05
0.01781148964129694,0.01781148964129694,1.6198837120072371,0.005084119080602493,0.00023647292576968581,-0.00015987380116039092,-1.725881174627866e-05
0.01781148964129694,0.01781148964129694,1.6321555583103222,0.005080357795757381,0.00023569054349115883,-0.000199232380644551,-2.150456699403126e-05
0.01781148964129694,0.01781148964129694,1.6444274046134073,0.005076596510912268,0.00023474350336786864,-0.00023859096012871105,-2.570570125002833e-05
0.01781148964129694,0.01781148964129694,1.6566992509164924,0.005071550617878744,0.00023363709022492928,-0.0002773275919515861,-2.9854607249422024e-05
0.01781148964129694,0.01781148964129694,1.6689710972195777,0.005065852834122743,0.00023237734945069196,-0.00031574860854336205,-3.394436151714512e-05
0.01781148964129694,0.01781148964129694,1.6812429435226628,0.005059899148656265,0.000230971003898726,-0.0003540065929239295,-3.796880970446682e-05
0.01781148964129694,0.01781148964129694,1.6935147898257479,0.0050522132054573255,0.00022942536904133805,-0.00039116097464401365,-4.192263891317504e-05
0.01781148964129694,0.01781148964129694,1.705786636128833,0.005044527262258386,0.00022774826908723055,-0.0004283153563640978,-4.5801435349447793e-05
0.01781148964129694,0.01781148964129694,1.718058482431918,0.005035632149479224,0.00022594795615473899,-0.00046454452685303315,-4.960172576807199e-05
0.01781148964129694,0.01781148964129694,1.7303303287350031,0.005025910770820243,0.00022403303366940827,-0.0005001414696673502,-5.332100132625494e-05
0.01781148964129694,0.01781148964129694,1.7426021750380885,0.005016066642917396,0.00022201238437042002,-0.0005356310398984879,-5.695772267459112e-05
0.01781148964129694,0.01781148964129694,1.7548740213411735,0.005004278985319992,0.00021989510203932023,-0.0005694205442292762,-6.0511305357271116e-05
0.01781148964129694,0.01781148964129694,1.7671458676442586,0.004992491327722589,0.00021769042520473268,-0.0006032100485600644,-6.398208489286667e-05
0.01781148964129694,0.01781148964129694,1.7794177139473437,0.004979616864619947,0.00021540767025731065,-0.0006359410480522678,-6.7371261255077e-05
0.01781148964129694,0.01781148964129694,1.7916895602504288,0.004965758124833317,0.00021305616077880725,-0.000667713401652923,-7.068082285528882e-05
0.01781148964129694,0.01781148964129694,1.8039614065535141,0.0049518993850466856,0.00021064514931894694,-0.0006994857552535788,-7.391345056767533e-05
0.01781148964129694,0.01781148964129694,1.8162332528565992,0.004936017214624433,0.00020818372829162454,-0.0007290908441769951,-7.707240279782177e-05
0.01781148964129694,0.01781148964129694,1.8285050991596843,0.004920114809895823,0.00020568072653446778,-0.000758674260453639,-8.016138308083342e-05
0.01781148964129694,0.01781148964129694,1.8407769454627694,0.004903309986198711,0.00020314458917846444,-0.0007871983483249251,-8.318439220494578e-05
0.01781148964129694,0.01781148964129694,1.8530487917658545,0.004885426183300128,0.00020058323924665786,-0.0008144558478854574,-8.614556733561216e-05
0.01781148964129694,0.01781148964129694,1.8653206380689396,0.004867542380401544,0.00019800392098258288,-0.0008417133474459897,-8.904901110784374e-05
0.01781148964129694,0.01781148964129694,1.8775924843720249,0.004847923121369612,0.00019541302656820973,-0.0008667322038300088,-9.189861408202513e-05
0.01781148964129694,0.01781148964129694,1.88986433067511,0.004828154575788574,0.00019281590915733683,-0.0008915584887579832,-9.469787435899817e-05
0.01781148964129694,0.01781148964129694,1.902136176978195,0.004807707773598827,0.0001902166875481493,-0.0009154164995898906,-9.74497184441572e-05
0.01781148964129694,0.01781148964129694,1.9144080232812801,0.004786182717313182,0.00018761804898367575,-0.0009377352028844605,-0.00010015632768743183
0.01781148964129694,0.01781148964129694,1.9266798695843652,0.004764657661027537,0.00018502105810133082,-0.0009600539061790305,-0.00010281897474690136
0.01781148964129694,0.01781148964129694,1.9389517158874505,0.004741769304398816,0.00018242498135378061,-0.0009801951097625824,-0.00010543787450814838
0.01781148964129694,0.01781148964129694,1.9512235621905356,0.004718643162826535,0.00017982713655717488,-0.00099995651688491,-0.00010801205378167419
0.01781148964129694,0.01781148964129694,1.9634954084936207,0.004695065937721248,0.00017722277765887644,-0.0010188997888802686,-0.00011053924382279966
0.01781148964129694,0.01781148964129694,1.9757672547967058,0.004670516063747915,0.000174605024210682,-0.0010360789570081003,-0.00011301579934620398
0.01781148964129694,0.01781148964129694,1.9880391010997909,0.004645966189774584,0.00017196484415236531,-0.0010532581251359323,-0.00011543664714884922
0.01781148964129694,0.01781148964129694,2.000310947402876,0.004620454190611685,0.00016929109691667997,-0.001068416113686196,-0.00011779526683186346
0.01781148964129694,0.01781148964129694,2.012582793705961,0.004594674257851691,0.0001665706417136173,-0.0010830112421009348,-0.00012008370535341914
0.01781148964129694,0.01781148964129694,2.024854640009046,0.0045686404592342475,0.00016378851352972582,-0.0010969716604192624,-0.00012229262627618884
0.01781148964129694,0.01781148964129694,2.0371264863121317,0.004541834908410154,0.00016092816619317182,-0.0011090025600445008,-0.00012441139369704496
0.01781148964129694,0.01781148964129694,2.0493983326152168,0.004515029357586061,0.00015797177927550667,-0.0011210334596697387,-0.00012642818987657398
0.01781148964129694,0.01781148964129694,2.061670178918302,0.004487642357656605,0.00015490062217109145,-0.0011312648159748158,-0.0001283301646437317
0.01781148964129694,0.01781148964129694,2.073942025221387,0.004460021162948599,0.0001516954659253406,-0.0011407713562203838,-0.00013010361371684678
0.01781148964129694,0.01781148964129694,2.086213871524472,0.004432292167455878,0.00014833703086264625,-0.0011498383959470196,-0.00013173418223654201
0.01781148964129694,0.01781148964129694,2.098485717827557,0.004404066090566975,0.00014480645558327307,-0.0011568788499474684,-0.00013320708900147615
0.01781148964129694,0.01781148964129694,2.110757564130642,0.004375840013678071,0.00014108577177744316,-0.0011639193039479172,-0.00013450736628233624
0.01781148964129694,0.01781148964129694,2.1230294104337273,0.004347358122203993,0.00013715836795749796,-0.0011694208652101713,-0.00013562010954397698
0.01781148964129694,0.01781148964129694,2.1353012567368124,0.004318734548805819,0.00013300942531109544,-0.0011740701166481945,-0.00013653073114168582
0.01781148964129694,0.01781148964129694,2.1475731030398975,0.004290089517191893,0.0001286263096374226,-0.001178468694195106,-0.0001372252118252249
0.01781148964129694,0.01781148964129694,2.1598449493429825,0.004261268918358178,0.00012399890461059176,-0.0011808163035420128,-0.000137690344037151
0.01781148964129694,0.01781148964129694,2.172116795646068,0.004232448319524463,0.0001191198738306332,-0.00118316391288892,-0.00013791396116776575
0.01781148964129694,0.01781148964129694,2.184388641949153,0.004203624059095199,0.00011398484217533653,-0.0011842484681210941,-0.00013788514740741475
0.01781148964129694,0.01781148964129694,2.1966604882522383,0.0041747970840347514,0.00010859249013146722,-0.0011843966211647597,-0.0001375944234867804
0.01781148964129694,0.01781148964129694,2.2089323345553233,0.004145976927055392,0.00010294455844857972,-0.0011844621296239687,-0.00013703390429708283
0.01781148964129694,0.01781148964129694,2.2212041808584084,0.00411732210854241,9.70457645822378e-05,-0.0011825235069101061,-0.0001361974254032843
0.01781148964129694,0.01781148964129694,2.2334760271614935,0.004088667290029428,9.090363603433546e-05,-0.0011805848841962437,-0.0001350806363664177
0.01781148964129694,0.01781148964129694,2.2457478734645786,0.004060182566927202,8.45282693032795e-05,-0.0011776536482013117,-0.000133681059913886
0.01781148964129694,0.01781148964129694,2.2580197197676637,0.0040318646040315995,7.793202650285561e-05,-0.0011737492619308214,-0.00013199811705875335
0.01781148964129694,0.01781148964129694,2.270291566070749,0.004003546641135997,7.112918416130733e-05,-0.0011698448756603313,-0.00013003311929821572
0.01781148964129694,0.01781148964129694,2.282563412373834,0.003975700761367129,6.413555069506127e-05,-0.0011641565333504827,-0.000127789230038657
0.01781148964129694,0.01781148964129694,2.2948352586769194,0.003947869333122548,5.696807004694763e-05,-0.0011584135801414699,-0.00012527139822915423
0.01781148964129694,0.01781148964129694,2.3071071049800045,0.0039203082152597084,4.964442916451045e-05,-0.0011519268651671573,-0.00012248626795204114
0.01781148964129694,0.01781148964129694,2.3193789512830896,0.003893097272209577,4.218268615728116e-05,-0.0011444766406332515,-0.00011944206826322095
0.01781148964129694,0.01781148964129694,2.3316507975861747,0.0038658863291594456,3.46009346765033e-05,-0.001137026416099346,-0.00011614848793772808
0.01781148964129694,0.01781148964129694,2.3439226438892597,0.0038393406953192324,2.6917017236338045e-05,-0.0011281581595979791,-0.0001126165399808467
0.01781148964129694,0.01781148964129694,2.356194490192345,0.003812868172381208,1.914829758905747e-05,-0.0011191340754078804,-0.00010885842068633933
0.01781148964129694,0.01781148964129694,2.36846633649543,0.0037867035246000966,1.1311498578934915e-05,-0.0011095824010233972,-0.00010488736781589748
0.01781148964129694,0.01781148964129694,2.380738182798515,0.0037610714176309437,3.422608072562417e-06,-0.0010991181381945735,-0.0001007175220443469
0.01781148964129694,0.01781148964129694,2.3930100291016,0.0037354393106617907,-4.5031480925143266e-06,-0.0010886538753657495,-9.636379523417164e-05
0.01781148964129694,0.01781148964129694,2.405281875404685,0.0037105780544211646,-1.245127125953102e-05,-0.0010771018436371504,-9.184174838389207e-05
0.01781148964129694,0.01781148964129694,2.4175537217077703,0.0036858728036851213,-2.040790138380007e-05,-0.0010653296682026443,-8.716748130052022e-05
0.01781148964129694,0.01781148964129694,2.429825568010856,0.0036614641004947767,-2.8359685982665532e-05,-0.00105320742395051,-8.235753518995508e-05
0.01781148964129694,0.01781148964129694,2.442097414313941,0.003637757226495921,-3.6293620266468416e-05,-0.0010402566834966562,-7.742880846971345e-05
0.01781148964129694,0.01781148964129694,2.454369260617026,0.003614050352497066,-4.41968728232228e-05,-0.0010273059430428025,-7.239848531120769e-05
0.01781148964129694,0.01781148964129694,2.466641106920111,0.0035911484063570853,-5.205661268927184e-05,-0.0010135520794956104,-6.728397563311351e-05
0.01781148964129694,0.01781148964129694,2.478912953223196,0.0035684973468224678,-5.985985245805975e-05,-0.0009995478918673776,-6.210286462101061e-05
0.01781148964129694,0.01781148964129694,2.4911847995262812,0.003546096818867928,-6.759332131967481e-05,-0.0009853310855527351,-5.68728693745123e-05
0.01781148964129694,0.01781148964129694,2.5034566458293663,0.0035245459197501753,-7.524337971042656e-05,-0.0009703932245624422,-5.1611799898866204e-05
0.01781148964129694,0.01781148964129694,2.5157284921324514,0.003502995020632422,-8.279598445102181e-05,-0.0009554553635721491,-4.63375215531863e-05
0.01781148964129694,0.01781148964129694,2.5280003384355365,0.003482229034323766,-9.023671027151726e-05,-0.0009399490737601083,-4.106791604427044e-05
0.01781148964129694,0.01781148964129694,2.5402721847386216,0.0034618106522591383,-9.755082969178076e-05,-0.0009241910511841507,-3.58208383156263e-05
0.01781148964129694,0.01781148964129694,2.552544031041707,0.003441575091666857,-0.00010472344974764407,-0.0009083199769097618,-3.061406701903388e-05
0.01781148964129694,0.01781148964129694,2.564815877344792,0.0034223107701464215,-0.0001117397006293576,-0.0008918483154874607,-2.546524680597028e-05
0.01781148964129694,0.01781148964129694,2.5770877236478773,0.0034030464486259856,-0.00011858496735121277,-0.0008753766540651596,-2.0391821314342205e-05
0.01781148964129694,0.01781148964129694,2.5893595699509624,0.0033845094389726394,-0.00012524515359081767,-0.0008585215970855683,-1.5410956413863925e-05
0.01781148964129694,0.01781148964129694,2.6016314162540475,0.0033664111253661087,-0.0001317069638808666,-0.0008414352856428495,-1.0539454066598152e-05
0.01781148964129694,0.01781148964129694,2.6139032625571326,0.003348417032558213,-0.0001379581896683472,-0.0008243023195010568,-5.793657896630703e-06
0.01781148964129694,0.01781148964129694,2.6261751088602177,0.0033314883079141365,-0.00014398798339093803,-0.0008066924386576177,-1.1893522348924699e-06
0.01781148964129694,0.01781148964129694,2.6384469551633027,0.00331455958327006,-0.0001497871061134745,-0.0007890825578141788,3.2583429196481832e-06
0.01781148964129694,0.01781148964129694,2.650718801466388,0.0032982773662906537,-0.00015534813447682863,-0.0007712283761060362,7.535078150181705e-06
0.01781148964129694,0.01781148964129694,2.662990647769473,0.0032825146643989285,-0.00016066561552969315,-0.0007531778812030424,1.1627378806826714e-05
0.01781148964129694,0.01781148964129694,2.675262494072558,0.003266774863464483,-0.00016573616020813914,-0.0007351201415813441,1.5522743745401286e-05
0.01781148964129694,0.01781148964129694,2.6875343403756435,0.0032521686599154055,-0.00017055846974237292,-0.0007167037883837719,1.92097351862672e-05
0.01781148964129694,0.01781148964129694,2.6998061866787286,0.0032375624563663287,-0.00017513329288181164,-0.0006982874351862001,2.267805649548788e-05
0.01781148964129694,0.01781148964129694,2.7120780329818137,0.003223510369750779,-0.0001794633153370577,-0.0006797259020081173,2.5918615064182702e-05
0.01781148964129694,0.01781148964129694,2.724349879284899,0.003210046325595299,-0.00018355298651065883,-0.0006610103002792879,2.8923567980242433e-05
0.01781148964129694,0.01781148964129694,2.736621725587984,0.003196582281439819,-0.0001874082923208589,-0.0006422946985504584,3.1686348851568354e-05
0.01781148964129694,0.01781148964129694,2.748893571891069,0.0031841866813796865,-0.000191036485187519,-0.0006233503904433832,3.420167493441932e-05
0.01781148964129694,0.01781148964129694,2.761165418194154,0.00317184672944952,-0.0001944457847968717,-0.0006043941705457744,3.646553449273175e-05
0.01781148964129694,0.01781148964129694,2.773437264497239,0.003159965582565253,-0.00019764506490876763,-0.0005853590646827593,3.8475155221661195e-05
0.01781148964129694,0.01781148964129694,2.7857091108003242,0.0031487289475311776,-0.00020064354161803593,-0.000566213142820721,4.0228955316839546e-05
0.01781148964129694,0.01781148964129694,2.7979809571034093,0.003137492312497102,-0.0002034504784168181,-0.0005470672209586828,4.1726479562201554e-05
0.01781148964129694,0.01781148964129694,2.8102528034064944,0.0031272080487206744,-0.00020607492238441987,-0.0005277925137600976,4.2968323410183656e-05
0.01781148964129694,0.01781148964129694,2.82252464970958,0.0031170521945520194,-0.00020852548341750805,-0.0005085004422464717,4.395604854181909e-05
0.01781148964129694,0.01781148964129694,2.834796496012665,0.003107262750469284,-0.00021081016653306059,-0.000489170411820437,4.469209369174155e-05
0.01781148964129694,0.01781148964129694,2.84706834231575,0.003098164251119997,-0.00021293626304387712,-0.000469768801731002,4.5179684658842345e-05
0.01781148964129694,0.01781148964129694,2.859340188618835,0.0030890657517707097,-0.00021491030396672634,-0.0004503671916415669,4.542274736670199e-05
0.01781148964129694,0.01781148964129694,2.8716120349219203,0.0030808065997599736,-0.00021673807457710858,-0.0004309011301922931,4.542582754800288e-05
0.01781148964129694,0.01781148964129694,2.8838838812250054,0.0030727419306691463,-0.00021842468588491039,-0.0004114201348913494,4.5194020216236144e-05
0.01781148964129694,0.01781148964129694,2.8961557275280905,0.003064957516205752,-0.00021997469531219655,-0.00039192384896004676,4.4732911466885574e-05
0.01781148964129694,0.01781148964129694,2.9084275738311756,0.0030579037655924517,-0.00022139226598997822,-0.0003723876981710224,4.4048534415192427e-05
0.01781148964129694,0.01781148964129694,2.9206994201342606,0.0030508500149791515,-0.00022268135221626689,-0.00035285154738199807,4.314734026933759e-05
0.01781148964129694,0.01781148964129694,2.9329712664373457,0.0030445308563962995,-0.00022384589674923373,-0.0003332884605213979,4.2036184663094734e-05
0.01781148964129694,0.01781148964129694,2.945243112740431,0.003038466356384003,-0.00022489002536476261,-0.00031371603582265156,4.0722328485944575e-05
0.01781148964129694,0.01781148964129694,2.9575149590435164,0.003032603410290816,-0.00022581822428110156,-0.0002941390095252775,3.921345165876472e-05
0.01781148964129694,0.01781148964129694,2.9697868053466014,0.0030275082886513796,-0.0002266354872257879,-0.0002745444533283729,3.751767750076915e-05
0.01781148964129694,0.01781148964129694,2.9820586516496865,0.0030224131670119436,-0.00022734742091522932,-0.0002549498971314682,3.5643604780408036e-05
0.01781148964129694,0.01781148964129694,2.9943304979527716,0.0030179588446770543,-0.00022796030001369637,-0.00023534719936619582,3.3600344039702336e-05
0.01781148964129694,0.01781148964129694,3.0066023442558567,0.0030138154984752545,-0.00022848106643637037,-0.00021574055054568615,3.139755452805536e-05
0.01781148964129694,0.01781148964129694,3.018874190558942,0.0030098020111288264,-0.00022891727045793887,-0.00019613313923563181,2.904547799746171e-05
0.01781148964129694,0.01781148964129694,3.031146036862027,0.0030065955038122115,-0.00022927695547529602,-0.00017652098959769272,2.6554965734554653e-05
0.01781148964129694,0.01781148964129694,3.043417883165112,0.003003388996495596,-0.00022956849104874974,-0.00015690883995975364,2.39374955283391e-05
0.01781148964129694,0.01781148964129694,3.055689729468197,0.003000741086633437,-0.00022980036259941466,-0.00013729567344484612,2.1205175761826982e-05
0.01781148964129694,0.01781148964129694,3.067961575771282,0.002998459470184035,-0.00022998092861956613,-0.00011768184012536913,1.8370734470603137e-05
0.01781148964129694,0.01781148964129694,3.0802334220743677,0.0029962413513672146,-0.00023011815820435751,-9.806800978431683e-05,1.544749198234169e-05
0.01781148964129694,0.01781148964129694,3.0925052683774528,0.002994875915045055,-0.00023021936338117897,-7.845421943926356e-05,1.2449316583414185e-05
0.01781148964129694,0.01781148964129694,3.104777114680538,0.0029935104787228955,-0.0002302909408222568,-5.884042909421029e-05,9.390563548969543e-06
0.01781148964129694,0.01781148964129694,3.117048960983623,0.0029926320493231487,-0.00023033813724244957,-3.922683743983338e-05,6.285998725258945e-06
0.01781148964129694,0.01781148964129694,3.129320807286708,0.0029921774963188354,-0.00023036485174532837,-1.9613418719934048e-05,3.1507086637234965e-06
0.01781148964129694,0.01781148964129694,0.0,0.0029917229433145216,-0.00023037348617413928,-3.4717316315965895e-17,0.0
0.01781148964129694,0.01781148964129694,0.01227184630308513,0.0029921774963188397,-0.00023036485174532837,1.961341871986509e-05,-3.1507086637260664e-06
0.01781148964129694,0.01781148964129694,0.02454369260617026,0.002992632049323158,-0.00023033813724244957,3.92268374397649e-05,-6.285998725261631e-06
0.01781148964129694,0.01781148964129694,0.03681553890925539,0.0029935104787229046,-0.0002302909408222568,5.884042909414221e-05,-9.390563548969543e-06
0.01781148964129694,0.01781148964129694,0.04908738521234052,0.002994875915045059,-0.00023021936338117897,7.84542194391958e-05,-1.2449316583414185e-05
0.01781148964129694,0.01781148964129694,0.06135923151542565,0.0029962413513672133,-0.00023011815820435751,9.806800978424938e-05,-1.5447491982342896e-05
0.01781148964129694,0.01781148964129694,0.07363107781851078,0.002998459470184036,-0.00022998092861956613,0.00011768184012530095,-1.8370734470571468e-05
0.01781148964129694,0.01781148964129694,0.0859029241215959,0.003000741086633441,-0.00022980036259941466,0.00013729567344477792,-2.1205175761821612e-05
0.01781148964129694,0.01781148964129694,0.09817477042468103,0.0030033889964956,-0.00022956849104874974,0.00015690883995968542,-2.39374955283391e-05
0.01781148964129694,0.01781148964129694,0.11044661672776616,0.0030065955038122115,-0.0002292769554731376,0.00017652098959762446,-2.6554965734554653e-05
0.01781148964129694,0.01781148964129694,0.1227184630308513,0.003009802011128823,-0.00022891727045793887,0.0001961331392355635,-2.9045477997367667e-05
0.01781148964129694,0.01781148964129694,0.1349903093339364,0.003013815498475251,-0.00022848106643637037,0.00021574055054561744,-3.1397554528108874e-05
0.01781148964129694,0.01781148964129694,0.14726215563702155,0.003017958844677052,-0.00022796030001369637,0.00023534719936612667,-3.3600344039691596e-05
0.01781148964129694,0.01781148964129694,0.1595340019401067,0.0030224131670119414,-0.00022734742091522932,0.00025494989713139877,-3.5643604780408036e-05
0.01781148964129694,0.01781148964129694,0.1718058482431918,0.003027508288651376,-0.0002266354872257879,0.0002745444533283033,-3.751767750079876e-05
0.01781148964129694,0.01781148964129694,0.18407769454627693,0.003032603410290811,-0.00022581822428110156,0.0002941390095252078,-3.921345165876472e-05
0.01781148964129694,0.01781148964129694,0.19634954084936207,0.0030384663563839966,-0.00022489002536560455,0.00031371603582258087,-4.0722328486070024e-05
0.01781148964129694,0.01781148964129694,0.2086213871524472,0.0030445308563962913,-0.00022384589675456443,0.0003332884605213269,-4.2036184663094734e-05
0.01781148964129694,0.01781148964129694,0.22089323345553233,0.0030508500149791415,-0.00022268135221352933,0.0003528515473819266,-4.314734026946428e-05
0.01781148964129694,0.01781148964129694,0.23316507975861744,0.0030579037655924404,-0.00022139226598997822,0.0003723876981709505,-4.404853441527345e-05
0.01781148964129694,0.01781148964129694,0.2454369260617026,0.0030649575162057393,-0.00021997469531219655,0.00039192384895997434,-4.4732911466885574e-05
0.01781148964129694,0.01781148964129694,0.25770877236478773,0.003072741930669133,-0.000218424685882752,0.0004114201348912767,-4.5194020216236144e-05
0.01781148964129694,0.01781148964129694,0.2699806186678728,0.0030808065997599606,-0.00021673807457710858,0.0004309011301922201,-4.542582754781479e-05
0.01781148964129694,0.01781148964129694,0.28225246497095796,0.003089065751770696,-0.00021491030396672634,0.00045036719164149376,-4.542274736685016e-05
0.01781148964129694,0.01781148964129694,0.2945243112740431,0.0030981642511199816,-0.00021293626304387712,0.00046976880173092944,-4.5179684658842345e-05
0.01781148964129694,0.01781148964129694,0.30679615757712825,0.003107262750469267,-0.00021081016653306059,0.0004891704118203652,-4.4692093691612714e-05
0.01781148964129694,0.01781148964129694,0.3190680038802134,0.0031170521945520033,-0.00020852548341750805,0.0005085004422463999,-4.395604854187834e-05
0.01781148964129694,0.01781148964129694,0.3313398501832985,0.00312720804872066,-0.00020607492238441987,0.000527792513760025,-4.296832341020997e-05
0.01781148964129694,0.01781148964129694,0.3436116964863836,0.00313749231249709,-0.00020345047841766007,0.0005470672209586102,-4.172647956217524e-05
0.01781148964129694,0.01781148964129694,0.35588354278946877,0.0031487289475311646,-0.00020064354161675936,0.0005662131428206483,-4.022895531668655e-05
0.01781148964129694,0.01781148964129694,0.36815538909255385,0.0031599655825652394,-0.00019764506490876763,0.0005853590646826863,-3.847515522159374e-05
0.01781148964129694,0.01781148964129694,0.380427235395639,0.003171846729449506,-0.0001944457847968717,0.0006043941705457019,-3.64655344926244e-05
0.01781148964129694,0.01781148964129694,0.39269908169872414,0.0031841866813796717,-0.0001910364851883609,0.0006233503904433114,-3.4201674934440815e-05
0.01781148964129694,0.01781148964129694,0.4049709280018093,0.003196582281439803,-0.0001874082923208589,0.0006422946985503873,-3.168634885137008e-05
0.01781148964129694,0.01781148964129694,0.4172427743048944,0.003210046325595284,-0.00018355298651065883,0.0006610103002792168,-2.8923567980242433e-05
0.01781148964129694,0.01781148964129694,0.4295146206079795,0.003223510369750765,-0.00017946331533636998,0.0006797259020080463,-2.591861506384954e-05
0.01781148964129694,0.01781148964129694,0.44178646691106466,0.0032375624563663148,-0.00017513329288181164,0.0006982874351861294,-2.2678056495316782e-05
0.01781148964129694,0.01781148964129694,0.4540583132141498,0.003252168659915392,-0.0001705584697451105,0.0007167037883837015,-1.9209735186616177e-05
0.01781148964129694,0.01781148964129694,0.4663301595172349,0.0032667748634644693,-0.00016573616020813914,0.0007351201415812734,-1.5522743745483567e-05
0.01781148964129694,0.01781148964129694,0.47860200582032003,0.003282514664398913,-0.000160665615527689,0.0007531778812029726,-1.1627378807024984e-05
0.01781148964129694,0.01781148964129694,0.4908738521234052,0.0032982773662906363,-0.00015534813448026365,0.0007712283761059672,-7.535078150099423e-06
0.01781148964129694,0.01781148964129694,0.5031456984264903,0.003314559583270041,-0.0001497871061134745,0.00078908255781411,-3.2583429200769543e-06
0.01781148964129694,0.01781148964129694,0.5154175447295755,0.0033314883079141157,-0.0001439879833969564,0.0008066924386575485,1.1893522352782605e-06
0.01781148964129694,0.01781148964129694,0.5276893910326605,0.00334841703255819,-0.00013795818966918914,0.0008243023195009868,5.7936578966833225e-06
0.01781148964129694,0.01781148964129694,0.5399612373357456,0.0033664111253660844,-0.0001317069638808666,0.0008414352856427796,1.05394540669743e-05
0.01781148964129694,0.01781148964129694,0.5522330836388308,0.0033845094389726134,-0.00012524515359081767,0.0008585215970854986,1.5410956413863925e-05
0.01781148964129694,0.01781148964129694,0.5645049299419159,0.003403046448625959,-0.00011858496735052511,0.0008753766540650898,2.0391821314342205e-05
0.01781148964129694,0.01781148964129694,0.5767767762450011,0.003422310770146396,-0.0001117397006233392,0.000891848315487391,2.546524680597028e-05
0.01781148964129694,0.01781148964129694,0.5890486225480862,0.0034415750916668326,-0.00010472344974764407,0.000908319976909692,3.061406701920498e-05
0.01781148964129694,0.01781148964129694,0.6013204688511713,0.0034618106522591122,-9.755082969779914e-05,0.0009241910511840802,3.58208383156263e-05
0.01781148964129694,0.01781148964129694,0.6135923151542565,0.003482229034323739,-9.023671027020078e-05,0.0009399490737600378,4.1067916044323056e-05
0.01781148964129694,0.01781148964129694,0.6258641614573416,0.0035029950206323943,-8.279598445102181e-05,0.0009554553635720787,4.63375215531863e-05
0.01781148964129694,0.01781148964129694,0.6381360077604268,0.0035245459197501467,-7.524337970914993e-05,0.0009703932245623726,5.161179989866796e-05
0.01781148964129694,0.01781148964129694,0.6504078540635119,0.003546096818867899,-6.759332131839817e-05,0.0009853310855526662,5.687286937421842e-05
0.01781148964129694,0.01781148964129694,0.662679700366597,0.0035684973468224383,-5.985985245805975e-05,0.0009995478918673089,6.210286462101061e-05
0.01781148964129694,0.01781148964129694,0.6749515466696822,0.0035911484063570562,-5.205661268927184e-05,0.0010135520794955417,6.728397563311351e-05
0.01781148964129694,0.01781148964129694,0.6872233929727672,0.0036140503524970374,-4.41968728232228e-05,0.0010273059430427342,7.239848531120769e-05
0.01781148964129694,0.01781148964129694,0.6994952392758523,0.003637757226495893,-3.6293620266468416e-05,0.001040256683496589,7.742880846971345e-05
0.01781148964129694,0.01781148964129694,0.7117670855789375,0.003661464100494749,-2.8359685982665532e-05,0.0010532074239504438,8.235753519002523e-05
0.01781148964129694,0.01781148964129694,0.7240389318820226,0.003685872803685092,-2.0407901378216377e-05,0.0010653296682025784,8.716748130026935e-05
0.01781148964129694,0.01781148964129694,0.7363107781851077,0.0037105780544211342,-1.2451271256937888e-05,0.0010771018436370847,9.184174838375718e-05
0.01781148964129694,0.01781148964129694,0.7485826244881929,0.003735439310661759,-4.503148090355891e-06,0.001088653875365684,9.63637952345478e-05
0.01781148964129694,0.01781148964129694,0.760854470791278,0.003761071417630909,3.4226080745267104e-06,0.0010991181381945073,0.0001007175220443469
0.01781148964129694,0.01781148964129694,0.7731263170943632,0.0037867035246000593,1.1311498578092981e-05,0.0011095824010233309,0.00010488736781589748
0.01781148964129694,0.01781148964129694,0.7853981633974483,0.003812868172381167,1.914829758905747e-05,0.001119134075407813,0.00010885842068633933
0.01781148964129694,0.01781148964129694,0.7976700097005334,0.003839340695319188,2.6917017236338045e-05,0.0011281581595979104,0.0001126165399808467
0.01781148964129694,0.01781148964129694,0.8099418560036186,0.0038658863291593983,3.46009346765033e-05,0.0011370264160992763,0.00011614848793772808
0.01781148964129694,0.01781148964129694,0.8222137023067037,0.0038930972722095287,4.218268615728116e-05,0.0011444766406331838,0.00011944206826322095
0.01781148964129694,0.01781148964129694,0.8344855486097889,0.003920308215259659,4.964442916451045e-05,0.0011519268651670913,0.00012248626795204114
0.01781148964129694,0.01781148964129694,0.8467573949128739,0.0039478693331225,5.696807005037779e-05,0.0011584135801414044,0.00012527139822890335
0.01781148964129694,0.01781148964129694,0.859029241215959,0.00397570076136708,6.413555069407913e-05,0.001164156533350417,0.00012778923003872714
0.01781148964129694,0.01781148964129694,0.8713010875190442,0.004003546641135948,7.112918416130733e-05,0.0011698448756602654,0.00013003311929829552
0.01781148964129694,0.01781148964129694,0.8835729338221293,0.004031864604031549,7.793202650415216e-05,0.0011737492619307557,0.00013199811705888828
0.01781148964129694,0.01781148964129694,0.8958447801252144,0.00406018256692715,8.452826930499705e-05,0.0011776536482012462,0.00013368105991396582
0.01781148964129694,0.01781148964129694,0.9081166264282996,0.004088667290029376,9.090363603467929e-05,0.0011805848841961787,0.0001350806363664177
0.01781148964129694,0.01781148964129694,0.9203884727313847,0.00411732210854236,9.704576458181685e-05,0.0011825235069100415,0.0001361974254032843
0.01781148964129694,0.01781148964129694,0.9326603190344698,0.004145976927055342,0.00010294455844994851,0.0011844621296239046,0.00013703390429728113
0.01781148964129694,0.01781148964129694,0.944932165337555,0.004174797084034701,0.00010859249013318476,0.0011843966211646955,0.0001375944234867804
0.01781148964129694,0.01781148964129694,0.9572040116406401,0.004203624059095147,0.00011398484217533653,0.0011842484681210302,0.00013788514740741475
0.01781148964129694,0.01781148964129694,0.9694758579437253,0.004232448319524409,0.00011911987382818515,0.0011831639128888562,0.00013791396116758783
0.01781148964129694,0.01781148964129694,0.9817477042468103,0.004261268918358121,0.0001239989046106689,0.00118081630354195,0.00013769034403736508
0.01781148964129694,0.01781148964129694,0.9940195505498954,0.004290089517191833,0.000128626309639063,0.0011784686941950437,0.00013722521182504702
0.01781148964129694,0.01781148964129694,1.0062913968529805,0.0043187345488057615,0.000133009425312813,0.0011740701166481331,0.0001365307311418909
0.01781148964129694,0.01781148964129694,1.0185632431560658,0.004347358122203939,0.00013715836795749796,0.001169420865210111,0.00013562010954435311
0.01781148964129694,0.01781148964129694,1.030835089459151,0.0043758400136780186,0.00014108577177744316,0.0011639193039478578,0.0001345073662819601
0.01781148964129694,0.01781148964129694,1.043106935762236,0.004404066090566923,0.00014480645558090217,0.0011568788499474096,0.00013320708900142354
0.01781148964129694,0.01781148964129694,1.055378782065321,0.004432292167455826,0.00014833703086264625,0.0011498383959469612,0.00013173418223654201
0.01781148964129694,0.01781148964129694,1.0676506283684062,0.004460021162948546,0.0001516954659253406,0.0011407713562203256,0.00013010361371727555
0.01781148964129694,0.01781148964129694,1.0799224746714913,0.00448764235765655,0.00015490062217109145,0.001131264815974758,0.00012833016464390283
0.01781148964129694,0.01781148964129694,1.0921943209745766,0.004515029357586008,0.0001579717792734996,0.0011210334596696808,0.00012642818987657398
0.01781148964129694,0.01781148964129694,1.1044661672776617,0.004541834908410104,0.00016092816619411968,0.0011090025600444435,0.00012441139369700197
0.01781148964129694,0.01781148964129694,1.1167380135807468,0.004568640459234199,0.00016378851353080506,0.0010969716604192065,0.00012229262627623186
0.01781148964129694,0.01781148964129694,1.1290098598838318,0.004594674257851641,0.0001665706417119769,0.0010830112421008795,0.0001200837053533665
0.01781148964129694,0.01781148964129694,1.141281706186917,0.004620454190611631,0.00016929109691625897,0.0010684161136861414,0.00011779526683181084
0.01781148964129694,0.01781148964129694,1.1535535524900022,0.004645966189774528,0.00017196484415236531,0.0010532581251358776,0.00011543664714889218
0.01781148964129694,0.01781148964129694,1.1658253987930873,0.00467051606374786,0.000174605024210682,0.0010360789570080455,0.00011301579934628376
0.01781148964129694,0.01781148964129694,1.1780972450961724,0.004695065937721191,0.00017722277766024525,0.0010188997888802133,0.0001105392438227861
0.01781148964129694,0.01781148964129694,1.1903690913992575,0.004718643162826477,0.0001798271365541657,0.0009999565168848548,0.00010801205378167419
0.01781148964129694,0.01781148964129694,1.2026409377023426,0.004741769304398758,0.00018242498135441894,0.0009801951097625275,0.00010543787450815316
0.01781148964129694,0.01781148964129694,1.214912784005428,0.004764657661027479,0.00018502105809790065,0.000960053906178976,0.00010281897474705441
0.01781148964129694,0.01781148964129694,1.227184630308513,0.004786182717313127,0.0001876180489840196,0.0009377352028844076,0.00010015632768743183
0.01781148964129694,0.01781148964129694,1.239456476611598,0.004807707773598776,0.00019021668754986684,0.0009154164995898392,9.744971844407647e-05
0.01781148964129694,0.01781148964129694,1.2517283229146832,0.004828154575788526,0.00019281590915733683,0.0008915584887579328,9.469787435899817e-05
0.01781148964129694,0.01781148964129694,1.2640001692177683,0.004847923121369565,0.00019541302656778876,0.0008667322038299589,9.189861408198523e-05
0.01781148964129694,0.01781148964129694,1.2762720155208536,0.004867542380401499,0.00019800392098292665,0.0008417133474459405,8.904901110786526e-05
0.01781148964129694,0.01781148964129694,1.2885438618239387,0.004885426183300088,0.00020058323924665786,0.0008144558478854096,8.614556733565206e-05
0.01781148964129694,0.01781148964129694,1.3008157081270237,0.004903309986198676,0.00020314458917880827,0.0007871983483248787,8.31843922050531e-05
0.01781148964129694,0.01781148964129694,1.3130875544301088,0.004920114809895793,0.00020568072653446778,0.000758674260453593,8.016138308083342e-05
0.01781148964129694,0.01781148964129694,1.325359400733194,0.004936017214624407,0.00020818372829196837,0.0007290908441769487,7.707240279788924e-05
0.01781148964129694,0.01781148964129694,1.337631247036279,0.004951899385046665,0.00021064514931894694,0.0006994857552535319,7.391345056767533e-05
0.01781148964129694,0.01781148964129694,1.3499030933393643,0.004965758124833298,0.00021305616077579813,0.0006677134016528783,7.068082285528882e-05
0.01781148964129694,0.01781148964129694,1.3621749396424494,0.00497961686461993,0.00021540767025838984,0.0006359410480522252,6.737126125511813e-05
0.01781148964129694,0.01781148964129694,1.3744467859455345,0.004992491327722573,0.00021769042520236188,0.0006032100485600227,6.398208489267859e-05
0.01781148964129694,0.01781148964129694,1.3867186322486196,0.005004278985319977,0.00021989510203932023,0.0005694205442292344,6.051130535731101e-05
0.01781148964129694,0.01781148964129694,1.3989904785517047,0.0050160666429173795,0.00022201238437042002,0.0005356310398984463,5.695772267457117e-05
0.01781148964129694,0.01781148964129694,1.41126232485479,0.005025910770820231,0.00022403303366940827,0.0005001414696673074,5.3321001326194634e-05
0.01781148964129694,0.01781148964129694,1.423534171157875,0.005035632149479216,0.00022594795615473899,0.00046454452685298924,4.960172576807199e-05
0.01781148964129694,0.01781148964129694,1.4358060174609601,0.005044527262258381,0.00022774826908680956,0.00042831535636405347,4.580143534949057e-05
0.01781148964129694,0.01781148964129694,1.4480778637640452,0.00505221320545732,0.00022942536904133805,0.00039116097464396985,4.192263891325834e-05
0.01781148964129694,0.01781148964129694,1.4603497100671303,0.0050598991486562606,0.0002309710038993643,0.00035400659292388623,3.796880970446682e-05
0.01781148964129694,0.01781148964129694,1.4726215563702154,0.005065852834122738,0.00023237734945069196,0.0003157486085433203,3.3944361517252304e-05
0.01781148964129694,0.01781148964129694,1.4848934026733007,0.005071550617878739,0.00023363709022450837,0.00027732759195154606,2.9854607249427398e-05
0.01781148964129694,0.01781148964129694,1.4971652489763858,0.005076596510912262,0.00023474350336786864,0.00023859096012867243,2.5705701250060006e-05
0.01781148964129694,0.01781148964129694,1.509437095279471,0.005080357795757375,0.00023569054349115883,0.00019923238064451315,2.1504566994062625e-05
0.01781148964129694,0.01781148964129694,1.521708941582556,0.005084119080602487,0.00023647292577076497,0.0001598738011603539,1.7258811746284035e-05
0.01781148964129694,0.01781148964129694,1.533980787885641,0.005086362200060278,0.00023708620397457599,0.00012005269820133753,1.2976629969280152e-05
0.01781148964129694,0.01781148964129694,1.5462526341887264,0.005088230463866878,0.00023752684025300867,8.011739191519522e-05,8.666697283958717e-06
0.01781148964129694,0.01781148964129694,1.5585244804918115,0.005089599290814288,0.00023779226327358985,4.01300306114036e-05,4.338056843804149e-06
0.01781148964129694,0.01781148964129694,1.5707963267948966,0.0050895992908142895,0.00023788091208837994,-2.1387667782938293e-17,2.1653280117739648e-20
0.01781148964129694,0.01781148964129694,1.5830681730979816,0.005089599290814291,0.00023779226327358985,-4.013003061144638e-05,-4.338056843804149e-06
0.01781148964129694,0.01781148964129694,1.5953400194010667,0.005088230463866882,0.00023752684025300867,-8.011739191523629e-05,-8.66669728396639e-06
0.01781148964129694,0.01781148964129694,1.607611865704152,0.005086362200060283,0.00023708620397457599,-0.00012005269820137627,-1.2976629969269457e-05
0.01781148964129694,0.01781148964129694,1.6198837120072371,0.005084119080602493,0.00023647292576968581,-0.00015987380116039092,-1.725881174627866e-05
0.01781148964129694,0.01781148964129694,1.6321555583103222,0.005080357795757381,0.00023569054349115883,-0.000199232380644551,-2.150456699403126e-05
0.01781148964129694,0.01781148964129694,1.6444274046134073,0.005076596510912268,0.00023474350336786864,-0.00023859096012871105,-2.570570125002833e-05
0.01781148964129694,0.01781148964129694,1.6566992509164924,0.005071550617878744,0.00023363709022492928,-0.0002773275919515861,-2.9854607249422024e-05
0.01781148964129694,0.01781148964129694,1.6689710972195777,0.005065852834122743,0.00023237734945069196,-0.00031574860854336205,-3.394436151714512e-05
0.01781148964129694,0.01781148964129694,1.6812429435226628,0.005059899148656265,0.000230971003898726,-0.0003540065929239295,-3.796880970446682e-05
0.01781148964129694,0.01781148964129694,1.6935147898257479,0.0050522132054573255,0.00022942536904133805,-0.00039116097464401365,-4.192263891317504e-05
0.01781148964129694,0.01781148964129694,1.705786636128833,0.005044527262258386,0.00022774826908723055,-0.0004283153563640978,-4.5801435349447793e-05
0.01781148964129694,0.01781148964129694,1.718058482431918,0.005035632149479224,0.00022594795615473899,-0.00046454452685303315,-4.960172576807199e-05
0.01781148964129694,0.01781148964129694,1.7303303287350031,0.005025910770820243,0.00022403303366940827,-0.0005001414696673502,-5.332100132625494e-05
0.01781148964129694,0.01781148964129694,1.7426021750380885,0.005016066642917396,0.00022201238437042002,-0.0005356310398984879,-5.695772267459112e-05
0.01781148964129694,0.01781148964129694,1.7548740213411735,0.005004278985319992,0.00021989510203932023,-0.0005694205442292762,-6.0511305357271116e-05
0.01781148964129694,0.01781148964129694,1.7671458676442586,0.004992491327722589,0.00021769042520473268,-0.0006032100485600644,-6.398208489286667e-05
0.01781148964129694,0.01781148964129694,1.7794177139473437,0.004979616864619947,0.00021540767025731065,-0.0006359410480522678,-6.7371261255077e-05
0.01781148964129694,0.01781148964129694,1.7916895602504288,0.004965758124833317,0.00021305616077880725,-0.000667713401652923,-7.068082285528882e-05
0.01781148964129694,0.01781148964129694,1.8039614065535141,0.0049518993850466856,0.00021064514931894694,-0.0006994857552535788,-7.391345056767533e-05
0.01781148964129694,0.01781148964129694,1.8162332528565992,0.004936017214624433,0.00020818372829162454,-0.0007290908441769951,-7.707240279782177e-05
0.01781148964129694,0.01781148964129694,1.8285050991596843,0.004920114809895823,0.00020568072653446778,-0.000758674260453639,-8.016138308083342e-05
0.01781148964129694,0.01781148964129694,1.8407769454627694,0.004903309986198711,0.00020314458917846444,-0.0007871983483249251,-8.318439220494578e-05
0.01781148964129694,0.01781148964129694,1.8530487917658545,0.004885426183300128,0.00020058323924665786,-0.0008144558478854574,-8.614556733561216e-05
0.01781148964129694,0.01781148964129694,1.8653206380689396,0.004867542380401544,0.00019800392098258288,-0.0008417133474459897,-8.904901110784374e-05
0.01781148964129694,0.01781148964129694,1.8775924843720249,0.004847923121369612,0.00019541302656820973,-0.0008667322038300088,-9.189861408202513e-05
0.01781148964129694,0.01781148964129694,1.88986433067511,0.004828154575788574,0.00019281590915733683,-0.0008915584887579832,-9.469787435899817e-05
0.01781148964129694,0.01781148964129694,1.902136176978195,0.004807707773598827,0.0001902166875481493,-0.0009154164995898906,-9.74497184441572e-05
0.01781148964129694,0.01781148964129694,1.9144080232812801,0.004786182717313182,0.00018761804898367575,-0.0009377352028844605,-0.00010015632768743183
0.01781148964129694,0.01781148964129694,1.9266798695843652,0.004764657661027537,0.00018502105810133082,-0.0009600539061790305,-0.00010281897474690136
0.01781148964129694,0.01781148964129694,1.9389517158874505,0.004741769304398816,0.00018242498135378061,-0.0009801951097625824,-0.00010543787450814838
0.01781148964129694,0.01781148964129694,1.9512235621905356,0.004718643162826535,0.00017982713655717488,-0.00099995651688491,-0.00010801205378167419
0.01781148964129694,0.01781148964129694,1.9634954084936207,0.004695065937721248,0.00017722277765887644,-0.0010188997888802686,-0.00011053924382279966
0.01781148964129694,0.01781148964129694,1.9757672547967058,0.004670516063747915,0.000174605024210682,-0.0010360789570081003,-0.00011301579934620398
0.01781148964129694,0.01781148964129694,1.9880391010997909,0.004645966189774584,0.00017196484415236531,-0.0010532581251359323,-0.00011543664714884922
0.01781148964129694,0.01781148964129694,2.000310947402876,0.004620454190611685,0.00016929109691667997,-0.001068416113686196,-0.00011779526683186346
0.01781148964129694,0.01781148964129694,2.012582793705961,0.004594674257851691,0.0001665706417136173,-0.0010830112421009348,-0.00012008370535341914
0.01781148964129694,0.01781148964129694,2.024854640009046,0.0045686404592342475,0.00016378851352972582,-0.0010969716604192624,-0.00012229262627618884
0.01781148964129694,0.01781148964129694,2.0371264863121317,0.004541834908410154,0.00016092816619317182,-0.0011090025600445008,-0.00012441139369704496
0.01781148964129694,0.01781148964129694,2.0493983326152168,0.004515029357586061,0.00015797177927550667,-0.0011210334596697387,-0.00012642818987657398
0.01781148964129694,0.01781148964129694,2.061670178918302,0.004487642357656605,0.00015490062217109145,-0.0011312648159748158,-0.0001283301646437317
0.01781148964129694,0.01781148964129694,2.073942025221387,0.004460021162948599,0.0001516954659253406,-0.0011407713562203838,-0.00013010361371684678
0.01781148964129694,0.01781148964129694,2.086213871524472,0.004432292167455878,0.00014833703086264625,-0.0011498383959470196,-0.00013173418223654201
0.01781148964129694,0.01781148964129694,2.098485717827557,0.004404066090566975,0.00014480645558327307,-0.0011568788499474684,-0.00013320708900147615
0.01781148964129694,0.01781148964129694,2.110757564130642,0.004375840013678071,0.00014108577177744316,-0.0011639193039479172,-0.00013450736628233624
0.01781148964129694,0.01781148964129694,2.1230294104337273,0.004347358122203993,0.00013715836795749796,-0.0011694208652101713,-0.00013562010954397698
0.01781148964129694,0.01781148964129694,2.1353012567368124,0.004318734548805819,0.00013300942531109544,-0.0011740701166481945,-0.00013653073114168582
0.01781148964129694,0.01781148964129694,2.1475731030398975,0.004290089517191893,0.0001286263096374226,-0.001178468694195106,-0.0001372252118252249
0.01781148964129694,0.01781148964129694,2.1598449493429825,0.004261268918358178,0.00012399890461059176,-0.0011808163035420128,-0.000137690344037151
0.01781148964129694,0.01781148964129694,2.172116795646068,0.004232448319524463,0.0001191198738306332,-0.00118316391288892,-0.00013791396116776575
0.01781148964129694,0.01781148964129694,2.184388641949153,0.004203624059095199,0.00011398484217533653,-0.0011842484681210941,-0.00013788514740741475
0.01781148964129694,0.01781148964129694,2.1966604882522383,0.0041747970840347514,0.00010859249013146722,-0.0011843966211647597,-0.0001375944234867804
0.01781148964129694,0.01781148964129694,2.2089323345553233,0.004145976927055392,0.00010294455844857972,-0.0011844621296239687,-0.00013703390429708283
0.01781148964129694,0.01781148964129694,2.2212041808584084,0.00411732210854241,9.70457645822378e-05,-0.0011825235069101061,-0.0001361974254032843
0.01781148964129694,0.01781148964129694,2.2334760271614935,0.004088667290029428,9.090363603433546e-05,-0.0011805848841962437,-0.0001350806363664177
0.01781148964129694,0.01781148964129694,2.2457478734645786,0.004060182566927202,8.45282693032795e-05,-0.0011776536482013117,-0.000133681059913886
0.01781148964129694,0.01781148964129694,2.2580197197676637,0.0040318646040315995,7.793202650285561e-05,-0.0011737492619308214,-0.00013199811705875335
0.01781148964129694,0.01781148964129694,2.270291566070749,0.004003546641135997,7.112918416130733e-05,-0.0011698448756603313,-0.00013003311929821572
0.01781148964129694,0.01781148964129694,2.282563412373834,0.003975700761367129,6.413555069506127e-05,-0.0011641565333504827,-0.000127789230038657
0.01781148964129694,0.01781148964129694,2.2948352586769194,0.003947869333122548,5.696807004694763e-05,-0.0011584135801414699,-0.00012527139822915423
0.01781148964129694,0.01781148964129694,2.3071071049800045,0.0039203082152597084,4.964442916451045e-05,-0.0011519268651671573,-0.00012248626795204114
0.01781148964129694,0.01781148964129694,2.3193789512830896,0.003893097272209577,4.218268615728116e-05,-0.0011444766406332515,-0.00011944206826322095
0.01781148964129694,0.01781148964129694,2.3316507975861747,0.0038658863291594456,3.46009346765033e-05,-0.001137026416099346,-0.00011614848793772808
0.01781148964129694,0.01781148964129694,2.3439226438892597,0.0038393406953192324,2.6917017236338045e-05,-0.0011281581595979791,-0.0001126165399808467
0.01781148964129694,0.01781148964129694,2.356194490192345,0.003812868172381208,1.914829758905747e-05,-0.0011191340754078804,-0.00010885842068633933
0.01781148964129694,0.01781148964129694,2.36846633649543,0.0037867035246000966,1.1311498578934915e-05,-0.0011095824010233972,-0.00010488736781589748
0.01781148964129694,0.01781148964129694,2.380738182798515,0.0037610714176309437,3.422608072562417e-06,-0.0010991181381945735,-0.0001007175220443469
0.01781148964129694,0.01781148964129694,2.3930100291016,0.0037354393106617907,-4.5031480925143266e-06,-0.0010886538753657495,-9.636379523417164e-05
0.01781148964129694,0.01781148964129694,2.405281875404685,0.0037105780544211646,-1.245127125953102e-05,-0.0010771018436371504,-9.184174838389207e-05
0.01781148964129694,0.01781148964129694,2.4175537217077703,0.0036858728036851213,-2.040790138380007e-05,-0.0010653296682026443,-8.716748130052022e-05
0.01781148964129694,0.01781148964129694,2.429825568010856,0.0036614641004947767,-2.8359685982665532e-05,-0.00105320742395051,-8.235753518995508e-05
0.01781148964129694,0.01781148964129694,2.442097414313941,0.003637757226495921,-3.6293620266468416e-05,-0.0010402566834966562,-7.742880846971345e-05
0.01781148964129694,0.01781148964129694,2.454369260617026,0.003614050352497066,-4.41968728232228e-05,-0.0010273059430428025,-7.239848531120769e-05
0.01781148964129694,0.01781148964129694,2.466641106920111,0.0035911484063570853,-5.205661268927184e-05,-0.0010135520794956104,-6.728397563311351e-05
0.01781148964129694,0.01781148964129694,2.478912953223196,0.0035684973468224678,-5.985985245805975e-05,-0.0009995478918673776,-6.210286462101061e-05
0.01781148964129694,0.01781148964129694,2.4911847995262812,0.003546096818867928,-6.759332131967481e-05,-0.0009853310855527351,-5.68728693745123e-05
0.01781148964129694,0.01781148964129694,2.5034566458293663,0.0035245459197501753,-7.524337971042656e-05,-0.0009703932245624422,-5.1611799898866204e-05
0.01781148964129694,0.01781148964129694,2.5157284921324514,0.003502995020632422,-8.279598445102181e-05,-0.0009554553635721491,-4.63375215531863e-05
0.01781148964129694,0.01781148964129694,2.5280003384355365,0.003482229034323766,-9.023671027151726e-05,-0.0009399490737601083,-4.106791604427044e-05
0.01781148964129694,0.01781148964129694,2.5402721847386216,0.0034618106522591383,-9.755082969178076e-05,-0.0009241910511841507,-3.58208383156263e-05
0.01781148964129694,0.01781148964129694,2.552544031041707,0.003441575091666857,-0.00010472344974764407,-0.0009083199769097618,-3.061406701903388e-05
0.01781148964129694,0.01781148964129694,2.564815877344792,0.0034223107701464215,-0.0001117397006293576,-0.0008918483154874607,-2.546524680597028e-05
0.01781148964129694,0.01781148964129694,2.5770877236478773,0.0034030464486259856,-0.00011858496735121277,-0.0008753766540651596,-2.0391821314342205e-05
0.01781148964129694,0.01781148964129694,2.5893595699509624,0.0033845094389726394,-0.00012524515359081767,-0.0008585215970855683,-1.5410956413863925e-05
0.01781148964129694,0.01781148964129694,2.6016314162540475,0.0033664111253661087,-0.0001317069638808666,-0.0008414352856428495,-1.0539454066598152e-05
0.01781148964129694,0.01781148964129694,2.6139032625571326,0.003348417032558213,-0.0001379581896683472,-0.0008243023195010568,-5.793657896630703e-06
0.01781148964129694,0.01781148964129694,2.6261751088602177,0.0033314883079141365,-0.00014398798339093803,-0.0008066924386576177,-1.1893522348924699e-06
0.01781148964129694,0.01781148964129694,2.6384469551633027,0.00331455958327006,-0.0001497871061134745,-0.0007890825578141788,3.2583429196481832e-06
0.01781148964129694,0.01781148964129694,2.650718801466388,0.0032982773662906537,-0.00015534813447682863,-0.0007712283761060362,7.535078150181705e-06
0.01781148964129694,0.01781148964129694,2.662990647769473,0.0032825146643989285,-0.00016066561552969315,-0.0007531778812030424,1.1627378806826714e-05
0.01781148964129694,0.01781148964129694,2.675262494072558,0.003266774863464483,-0.00016573616020813914,-0.0007351201415813441,1.5522743745401286e-05
0.01781148964129694,0.01781148964129694,2.6875343403756435,0.0032521686599154055,-0.00017055846974237292,-0.0007167037883837719,1.92097351862672e-05
0.01781148964129694,0.01781148964129694,2.6998061866787286,0.0032375624563663287,-0.00017513329288181164,-0.0006982874351862001,2.267805649548788e-05
0.01781148964129694,0.01781148964129694,2.7120780329818137,0.003223510369750779,-0.0001794633153370577,-0.0006797259020081173,2.5918615064182702e-05
0.01781148964129694,0.01781148964129694,2.724349879284899,0.003210046325595299,-0.00018355298651065883,-0.0006610103002792879,2.8923567980242433e-05
0.01781148964129694,0.01781148964129694,2.736621725587984,0.003196582281439819,-0.0001874082923208589,-0.0006422946985504584,3.1686348851568354e-05
0.01781148964129694,0.01781148964129694,2.748893571891069,0.0031841866813796865,-0.000191036485187519,-0.0006233503904433832,3.420167493441932e-05
0.01781148964129694,0.01781148964129694,2.761165418194154,0.00317184672944952,-0.0001944457847968717,-0.0006043941705457744,3.646553449273175e-05
0.01781148964129694,0.01781148964129694,2.773437264497239,0.003159965582565253,-0.00019764506490876763,-0.0005853590646827593,3.8475155221661195e-05
0.01781148964129694,0.01781148964129694,2.7857091108003242,0.0031487289475311776,-0.00020064354161803593,-0.000566213142820721,4.0228955316839546e-05
0.01781148964129694,0.01781148964129694,2.7979809571034093,0.003137492312497102,-0.0002034504784168181,-0.0005470672209586828,4.1726479562201554e-05
0.01781148964129694,0.01781148964129694,2.8102528034064944,0.0031272080487206744,-0.00020607492238441987,-0.0005277925137600976,4.2968323410183656e-05
0.01781148964129694,0.01781148964129694,2.82252464970958,0.0031170521945520194,-0.00020852548341750805,-0.0005085004422464717,4.395604854181909e-05
0.01781148964129694,0.01781148964129694,2.834796496012665,0.003107262750469284,-0.00021081016653306059,-0.000489170411820437,4.469209369174155e-05
0.01781148964129694,0.01781148964129694,2.84706834231575,0.003098164251119997,-0.00021293626304387712,-0.000469768801731002,4.5179684658842345e-05
0.01781148964129694,0.01781148964129694,2.859340188618835,0.0030890657517707097,-0.00021491030396672634,-0.0004503671916415669,4.542274736670199e-05
0.01781148964129694,0.01781148964129694,2.8716120349219203,0.0030808065997599736,-0.00021673807457710858,-0.0004309011301922931,4.542582754800288e-05
0.01781148964129694,0.01781148964129694,2.8838838812250054,0.0030727419306691463,-0.00021842468588491039,-0.0004114201348913494,4.5194020216236144e-05
0.01781148964129694,0.01781148964129694,2.8961557275280905,0.003064957516205752,-0.00021997469531219655,-0.00039192384896004676,4.4732911466885574e-05
0.01781148964129694,0.01781148964129694,2.9084275738311756,0.0030579037655924517,-0.00022139226598997822,-0.0003723876981710224,4.4048534415192427e-05
0.01781148964129694,0.01781148964129694,2.9206994201342606,0.0030508500149791515,-0.00022268135221626689,-0.00035285154738199807,4.314734026933759e-05
0.01781148964129694,0.01781148964129694,2.9329712664373457,0.0030445308563962995,-0.00022384589674923373,-0.0003332884605213979,4.2036184663094734e-05
0.01781148964129694,0.01781148964129694,2.945243112740431,0.003038466356384003,-0.00022489002536476261,-0.00031371603582265156,4.0722328485944575e-05
0.01781148964129694,0.01781148964129694,2.9575149590435164,0.003032603410290816,-0.00022581822428110156,-0.0002941390095252775,3.921345165876472e-05
0.01781148964129694,0.01781148964129694,2.9697868053466014,0.0030275082886513796,-0.0002266354872257879,-0.0002745444533283729,3.751767750076915e-05
0.01781148964129694,0.01781148964129694,2.9820586516496865,0.0030224131670119436,-0.00022734742091522932,-0.0002549498971314682,3.5643604780408036e-05
0.01781148964129694,0.01781148964129694,2.9943304979527716,0.0030179588446770543,-0.00022796030001369637,-0.00023534719936619582,3.3600344039702336e-05
0.01781148964129694,0.01781148964129694,3.0066023442558567,0.0030138154984752545,-0.00022848106643637037,-0.00021574055054568615,3.139755452805536e-05
0.01781148964129694,0.01781148964129694,3.018874190558942,0.0030098020111288264,-0.00022891727045793887,-0.00019613313923563181,2.904547799746171e-05
0.01781148964129694,0.01781148964129694,3.031146036862027,0.0030065955038122115,-0.00022927695547529602,-0.00017652098959769272,2.6554965734554653e-05
0.01781148964129694,0.01781148964129694,3.043417883165112,0.003003388996495596,-0.00022956849104874974,-0.00015690883995975364,2.39374955283391e-05
0.01781148964129694,0.01781148964129694,3.055689729468197,0.003000741086633437,-0.00022980036259941466,-0.00013729567344484612,2.1205175761826982e-05
0.01781148964129694,0.01781148964129694,3.067961575771282,0.002998459470184035,-0.00022998092861956613,-0.00011768184012536913,1.8370734470603137e-05
0.01781148964129694,0.01781148964129694,3.0802334220743677,0.0029962413513672146,-0.00023011815820435751,-9.806800978431683e-05,1.544749198234169e-05
0.01781148964129694,0.01781148964129694,3.0925052683774528,0.002994875915045055,-0.00023021936338117897,-7.845421943926356e-05,1.2449316583414185e-05
0.01781148964129694,0.01781148964129694,3.104777114680538,0.0029935104787228955,-0.0002302909408222568,-5.884042909421029e-05,9.390563548969543e-06
0.01781148964129694,0.01781148964129694,3.117048960983623,0.0029926320493231487,-0.00023033813724244957,-3.922683743983338e-05,6.285998725258945e-06
0.01781148964129694,0.01781148964129694,3.129320807286708,0.0029921774963188354,-0.00023036485174532837,-1.9613418719934048e-05,3.1507086637234965e-06
0.01781148964129694,0.01781148964129694,0.0,0.0029917229433145216,-0.00023037348617413928,-3.4717316315965895e-17,0.0
0.01781148964129694,0.01781148964129694,0.01227184630308513,0.0029921774963188397,-0.00023036485174532837,1.961341871986509e-05,-3.1507086637260664e-06
0.01781148964129694,0.01781148964129694,0.02454369260617026,0.002992632049323158,-0.00023033813724244957,3.92268374397649e-05,-6.285998725261631e-06
0.01781148964129694,0.01781148964129694,0.03681553890925539,0.0029935104787229046,-0.0002302909408222568,5.884042909414221e-05,-9.390563548969543e-06
0.01781148964129694,0.01781148964129694,0.04908738521234052,0.002994875915045059,-0.00023021936338117897,7.84542194391958e-05,-1.2449316583414185e-05
0.01781148964129694,0.01781148964129694,0.06135923151542565,0.0029962413513672133,-0.00023011815820435751,9.806800978424938e-05,-1.5447491982342896e-05
0.01781148964129694,0.01781148964129694,0.07363107781851078,0.002998459470184036,-0.00022998092861956613,0.00011768184012530095,-1.8370734470571468e-05
0.01781148964129694,0.01781148964129694,0.0859029241215959,0.003000741086633441,-0.00022980036259941466,0.00013729567344477792,-2.1205175761821612e-05
0.01781148964129694,0.01781148964129694,0.09817477042468103,0.0030033889964956,-0.00022956849104874974,0.00015690883995968542,-2.39374955283391e-05
0.01781148964129694,0.01781148964129694,0.11044661672776616,0.0030065955038122115,-0.0002292769554731376,0.00017652098959762446,-2.6554965734554653e-05
0.01781148964129694,0.01781148964129694,0.1227184630308513,0.003009802011128823,-0.00022891727045793887,0.0001961331392355635,-2.9045477997367667e-05
0.01781148964129694,0.01781148964129694,0.1349903093339364,0.003013815498475251,-0.00022848106643637037,0.00021574055054561744,-3.1397554528108874e-05
0.01781148964129694,0.01781148964129694,0.14726215563702155,0.003017958844677052,-0.00022796030001369637,0.00023534719936612667,-3.3600344039691596e-05
0.01781148964129694,0.01781148964129694,0.1595340019401067,0.0030224131670119414,-0.00022734742091522932,0.00025494989713139877,-3.5643604780408036e-05
0.01781148964129694,0.01781148964129694,0.1718058482431918,0.003027508288651376,-0.0002266354872257879,0.0002745444533283033,-3.751767750079876e-05
0.01781148964129694,0.01781148964129694,0.18407769454627693,0.003032603410290811,-0.00022581822428110156,0.0002941390095252078,-3.921345165876472e-05
0.01781148964129694,0.01781148964129694,0.19634954084936207,0.0030384663563839966,-0.00022489002536560455,0.00031371603582258087,-4.0722328486070024e-05
0.01781148964129694,0.01781148964129694,0.2086213871524472,0.0030445308563962913,-0.00022384589675456443,0.0003332884605213269,-4.2036184663094734e-05
0.01781148964129694,0.01781148964129694,0.22089323345553233,0.0030508500149791415,-0.00022268135221352933,0.0003528515473819266,-4.314734026946428e-05
0.01781148964129694,0.01781148964129694,0.23316507975861744,0.0030579037655924404,-0.00022139226598997822,0.0003723876981709505,-4.404853441527345e-05
0.01781148964129694,0.01781148964129694,0.2454369260617026,0.0030649575162057393,-0.00021997469531219655,0.00039192384895997434,-4.4732911466885574e-05
0.01781148964129694,0.01781148964129694,0.25770877236478773,0.003072741930669133,-0.000218424685882752,0.0004114201348912767,-4.5194020216236144e-05
0.01781148964129694,0.01781148964129694,0.2699806186678728,0.0030808065997599606,-0.00021673807457710858,0.0004309011301922201,-4.542582754781479e-05
0.01781148964129694,0.01781148964129694,0.28225246497095796,0.003089065751770696,-0.00021491030396672634,0.00045036719164149376,-4.542274736685016e-05
0.01781148964129694,0.01781148964129694,0.2945243112740431,0.0030981642511199816,-0.00021293626304387712,0.00046976880173092944,-4.5179684658842345e-05
0.01781148964129694,0.01781148964129694,0.30679615757712825,0.003107262750469267,-0.00021081016653306059,0.0004891704118203652,-4.4692093691612714e-05
0.01781148964129694,0.01781148964129694,0.3190680038802134,0.0031170521945520033,-0.00020852548341750805,0.0005085004422463999,-4.395604854187834e-05
0.01781148964129694,0.01781148964129694,0.3313398501832985,0.00312720804872066,-0.00020607492238441987,0.000527792513760025,-4.296832341020997e-05
0.01781148964129694,0.01781148964129694,0.3436116964863836,0.00313749231249709,-0.00020345047841766007,0.0005470672209586102,-4.172647956217524e-05
0.01781148964129694,0.01781148964129694,0.35588354278946877,0.0031487289475311646,-0.00020064354161675936,0.0005662131428206483,-4.022895531668655e-05
0.01781148964129694,0.01781148964129694,0.36815538909255385,0.0031599655825652394,-0.00019764506490876763,0.0005853590646826863,-3.847515522159374e-05
0.01781148964129694,0.01781148964129694,0.380427235395639,0.003171846729449506,-0.0001944457847968717,0.0006043941705457019,-3.64655344926244e-05
0.01781148964129694,0.01781148964129694,0.39269908169872414,0.0031841866813796717,-0.0001910364851883609,0.0006233503904433114,-3.4201674934440815e-05
0.01781148964129694,0.01781148964129694,0.4049709280018093,0.003196582281439803,-0.0001874082923208589,0.0006422946985503873,-3.168634885137008e-05
0.01781148964129694,0.01781148964129694,0.4172427743048944,0.003210046325595284,-0.00018355298651065883,0.0006610103002792168,-2.8923567980242433e-05
0.01781148964129694,0.01781148964129694,0.4295146206079795,0.003223510369750765,-0.00017946331533636998,0.0006797259020080463,-2.591861506384954e-05
0.01781148964129694,0.01781148964129694,0.44178646691106466,0.0032375624563663148,-0.00017513329288181164,0.0006982874351861294,-2.2678056495316782e-05
0.01781148964129694,0.01781148964129694,0.4540583132141498,0.003252168659915392,-0.0001705584697451105,0.0007167037883837015,-1.9209735186616177e-05
0.01781148964129694,0.01781148964129694,0.4663301595172349,0.0032667748634644693,-0.00016573616020813914,0.0007351201415812734,-1.5522743745483567e-05
0.01781148964129694,0.01781148964129694,0.47860200582032003,0.003282514664398913,-0.000160665615527689,0.0007531778812029726,-1.1627378807024984e-05
0.01781148964129694,0.01781148964129694,0.4908738521234052,0.0032982773662906363,-0.00015534813448026365,0.0007712283761059672,-7.535078150099423e-06
0.01781148964129694,0.01781148964129694,0.5031456984264903,0.003314559583270041,-0.0001497871061134745,0.00078908255781411,-3.2583429200769543e-06
0.01781148964129694,0.01781148964129694,0.5154175447295755,0.0033314883079141157,-0.0001439879833969564,0.0008066924386575485,1.1893522352782605e-06
0.01781148964129694,0.01781148964129694,0.5276893910326605,0.00334841703255819,-0.00013795818966918914,0.0008243023195009868,5.7936578966833225e-06
0.01781148964129694,0.01781148964129694,0.5399612373357456,0.0033664111253660844,-0.0001317069638808666,0.0008414352856427796,1.05394540669743e-05
0.01781148964129694,0.01781148964129694,0.5522330836388308,0.0033845094389726134,-0.00012524515359081767,0.0008585215970854986,1.5410956413863925e-05
0.01781148964129694,0.01781148964129694,0.5645049299419159,0.003403046448625959,-0.00011858496735052511,0.0008753766540650898,2.0391821314342205e-05
0.01781148964129694,0.01781148964129694,0.5767767762450011,0.003422310770146396,-0.0001117397006233392,0.000891848315487391,2.546524680597028e-05
0.01781148964129694,0.01781148964129694,0.5890486225480862,0.0034415750916668326,-0.00010472344974764407,0.000908319976909692,3.061406701920498e-05
0.01781148964129694,0.01781148964129694,0.6013204688511713,0.0034618106522591122,-9.755082969779914e-05,0.0009241910511840802,3.58208383156263e-05
0.01781148964129694,0.01781148964129694,0.6135923151542565,0.003482229034323739,-9.023671027020078e-05,0.0009399490737600378,4.1067916044323056e-05
0.01781148964129694,0.01781148964129694,0.6258641614573416,0.0035029950206323943,-8.279598445102181e-05,0.0009554553635720787,4.63375215531863e-05
0.01781148964129694,0.01781148964129694,0.6381360077604268,0.0035245459197501467,-7.524337970914993e-05,0.0009703932245623726,5.161179989866796e-05
0.01781148964129694,0.01781148964129694,0.6504078540635119,0.003546096818867899,-6.759332131839817e-05,0.0009853310855526662,5.687286937421842e-05
0.01781148964129694,0.01781148964129694,0.662679700366597,0.0035684973468224383,-5.985985245805975e-05,0.0009995478918673089,6.210286462101061e-05
0.01781148964129694,0.01781148964129694,0.6749515466696822,0.0035911484063570562,-5.205661268927184e-05,0.0010135520794955417,6.728397563311351e-05
0.01781148964129694,0.01781148964129694,0.6872233929727672,0.0036140503524970374,-4.41968728232228e-05,0.0010273059430427342,7.239848531120769e-05
0.01781148964129694,0.01781148964129694,0.6994952392758523,0.003637757226495893,-3.6293620266468416e-05,0.001040256683496589,7.742880846971345e-05
0.01781148964129694,0.01781148964129694,0.7117670855789375,0.003661464100494749,-2.8359685982665532e-05,0.0010532074239504438,8.235753519002523e-05
0.01781148964129694,0.01781148964129694,0.7240389318820226,0.003685872803685092,-2.0407901378216377e-05,0.0010653296682025784,8.716748130026935e-05
0.01781148964129694,0.01781148964129694,0.7363107781851077,0.0037105780544211342,-1.2451271256937888e-05,0.0010771018436370847,9.184174838375718e-05
0.01781148964129694,0.01781148964129694,0.7485826244881929,0.003735439310661759,-4.503148090355891e-06,0.001088653875365684,9.63637952345478e-05
0.01781148964129694,0.01781148964129694,0.760854470791278,0.003761071417630909,3.4226080745267104e-06,0.0010991181381945073,0.0001007175220443469
0.01781148964129694,0.01781148964129694,0.7731263170943632,0.0037867035246000593,1.1311498578092981e-05,0.0011095824010233309,0.00010488736781589748
0.01781148964129694,0.01781148964129694,0.7853981633974483,0.003812868172381167,1.914829758905747e-05,0.001119134075407813,0.00010885842068633933
0.01781148964129694,0.01781148964129694,0.7976700097005334,0.003839340695319188,2.6917017236338045e-05,0.0011281581595979104,0.0001126165399808467
0.01781148964129694,0.01781148964129694,0.8099418560036186,0.0038658863291593983,3.46009346765033e-05,0.0011370264160992763,0.00011614848793772808
0.01781148964129694,0.01781148964129694,0.8222137023067037,0.0038930972722095287,4.218268615728116e-05,0.0011444766406331838,0.00011944206826322095
0.01781148964129694,0.01781148964129694,0.8344855486097889,0.003920308215259659,4.964442916451045e-05,0.0011519268651670913,0.00012248626795204114
0.01781148964129694,0.01781148964129694,0.8467573949128739,0.0039478693331225,5.696807005037779e-05,0.0011584135801414044,0.00012527139822890335
0.01781148964129694,0.01781148964129694,0.859029241215959,0.00397570076136708,6.413555069407913e-05,0.001164156533350417,0.00012778923003872714
0.01781148964129694,0.01781148964129694,0.8713010875190442,0.004003546641135948,7.112918416130733e-05,0.0011698448756602654,0.00013003311929829552
0.01781148964129694,0.01781148964129694,0.8835729338221293,0.004031864604031549,7.793202650415216e-05,0.0011737492619307557,0.00013199811705888828
0.01781148964129694,0.01781148964129694,0.8958447801252144,0.00406018256692715,8.452826930499705e-05,0.0011776536482012462,0.00013368105991396582
0.01781148964129694,0.01781148964129694,0.9081166264282996,0.004088667290029376,9.090363603467929e-05,0.0011805848841961787,0.0001350806363664177
0.01781148964129694,0.01781148964129694,0.9203884727313847,0.00411732210854236,9.704576458181685e-05,0.0011825235069100415,0.0001361974254032843
0.01781148964129694,0.01781148964129694,0.9326603190344698,0.004145976927055342,0.00010294455844994851,0.0011844621296239046,0.00013703390429728113
0.01781148964129694,0.01781148964129694,0.944932165337555,0.004174797084034701,0.00010859249013318476,0.0011843966211646955,0.0001375944234867804
0.01781148964129694,0.01781148964129694,0.9572040116406401,0.004203624059095147,0.00011398484217533653,0.0011842484681210302,0.00013788514740741475
0.01781148964129694,0.01781148964129694,0.9694758579437253,0.004232448319524409,0.00011911987382818515,0.0011831639128888562,0.00013791396116758783
0.01781148964129694,0.01781148964129694,0.9817477042468103,0.004261268918358121,0.0001239989046106689,0.00118081630354195,0.00013769034403736508
0.01781148964129694,0.01781148964129694,0.9940195505498954,0.004290089517191833,0.000128626309639063,0.0011784686941950437,0.00013722521182504702
0.01781148964129694,0.01781148964129694,1.0062913968529805,0.0043187345488057615,0.000133009425312813,0.0011740701166481331,0.0001365307311418909
0.01781148964129694,0.01781148964129694,1.0185632431560658,0.004347358122203939,0.00013715836795749796,0.001169420865210111,0.00013562010954435311
0.01781148964129694,0.01781148964129694,1.030835089459151,0.0043758400136780186,0.00014108577177744316,0.0011639193039478578,0.0001345073662819601
0.01781148964129694,0.01781148964129694,1.043106935762236,0.004404066090566923,0.00014480645558090217,0.0011568788499474096,0.00013320708900142354
0.01781148964129694,0.01781148964129694,1.055378782065321,0.004432292167455826,0.00014833703086264625,0.0011498383959469612,0.00013173418223654201
0.01781148964129694,0.01781148964129694,1.0676506283684062,0.004460021162948546,0.0001516954659253406,0.0011407713562203256,0.00013010361371727555
0.01781148964129694,0.01781148964129694,1.0799224746714913,0.00448764235765655,0.00015490062217109145,0.001131264815974758,0.00012833016464390283
0.01781148964129694,0.01781148964129694,1.0921943209745766,0.004515029357586008,0.0001579717792734996,0.0011210334596696808,0.00012642818987657398
0.01781148964129694,0.01781148964129694,1.1044661672776617,0.004541834908410104,0.00016092816619411968,0.0011090025600444435,0.00012441139369700197
0.01781148964129694,0.01781148964129694,1.1167380135807468,0.004568640459234199,0.00016378851353080506,0.0010969716604192065,0.00012229262627623186
0.01781148964129694,0.01781148964129694,1.1290098598838318,0.004594674257851641,0.0001665706417119769,0.0010830112421008795,0.0001200837053533665
0.01781148964129694,0.01781148964129694,1.141281706186917,0.004620454190611631,0.00016929109691625897,0.0010684161136861414,0.00011779526683181084
0.01781148964129694,0.01781148964129694,1.1535535524900022,0.004645966189774528,0.00017196484415236531,0.0010532581251358776,0.00011543664714889218
0.01781148964129694,0.01781148964129694,1.1658253987930873,0.00467051606374786,0.000174605024210682,0.0010360789570080455,0.00011301579934628376
0.01781148964129694,0.01781148964129694,1.1780972450961724,0.004695065937721191,0.00017722277766024525,0.0010188997888802133,0.0001105392438227861
0.01781148964129694,0.01781148964129694,1.1903690913992575,0.004718643162826477,0.0001798271365541657,0.0009999565168848548,0.00010801205378167419
0.01781148964129694,0.01781148964129694,1.2026409377023426,0.004741769304398758,0.00018242498135441894,0.0009801951097625275,0.00010543787450815316
0.01781148964129694,0.01781148964129694,1.214912784005428,0.004764657661027479,0.00018502105809790065,0.000960053906178976,0.00010281897474705441
0.01781148964129694,0.01781148964129694,1.227184630308513,0.004786182717313127,0.0001876180489840196,0.0009377352028844076,0.00010015632768743183
0.01781148964129694,0.01781148964129694,1.239456476611598,0.004807707773598776,0.00019021668754986684,0.0009154164995898392,9.744971844407647e-05
0.01781148964129694,0.01781148964129694,1.2517283229146832,0.004828154575788526,0.00019281590915733683,0.0008915584887579328,9.469787435899817e-05
0.01781148964129694,0.01781148964129694,1.2640001692177683,0.004847923121369565,0.00019541302656778876,0.0008667322038299589,9.189861408198523e-05
0.01781148964129694,0.01781148964129694,1.2762720155208536,0.004867542380401499,0.00019800392098292665,0.0008417133474459405,8.904901110786526e-05
0.01781148964129694,0.01781148964129694,1.2885438618239387,0.004885426183300088,0.00020058323924665786,0.0008144558478854096,8.614556733565206e-05
0.01781148964129694,0.01781148964129694,1.3008157081270237,0.004903309986198676,0.00020314458917880827,0.0007871983483248787,8.31843922050531e-05
0.01781148964129694,0.01781148964129694,1.3130875544301088,0.004920114809895793,0.00020568072653446778,0.000758674260453593,8.016138308083342e-05
0.01781148964129694,0.01781148964129694,1.325359400733194,0.004936017214624407,0.00020818372829196837,0.0007290908441769487,7.707240279788924e-05
0.01781148964129694,0.01781148964129694,1.337631247036279,0.004951899385046665,0.00021064514931894694,0.0006994857552535319,7.391345056767533e-05
0.01781148964129694,0.01781148964129694,1.3499030933393643,0.004965758124833298,0.00021305616077579813,0.0006677134016528783,7.068082285528882e-05
0.01781148964129694,0.01781148964129694,1.3621749396424494,0.00497961686461993,0.00021540767025838984,0.0006359410480522252,6.737126125511813e-05
0.01781148964129694,0.01781148964129694,1.3744467859455345,0.004992491327722573,0.00021769042520236188,0.0006032100485600227,6.398208489267859e-05
0.01781148964129694,0.01781148964129694,1.3867186322486196,0.005004278985319977,0.00021989510203932023,0.0005694205442292344,6.051130535731101e-05
0.01781148964129694,0.01781148964129694,1.3989904785517047,0.0050160666429173795,0.00022201238437042002,0.0005356310398984463,5.695772267457117e-05
0.01781148964129694,0.01781148964129694,1.41126232485479,0.005025910770820231,0.00022403303366940827,0.0005001414696673074,5.3321001326194634e-05
0.01781148964129694,0.01781148964129694,1.423534171157875,0.005035632149479216,0.00022594795615473899,0.00046454452685298924,4.960172576807199e-05
0.01781148964129694,0.01781148964129694,1.4358060174609601,0.005044527262258381,0.00022774826908680956,0.00042831535636405347,4.580143534949057e-05
0.01781148964129694,0.01781148964129694,1.4480778637640452,0.00505221320545732,0.00022942536904133805,0.00039116097464396985,4.192263891325834e-05
0.01781148964129694,0.01781148964129694,1.4603497100671303,0.0050598991486562606,0.0002309710038993643,0.00035400659292388623,3.796880970446682e-05
0.01781148964129694,0.01781148964129694,1.4726215563702154,0.005065852834122738,0.00023237734945069196,0.0003157486085433203,3.3944361517252304e-05
0.01781148964129694,0.01781148964129694,1.4848934026733007,0.005071550617878739,0.00023363709022450837,0.00027732759195154606,2.9854607249427398e-05
0.01781148964129694,0.01781148964129694,1.4971652489763858,0.005076596510912262,0.00023474350336786864,0.00023859096012867243,2.5705701250060006e-05
0.01781148964129694,0.01781148964129694,1.509437095279471,0.005080357795757375,0.00023569054349115883,0.00019923238064451315,2.1504566994062625e-05
0.01781148964129694,0.01781148964129694,1.521708941582556,0.005084119080602487,0.00023647292577076497,0.0001598738011603539,1.7258811746284035e-05
0.01781148964129694,0.01781148964129694,1.533980787885641,0.005086362200060278,0.00023708620397457599,0.00012005269820133753,1.2976629969280152e-05
0.01781148964129694,0.01781148964129694,1.5462526341887264,0.005088230463866878,0.00023752684025300867,8.011739191519522e-05,8.666697283958717e-06
0.01781148964129694,0.01781148964129694,1.5585244804918115,0.005089599290814288,0.00023779226327358985,4.01300306114036e-05,4.338056843804149e-06
0.01781148964129694,0.01781148964129694,1.5707963267948966,0.0050895992908142895,0.00023788091208837994,-2.1387667782938293e-17,2.1653280117739648e-20
0.01781148964129694,0.01781148964129694,1.5830681730979816,0.005089599290814291,0.00023779226327358985,-4.013003061144638e-05,-4.338056843804149e-06
0.01781148964129694,0.01781148964129694,1.5953400194010667,0.005088230463866882,0.00023752684025300867,-8.011739191523629e-05,-8.66669728396639e-06
0.01781148964129694,0.01781148964129694,1.607611865704152,0.005086362200060283,0.00023708620397457599,-0.00012005269820137627,-1.2976629969269457e-05
0.01781148964129694,0.01781148964129694,1.6198837120072371,0.005084119080602493,0.00023647292576968581,-0.00015987380116039092,-1.725881174627866e-05
0.01781148964129694,0.01781148964129694,1.6321555583103222,0.005080357795757381,0.00023569054349115883,-0.000199232380644551,-2.150456699403126e-05
0.01781148964129694,0.01781148964129694,1.6444274046134073,0.005076596510912268,0.00023474350336786864,-0.00023859096012871105,-2.570570125002833e-05
0.01781148964129694,0.01781148964129694,1.6566992509164924,0.005071550617878744,0.00023363709022492928,-0.0002773275919515861,-2.9854607249422024e-05
0.01781148964129694,0.01781148964129694,1.6689710972195777,0.005065852834122743,0.00023237734945069196,-0.00031574860854336205,-3.394436151714512e-05
0.01781148964129694,0.01781148964129694,1.6812429435226628,0.005059899148656265,0.000230971003898726,-0.0003540065929239295,-3.796880970446682e-05
0.01781148964129694,0.01781148964129694,1.6935147898257479,0.0050522132054573255,0.00022942536904133805,-0.00039116097464401365,-4.192263891317504e-05
0.01781148964129694,0.01781148964129694,1.705786636128833,0.005044527262258386,0.00022774826908723055,-0.0004283153563640978,-4.5801435349447793e-05
0.01781148964129694,0.01781148964129694,1.718058482431918,0.005035632149479224,0.00022594795615473899,-0.00046454452685303315,-4.960172576807199e-05
0.01781148964129694,0.01781148964129694,1.7303303287350031,0.005025910770820243,0.00022403303366940827,-0.0005001414696673502,-5.332100132625494e-05
0.01781148964129694,0.01781148964129694,1.7426021750380885,0.005016066642917396,0.00022201238437042002,-0.0005356310398984879,-5.695772267459112e-05
0.01781148964129694,0.01781148964129694,1.7548740213411735,0.005004278985319992,0.00021989510203932023,-0.0005694205442292762,-6.0511305357271116e-05
0.01781148964129694,0.01781148964129694,1.7671458676442586,0.004992491327722589,0.00021769042520473268,-0.0006032100485600644,-6.398208489286667e-05
0.01781148964129694,0.01781148964129694,1.7794177139473437,0.004979616864619947,0.00021540767025731065,-0.0006359410480522678,-6.7371261255077e-05
0.01781148964129694,0.01781148964129694,1.7916895602504288,0.004965758124833317,0.00021305616077880725,-0.000667713401652923,-7.068082285528882e-05
0.01781148964129694,0.01781148964129694,1.8039614065535141,0.0049518993850466856,0.00021064514931894694,-0.0006994857552535788,-7.391345056767533e-05
0.01781148964129694,0.01781148964129694,1.8162332528565992,0.004936017214624433,0.00020818372829162454,-0.0007290908441769951,-7.707240279782177e-05
0.01781148964129694,0.01781148964129694,1.8285050991596843,0.004920114809895823,0.00020568072653446778,-0.000758674260453639,-8.016138308083342e-05
0.01781148964129694,0.01781148964129694,1.8407769454627694,0.004903309986198711,0.00020314458917846444,-0.0007871983483249251,-8.318439220494578e-05
0.01781148964129694,0.01781148964129694,1.8530487917658545,0.004885426183300128,0.00020058323924665786,-0.0008144558478854574,-8.614556733561216e-05
0.01781148964129694,0.01781148964129694,1.8653206380689396,0.004867542380401544,0.00019800392098258288,-0.0008417133474459897,-8.904901110784374e-05
0.01781148964129694,0.01781148964129694,1.8775924843720249,0.004847923121369612,0.00019541302656820973,-0.0008667322038300088,-9.189861408202513e-05
0.01781148964129694,0.01781148964129694,1.88986433067511,0.004828154575788574,0.00019281590915733683,-0.0008915584887579832,-9.469787435899817e-05
0.01781148964129694,0.01781148964129694,1.902136176978195,0.004807707773598827,0.0001902166875481493,-0.0009154164995898906,-9.74497184441572e-05
0.01781148964129694,0.01781148964129694,1.9144080232812801,0.004786182717313182,0.00018761804898367575,-0.0009377352028844605,-0.00010015632768743183
0.01781148964129694,0.01781148964129694,1.9266798695843652,0.004764657661027537,0.00018502105810133082,-0.0009600539061790305,-0.00010281897474690136
0.01781148964129694,0.01781148964129694,1.9389517158874505,0.004741769304398816,0.00018242498135378061,-0.0009801951097625824,-0.00010543787450814838
0.01781148964129694,0.01781148964129694,1.9512235621905356,0.004718643162826535,0.00017982713655717488,-0.00099995651688491,-0.00010801205378167419
0.01781148964129694,0.01781148964129694,1.9634954084936207,0.004695065937721248,0.00017722277765887644,-0.0010188997888802686,-0.00011053924382279966
0.01781148964129694,0.01781148964129694,1.9757672547967058,0.004670516063747915,0.000174605024210682,-0.0010360789570081003,-0.00011301579934620398
0.01781148964129694,0.01781148964129694,1.9880391010997909,0.004645966189774584,0.00017196484415236531,-0.0010532581251359323,-0.00011543664714884922
0.01781148964129694,0.01781148964129694,2.000310947402876,0.004620454190611685,0.00016929109691667997,-0.001068416113686196,-0.00011779526683186346
0.01781148964129694,0.01781148964129694,2.012582793705961,0.004594674257851691,0.0001665706417136173,-0.0010830112421009348,-0.00012008370535341914
0.01781148964129694,0.01781148964129694,2.024854640009046,0.0045686404592342475,0.00016378851352972582,-0.0010969716604192624,-0.00012229262627618884
0.01781148964129694,0.01781148964129694,2.0371264863121317,0.004541834908410154,0.00016092816619317182,-0.0011090025600445008,-0.00012441139369704496
0.01781148964129694,0.01781148964129694,2.0493983326152168,0.004515029357586061,0.00015797177927550667,-0.0011210334596697387,-0.00012642818987657398
0.01781148964129694,0.01781148964129694,2.061670178918302,0.004487642357656605,0.00015490062217109145,-0.0011312648159748158,-0.0001283301646437317
0.01781148964129694,0.01781148964129694,2.073942025221387,0.004460021162948599,0.0001516954659253406,-0.0011407713562203838,-0.00013010361371684678
0.01781148964129694,0.01781148964129694,2.086213871524472,0.004432292167455878,0.00014833703086264625,-0.0011498383959470196,-0.00013173418223654201
0.01781148964129694,0.01781148964129694,2.098485717827557,0.004404066090566975,0.00014480645558327307,-0.0011568788499474684,-0.00013320708900147615
0.01781148964129694,0.01781148964129694,2.110757564130642,0.004375840013678071,0.00014108577177744316,-0.0011639193039479172,-0.00013450736628233624
0.01781148964129694,0.01781148964129694,2.1230294104337273,0.004347358122203993,0.00013715836795749796,-0.0011694208652101713,-0.00013562010954397698
0.01781148964129694,0.01781148964129694,2.1353012567368124,0.004318734548805819,0.00013300942531109544,-0.0011740701166481945,-0.00013653073114168582
0.01781148964129694,0.01781148964129694,2.1475731030398975,0.004290089517191893,0.0001286263096374226,-0.001178468694195106,-0.0001372252118252249
0.01781148964129694,0.01781148964129694,2.1598449493429825,0.004261268918358178,0.00012399890461059176,-0.0011808163035420128,-0.000137690344037151
0.01781148964129694,0.01781148964129694,2.172116795646068,0.004232448319524463,0.0001191198738306332,-0.00118316391288892,-0.00013791396116776575
0.01781148964129694,0.01781148964129694,2.184388641949153,0.004203624059095199,0.00011398484217533653,-0.0011842484681210941,-0.00013788514740741475
0.01781148964129694,0.01781148964129694,2.1966604882522383,0.0041747970840347514,0.00010859249013146722,-0.0011843966211647597,-0.0001375944234867804
0.01781148964129694,0.01781148964129694,2.2089323345553233,0.004145976927055392,0.00010294455844857972,-0.0011844621296239687,-0.00013703390429708283
0.01781148964129694,0.01781148964129694,2.2212041808584084,0.00411732210854241,9.70457645822378e-05,-0.0011825235069101061,-0.0001361974254032843
0.01781148964129694,0.01781148964129694,2.2334760271614935,0.004088667290029428,9.090363603433546e-05,-0.0011805848841962437,-0.0001350806363664177
0.01781148964129694,0.01781148964129694,2.2457478734645786,0.004060182566927202,8.45282693032795e-05,-0.0011776536482013117,-0.000133681059913886
0.01781148964129694,0.01781148964129694,2.2580197197676637,0.0040318646040315995,7.793202650285561e-05,-0.0011737492619308214,-0.00013199811705875335
0.01781148964129694,0.01781148964129694,2.270291566070749,0.004003546641135997,7.112918416130733e-05,-0.0011698448756603313,-0.00013003311929821572
0.01781148964129694,0.01781148964129694,2.282563412373834,0.003975700761367129,6.413555069506127e-05,-0.0011641565333504827,-0.000127789230038657
0.01781148964129694,0.01781148964129694,2.2948352586769194,0.003947869333122548,5.696807004694763e-05,-0.0011584135801414699,-0.00012527139822915423
0.01781148964129694,0.01781148964129694,2.3071071049800045,0.0039203082152597084,4.964442916451045e-05,-0.0011519268651671573,-0.00012248626795204114
0.01781148964129694,0.01781148964129694,2.3193789512830896,0.003893097272209577,4.218268615728116e-05,-0.0011444766406332515,-0.00011944206826322095
0.01781148964129694,0.01781148964129694,2.3316507975861747,0.0038658863291594456,3.46009346765033e-05,-0.001137026416099346,-0.00011614848793772808
0.01781148964129694,0.01781148964129694,2.3439226438892597,0.0038393406953192324,2.6917017236338045e-05,-0.0011281581595979791,-0.0001126165399808467
0.01781148964129694,0.01781148964129694,2.356194490192345,0.003812868172381208,1.914829758905747e-05,-0.0011191340754078804,-0.00010885842068633933
0.01781148964129694,0.01781148964129694,2.36846633649543,0.0037867035246000966,1.1311498578934915e-05,-0.0011095824010233972,-0.00010488736781589748
0.01781148964129694,0.01781148964129694,2.380738182798515,0.0037610714176309437,3.422608072562417e-06,-0.0010991181381945735,-0.0001007175220443469
0.01781148964129694,0.01781148964129694,2.3930100291016,0.0037354393106617907,-4.5031480925143266e-06,-0.0010886538753657495,-9.636379523417164e-05
0.01781148964129694,0.01781148964129694,2.405281875404685,0.0037105780544211646,-1.245127125953102e-05,-0.0010771018436371504,-9.184174838389207e-05
0.01781148964129694,0.01781148964129694,2.4175537217077703,0.0036858728036851213,-2.040790138380007e-05,-0.0010653296682026443,-8.716748130052022e-05
0.01781148964129694,0.01781148964129694,2.429825568010856,0.0036614641004947767,-2.8359685982665532e-05,-0.00105320742395051,-8.235753518995508e-05
0.01781148964129694,0.01781148964129694,2.442097414313941,0.003637757226495921,-3.6293620266468416e-05,-0.0010402566834966562,-7.742880846971345e-05
0.01781148964129694,0.01781148964129694,2.454369260617026,0.003614050352497066,-4.41968728232228e-05,-0.0010273059430428025,-7.239848531120769e-05
0.01781148964129694,0.01781148964129694,2.466641106920111,0.0035911484063570853,-5.205661268927184e-05,-0.0010135520794956104,-6.728397563311351e-05
0.01781148964129694,0.01781148964129694,2.478912953223196,0.0035684973468224678,-5.985985245805975e-05,-0.0009995478918673776,-6.210286462101061e-05
0.01781148964129694,0.01781148964129694,2.4911847995262812,0.003546096818867928,-6.759332131967481e-05,-0.0009853310855527351,-5.68728693745123e-05
0.01781148964129694,0.01781148964129694,2.5034566458293663,0.0035245459197501753,-7.524337971042656e-05,-0.0009703932245624422,-5.1611799898866204e-05
0.01781148964129694,0.01781148964129694,2.5157284921324514,0.003502995020632422,-8.279598445102181e-05,-0.0009554553635721491,-4.63375215531863e-05
0.01781148964129694,0.01781148964129694,2.5280003384355365,0.003482229034323766,-9.023671027151726e-05,-0.0009399490737601083,-4.106791604427044e-05
0.01781148964129694,0.01781148964129694,2.5402721847386216,0.0034618106522591383,-9.755082969178076e-05,-0.0009241910511841507,-3.58208383156263e-05
0.01781148964129694,0.01781148964129694,2.552544031041707,0.003441575091666857,-0.00010472344974764407,-0.0009083199769097618,-3.061406701903388e-05
0.01781148964129694,0.01781148964129694,2.564815877344792,0.0034223107701464215,-0.0001117397006293576,-0.0008918483154874607,-2.546524680597028e-05
0.01781148964129694,0.01781148964129694,2.5770877236478773,0.0034030464486259856,-0.00011858496735121277,-0.0008753766540651596,-2.0391821314342205e-05
0.01781148964129694,0.01781148964129694,2.5893595699509624,0.0033845094389726394,-0.00012524515359081767,-0.0008585215970855683,-1.5410956413863925e-05
0.01781148964129694,0.01781148964129694,2.6016314162540475,0.0033664111253661087,-0.0001317069638808666,-0.0008414352856428495,-1.0539454066598152e-05
0.01781148964129694,0.01781148964129694,2.6139032625571326,0.003348417032558213,-0.0001379581896683472,-0.0008243023195010568,-5.793657896630703e-06
0.01781148964129694,0.01781148964129694,2.6261751088602177,0.0033314883079141365,-0.00014398798339093803,-0.0008066924386576177,-1.1893522348924699e-06
0.01781148964129694,0.01781148964129694,2.6384469551633027,0.00331455958327006,-0.0001497871061134745,-0.0007890825578141788,3.2583429196481832e-06
0.01781148964129694,0.01781148964129694,2.650718801466388,0.0032982773662906537,-0.00015534813447682863,-0.0007712283761060362,7.535078150181705e-06
0.01781148964129694,0.01781148964129694,2.662990647769473,0.0032825146643989285,-0.00016066561552969315,-0.0007531778812030424,1.1627378806826714e-05
0.01781148964129694,0.01781148964129694,2.675262494072558,0.003266774863464483,-0.00016573616020813914,-0.0007351201415813441,1.5522743745401286e-05
0.01781148964129694,0.01781148964129694,2.6875343403756435,0.0032521686599154055,-0.00017055846974237292,-0.0007167037883837719,1.92097351862672e-05
0.01781148964129694,0.01781148964129694,2.6998061866787286,0.0032375624563663287,-0.00017513329288181164,-0.0006982874351862001,2.267805649548788e-05
0.01781148964129694,0.01781148964129694,2.7120780329818137,0.003223510369750779,-0.0001794633153370577,-0.0006797259020081173,2.5918615064182702e-05
0.01781148964129694,0.01781148964129694,2.724349879284899,0.003210046325595299,-0.00018355298651065883,-0.0006610103002792879,2.8923567980242433e-05
0.01781148964129694,0.01781148964129694,2.736621725587984,0.003196582281439819,-0.0001874082923208589,-0.0006422946985504584,3.1686348851568354e-05
0.01781148964129694,0.01781148964129694,2.748893571891069,0.0031841866813796865,-0.000191036485187519,-0.0006233503904433832,3.420167493441932e-05
0.01781148964129694,0.01781148964129694,2.761165418194154,0.00317184672944952,-0.0001944457847968717,-0.0006043941705457744,3.646553449273175e-05
0.01781148964129694,0.01781148964129694,2.773437264497239,0.003159965582565253,-0.00019764506490876763,-0.0005853590646827593,3.8475155221661195e-05
0.01781148964129694,0.01781148964129694,2.7857091108003242,0.0031487289475311776,-0.00020064354161803593,-0.000566213142820721,4.0228955316839546e-05
0.01781148964129694,0.01781148964129694,2.7979809571034093,0.003137492312497102,-0.0002034504784168181,-0.0005470672209586828,4.1726479562201554e-05
0.01781148964129694,0.01781148964129694,2.8102528034064944,0.0031272080487206744,-0.00020607492238441987,-0.0005277925137600976,4.2968323410183656e-05
0.01781148964129694,0.01781148964129694,2.82252464970958,0.0031170521945520194,-0.00020852548341750805,-0.0005085004422464717,4.395604854181909e-05
0.01781148964129694,0.01781148964129694,2.834796496012665,0.003107262750469284,-0.00021081016653306059,-0.000489170411820437,4.469209369174155e-05
0.01781148964129694,0.01781148964129694,2.84706834231575,0.003098164251119997,-0.00021293626304387712,-0.000469768801731002,4.5179684658842345e-05
0.01781148964129694,0.01781148964129694,2.859340188618835,0.0030890657517707097,-0.00021491030396672634,-0.0004503671916415669,4.542274736670199e-05
0.01781148964129694,0.01781148964129694,2.8716120349219203,0.0030808065997599736,-0.00021673807457710858,-0.0004309011301922931,4.542582754800288e-05
0.01781148964129694,0.01781148964129694,2.8838838812250054,0.0030727419306691463,-0.00021842468588491039,-0.0004114201348913494,4.5194020216236144e-05
0.01781148964129694,0.01781148964129694,2.8961557275280905,0.003064957516205752,-0.00021997469531219655,-0.00039192384896004676,4.4732911466885574e-05
0.01781148964129694,0.01781148964129694,2.9084275738311756,0.0030579037655924517,-0.00022139226598997822,-0.0003723876981710224,4.4048534415192427e-05
0.01781148964129694,0.01781148964129694,2.9206994201342606,0.0030508500149791515,-0.00022268135221626689,-0.00035285154738199807,4.314734026933759e-05
0.01781148964129694,0.01781148964129694,2.9329712664373457,0.0030445308563962995,-0.00022384589674923373,-0.0003332884605213979,4.2036184663094734e-05
0.01781148964129694,0.01781148964129694,2.945243112740431,0.003038466356384003,-0.00022489002536476261,-0.00031371603582265156,4.0722328485944575e-05
0.01781148964129694,0.01781148964129694,2.9575149590435164,0.003032603410290816,-0.00022581822428110156,-0.0002941390095252775,3.921345165876472e-05
0.01781148964129694,0.01781148964129694,2.9697868053466014,0.0030275082886513796,-0.0002266354872257879,-0.0002745444533283729,3.751767750076915e-05
0.01781148964129694,0.01781148964129694,2.9820586516496865,0.0030224131670119436,-0.00022734742091522932,-0.0002549498971314682,3.5643604780408036e-05
0.01781148964129694,0.01781148964129694,2.9943304979527716,0.0030179588446770543,-0.00022796030001369637,-0.00023534719936619582,3.3600344039702336e-05
0.01781148964129694,0.01781148964129694,3.0066023442558567,0.0030138154984752545,-0.00022848106643637037,-0.00021574055054568615,3.139755452805536e-05
0.01781148964129694,0.01781148964129694,3.018874190558942,0.0030098020111288264,-0.00022891727045793887,-0.00019613313923563181,2.904547799746171e-05
0.01781148964129694,0.01781148964129694,3.031146036862027,0.0030065955038122115,-0.00022927695547529602,-0.00017652098959769272,2.6554965734554653e-05
0.01781148964129694,0.01781148964129694,3.043417883165112,0.003003388996495596,-0.00022956849104874974,-0.00015690883995975364,2.39374955283391e-05
0.01781148964129694,0.01781148964129694,3.055689729468197,0.003000741086633437,-0.00022980036259941466,-0.00013729567344484612,2.1205175761826982e-05
0.01781148964129694,0.01781148964129694,3.067961575771282,0.002998459470184035,-0.00022998092861956613,-0.00011768184012536913,1.8370734470603137e-05
0.01781148964129694,0.01781148964129694,3.0802334220743677,0.0029962413513672146,-0.00023011815820435751,-9.806800978431683e-05,1.544749198234169e-05
0.01781148964129694,0.01781148964129694,3.0925052683774528,0.002994875915045055,-0.00023021936338117897,-7.845421943926356e-05,1.2449316583414185e-05
0.01781148964129694,0.01781148964129694,3.104777114680538,0.0029935104787228955,-0.0002302909408222568,-5.884042909421029e-05,9.390563548969543e-06
0.01781148964129694,0.01781148964129694,3.117048960983623,0.0029926320493231487,-0.00023033813724244957,-3.922683743983338e-05,6.285998725258945e-06
0.01781148964129694,0.01781148964129694,3.129320807286708,0.0029921774963188354,-0.00023036485174532837,-1.9613418719934048e-05,3.1507086637234965e-06
